ts=2026-09-15T01:27:13.286Z level=info event=startup mode=terminal platform=macOS mqtt_host=127.0.0.1 mqtt_port=3333 udp_port=3334 stale_window_ms=500
ts=2026-09-15T01:27:14.167Z level=warning event=stale_data groups=robot3.modules:11,robot3.position:3 robots=1
ts=2026-09-15T01:27:15.160Z level=warning event=stale_data groups=robot3.modules:11,robot3.position:3 robots=1
ts=2026-09-15T01:27:15.660Z level=warning event=stale_data groups=event:3 robots=1
ts=2026-09-15T01:27:16.160Z level=warning event=stale_data groups=event:3,robot3.modules:11,robot3.position:3 robots=1
ts=2026-09-15T01:27:16.410Z level=warning event=stale_data groups=robot3.modules:11,robot3.position:3 robots=1
ts=2026-09-15T01:27:17.160Z level=warning event=stale_data groups=robot3.modules:11,robot3.position:3 robots=1
ts=2026-09-15T01:27:17.410Z level=warning event=stale_data groups=event:3,robot3.modules:11,robot3.position:3 robots=1
ts=2026-09-15T01:27:17.660Z level=warning event=stale_data groups=event:3 robots=1
ts=2026-09-15T01:27:18.160Z level=warning event=stale_data groups=event:3,robot3.modules:11,robot3.position:3 robots=1
ts=2026-09-15T01:27:18.660Z level=warning event=stale_data groups=event:3 robots=1
ts=2026-09-15T01:27:19.160Z level=warning event=stale_data groups=event:3,robot3.modules:11,robot3.position:3 robots=1
ts=2026-09-15T01:27:19.660Z level=warning event=stale_data groups=event:3 robots=1
ts=2026-09-15T01:27:20.161Z level=warning event=stale_data groups=robot3.modules:11,robot3.position:3 robots=1
ts=2026-09-15T01:27:21.159Z level=warning event=stale_data groups=event:3,robot3.modules:11,robot3.position:3 robots=1
ts=2026-09-15T01:27:21.410Z level=warning event=stale_data groups=robot3.modules:11,robot3.position:3 robots=1
ts=2026-09-15T01:27:21.910Z level=warning event=stale_data groups=event:3 robots=1
ts=2026-09-15T01:27:22.160Z level=warning event=stale_data groups=robot3.modules:11,robot3.position:3 robots=1
ts=2026-09-15T01:27:22.410Z level=warning event=stale_data groups=robot3.modules:11,robot3.position:3,robot3.telemetry:4 robots=1
ts=2026-09-15T01:27:22.660Z level=warning event=stale_data groups=event:3,robot3.telemetry:4 robots=1
ts=2026-09-15T01:27:23.160Z level=warning event=stale_data groups=event:3,robot3.modules:11,robot3.position:3,robot3.telemetry:4 robots=1
ts=2026-09-15T01:27:23.660Z level=warning event=stale_data groups=event:3,robot3.telemetry:4 robots=1
ts=2026-09-15T01:27:23.910Z level=warning event=stale_data groups=robot3.telemetry:4 robots=1
ts=2026-09-15T01:27:24.160Z level=warning event=stale_data groups=robot3.modules:11,robot3.position:3,robot3.telemetry:4 robots=1
ts=2026-09-15T01:27:24.660Z level=warning event=stale_data groups=event:3,robot3.telemetry:4 robots=1
ts=2026-09-15T01:27:25.161Z level=warning event=stale_data groups=event:3,robot3.modules:11,robot3.position:3,robot3.telemetry:4 robots=1
ts=2026-09-15T01:27:25.660Z level=warning event=stale_data groups=event:3,robot3.telemetry:4 robots=1
ts=2026-09-15T01:27:26.160Z level=warning event=stale_data groups=event:3,robot3.modules:11,robot3.position:3,robot3.telemetry:4 robots=1
ts=2026-09-15T01:27:26.660Z level=warning event=stale_data groups=event:3,robot3.telemetry:4 robots=1
ts=2026-09-15T01:27:27.160Z level=warning event=stale_data groups=event:3,robot3.modules:11,robot3.position:3,robot3.telemetry:4 robots=1
ts=2026-09-15T01:27:27.660Z level=warning event=stale_data groups=event:3,robot3.telemetry:4 robots=1
ts=2026-09-15T01:27:28.160Z level=warning event=stale_data groups=event:3,robot3.modules:11,robot3.position:3,robot3.telemetry:4 robots=1
ts=2026-09-15T01:27:28.660Z level=warning event=stale_data groups=event:3,robot3.telemetry:4 robots=1
ts=2026-09-15T01:27:29.160Z level=warning event=stale_data groups=event:3,robot3.modules:11,robot3.position:3,robot3.telemetry:4 robots=1
ts=2026-09-15T01:27:29.661Z level=warning event=stale_data groups=robot3.telemetry:4 robots=1
ts=2026-09-15T01:27:30.160Z level=warning event=stale_data groups=event:3,robot3.modules:11,robot3.position:3,robot3.telemetry:4 robots=1
ts=2026-09-15T01:27:30.660Z level=warning event=stale_data groups=event:3,robot3.telemetry:4 robots=1
ts=2026-09-15T01:27:31.160Z level=warning event=stale_data groups=robot3.modules:11,robot3.position:3,robot3.telemetry:4 robots=1
ts=2026-09-15T01:27:31.660Z level=warning event=stale_data groups=event:3,robot3.telemetry:4 robots=1
ts=2026-09-15T01:27:32.160Z level=warning event=stale_data groups=event:3,robot3.modules:11,robot3.position:3,robot3.telemetry:4 robots=1
ts=2026-09-15T01:27:32.660Z level=warning event=stale_data groups=event:3,robot3.telemetry:4 robots=1
ts=2026-09-15T01:27:33.160Z level=warning event=stale_data groups=robot3.modules:11,robot3.position:3 robots=1
ts=2026-09-15T01:27:33.660Z level=warning event=stale_data groups=event:3 robots=1
ts=2026-09-15T01:27:33.910Z level=warning event=stale_data groups=event:3,robot3.telemetry:4 robots=1
ts=2026-09-15T01:27:34.160Z level=warning event=stale_data groups=robot3.modules:11,robot3.position:3 robots=1
ts=2026-09-15T01:27:34.660Z level=warning event=stale_data groups=event:3 robots=1
ts=2026-09-15T01:27:35.160Z level=warning event=stale_data groups=event:3,robot3.modules:11,robot3.position:3 robots=1
ts=2026-09-15T01:27:35.410Z level=warning event=stale_data groups=robot3.modules:11,robot3.position:3 robots=1
ts=2026-09-15T01:27:35.910Z level=warning event=stale_data groups=event:3 robots=1
ts=2026-09-15T01:27:36.160Z level=warning event=stale_data groups=event:3,robot3.modules:11,robot3.position:3 robots=1
ts=2026-09-15T01:27:36.659Z level=warning event=stale_data groups=event:3 robots=1
ts=2026-09-15T01:27:37.159Z level=warning event=stale_data groups=event:3,robot3.modules:11,robot3.position:3 robots=1
ts=2026-09-15T01:27:38.160Z level=warning event=stale_data groups=robot3.modules:11,robot3.position:3 robots=1
ts=2026-09-15T01:27:38.660Z level=warning event=stale_data groups=event:3,robot3.telemetry:4 robots=1
ts=2026-09-15T01:27:39.160Z level=warning event=stale_data groups=event:3,robot3.modules:11,robot3.position:3,robot3.telemetry:4 robots=1
ts=2026-09-15T01:27:39.660Z level=warning event=stale_data groups=event:3,robot3.telemetry:4 robots=1
ts=2026-09-15T01:27:40.160Z level=warning event=stale_data groups=event:3,robot3.modules:11,robot3.position:3,robot3.telemetry:4 robots=1
ts=2026-09-15T01:27:40.660Z level=warning event=stale_data groups=event:3,robot3.telemetry:4 robots=1
ts=2026-09-15T01:27:41.160Z level=warning event=stale_data groups=event:3,robot3.modules:11,robot3.position:3,robot3.telemetry:4 robots=1
ts=2026-09-15T01:27:41.660Z level=warning event=stale_data groups=event:3,robot3.telemetry:4 robots=1
ts=2026-09-15T01:27:42.160Z level=warning event=stale_data groups=event:3,robot3.modules:11,robot3.position:3,robot3.telemetry:4 robots=1
ts=2026-09-15T01:27:42.660Z level=warning event=stale_data groups=event:3,robot3.telemetry:4 robots=1
ts=2026-09-15T01:27:42.910Z level=warning event=stale_data groups=robot3.telemetry:4 robots=1
ts=2026-09-15T01:27:43.160Z level=warning event=stale_data groups=robot3.modules:11,robot3.position:3,robot3.telemetry:4 robots=1
ts=2026-09-15T01:27:43.410Z level=warning event=stale_data groups=robot3.modules:11,robot3.position:3 robots=1
ts=2026-09-15T01:27:44.160Z level=warning event=stale_data groups=event:3,robot3.modules:11,robot3.position:3 robots=1
ts=2026-09-15T01:27:44.660Z level=warning event=stale_data groups=event:3 robots=1
ts=2026-09-15T01:27:45.160Z level=warning event=stale_data groups=event:3,robot3.modules:11,robot3.position:3 robots=1
ts=2026-09-15T01:27:45.660Z level=warning event=stale_data groups=event:3 robots=1
ts=2026-09-15T01:27:46.161Z level=warning event=stale_data groups=event:3,robot3.modules:11,robot3.position:3 robots=1
ts=2026-09-15T01:27:46.410Z level=warning event=stale_data groups=robot3.modules:11,robot3.position:3 robots=1
ts=2026-09-15T01:27:46.910Z level=warning event=stale_data groups=robot3.telemetry:4 robots=1
ts=2026-09-15T01:27:47.160Z level=warning event=stale_data groups=robot3.modules:11,robot3.position:3,robot3.telemetry:4 robots=1
ts=2026-09-15T01:27:47.410Z level=warning event=stale_data groups=event:3,robot3.modules:11,robot3.position:3,robot3.telemetry:4 robots=1
ts=2026-09-15T01:27:47.660Z level=warning event=stale_data groups=event:3,robot3.telemetry:4 robots=1
ts=2026-09-15T01:27:48.159Z level=warning event=stale_data groups=robot3.modules:11,robot3.position:3 robots=1
ts=2026-09-15T01:27:49.160Z level=warning event=stale_data groups=event:3,robot3.modules:11,robot3.position:3 robots=1
ts=2026-09-15T01:27:49.410Z level=warning event=stale_data groups=robot3.modules:11,robot3.position:3 robots=1
ts=2026-09-15T01:27:50.159Z level=warning event=stale_data groups=event:3,robot3.modules:11,robot3.position:3 robots=1
ts=2026-09-15T01:27:50.660Z level=warning event=stale_data groups=event:3,robot3.telemetry:4 robots=1
ts=2026-09-15T01:27:51.159Z level=warning event=stale_data groups=event:3,robot3.modules:11,robot3.position:3,robot3.telemetry:4 robots=1
ts=2026-09-15T01:27:52.160Z level=warning event=stale_data groups=robot3.modules:11,robot3.position:3 robots=1
ts=2026-09-15T01:27:52.660Z level=warning event=stale_data groups=event:3 robots=1
ts=2026-09-15T01:27:53.159Z level=warning event=stale_data groups=event:3,robot3.modules:11,robot3.position:3 robots=1
ts=2026-09-15T01:27:53.660Z level=warning event=stale_data groups=event:3 robots=1
ts=2026-09-15T01:27:54.160Z level=warning event=stale_data groups=event:3,robot3.modules:11,robot3.position:3 robots=1
ts=2026-09-15T01:27:55.160Z level=warning event=stale_data groups=robot3.modules:11,robot3.position:3 robots=1
ts=2026-09-15T01:27:55.410Z level=warning event=stale_data groups=event:3,robot3.modules:11,robot3.position:3 robots=1
ts=2026-09-15T01:27:56.160Z level=warning event=stale_data groups=robot3.modules:11,robot3.position:3 robots=1
ts=2026-09-15T01:27:56.410Z level=warning event=stale_data groups=event:3,robot3.modules:11,robot3.position:3 robots=1
ts=2026-09-15T01:27:56.660Z level=warning event=stale_data groups=event:3 robots=1
ts=2026-09-15T01:27:57.160Z level=warning event=stale_data groups=robot3.modules:11,robot3.position:3 robots=1
ts=2026-09-15T01:27:57.410Z level=warning event=stale_data groups=robot3.modules:11,robot3.position:3,robot3.telemetry:4 robots=1
ts=2026-09-15T01:27:57.659Z level=warning event=stale_data groups=event:3,robot3.telemetry:4 robots=1
ts=2026-09-15T01:27:58.160Z level=warning event=stale_data groups=event:3,robot3.modules:11,robot3.position:3,robot3.telemetry:4 robots=1
ts=2026-09-15T01:27:58.660Z level=warning event=stale_data groups=event:3,robot3.telemetry:4 robots=1
ts=2026-09-15T01:27:59.159Z level=warning event=stale_data groups=robot3.modules:11,robot3.position:3 robots=1
ts=2026-09-15T01:27:59.410Z level=warning event=stale_data groups=event:3,robot3.modules:11,robot3.position:3 robots=1
ts=2026-09-15T01:27:59.659Z level=warning event=stale_data groups=event:3 robots=1
ts=2026-09-15T01:27:59.659Z level=info event=ui_mode_switch from=Info to=Video reason=BlindAsserted blind_freshness=Fresh
ts=2026-09-15T01:28:00.160Z level=warning event=stale_data groups=robot3.modules:11,robot3.position:3 robots=1
ts=2026-09-15T01:28:00.410Z level=warning event=stale_data groups=event:3,robot3.modules:11,robot3.position:3 robots=1
ts=2026-09-15T01:28:00.659Z level=warning event=stale_data groups=robot3.telemetry:4 robots=1
ts=2026-09-15T01:28:01.160Z level=warning event=stale_data groups=robot3.modules:11,robot3.position:3,robot3.telemetry:4 robots=1
ts=2026-09-15T01:28:01.410Z level=warning event=stale_data groups=event:3,robot3.modules:11,robot3.position:3,robot3.telemetry:4 robots=1
ts=2026-09-15T01:28:01.660Z level=warning event=stale_data groups=event:3,robot3.telemetry:4 robots=1
ts=2026-09-15T01:28:02.160Z level=warning event=stale_data groups=event:3,robot3.modules:11,robot3.position:3,robot3.telemetry:4 robots=1
ts=2026-09-15T01:28:02.660Z level=warning event=stale_data groups=event:3,robot3.telemetry:4 robots=1
ts=2026-09-15T01:28:03.160Z level=warning event=stale_data groups=event:3,robot3.modules:11,robot3.position:3,robot3.telemetry:4 robots=1
ts=2026-09-15T01:28:03.659Z level=warning event=stale_data groups=robot3.telemetry:4 robots=1
ts=2026-09-15T01:28:04.160Z level=warning event=stale_data groups=event:3,robot3.modules:11,robot3.position:3,robot3.telemetry:4 robots=1
ts=2026-09-15T01:28:04.659Z level=warning event=stale_data groups=event:3,robot3.telemetry:4 robots=1
ts=2026-09-15T01:28:05.160Z level=warning event=stale_data groups=event:3,robot3.modules:11,robot3.position:3,robot3.telemetry:4 robots=1
ts=2026-09-15T01:28:05.346Z level=info event=shutdown mode=terminal exit=0
ts=2026-09-15T03:17:44.683Z level=info event=startup mode=terminal platform=macOS mqtt_host=127.0.0.1 mqtt_port=3333 udp_port=3334 stale_window_ms=500
ts=2026-09-15T03:17:45.885Z level=warning event=stale_data groups=robot3.modules:11,robot3.position:3 robots=1
ts=2026-09-15T03:17:46.147Z level=warning event=stale_data groups=event:3,robot3.modules:11,robot3.position:3 robots=1
ts=2026-09-15T03:17:46.409Z level=warning event=stale_data groups=event:3 robots=1
ts=2026-09-15T03:17:46.914Z level=warning event=stale_data groups=event:3,robot3.modules:11,robot3.position:3 robots=1
ts=2026-09-15T03:17:47.414Z level=warning event=stale_data groups=event:3 robots=1
ts=2026-09-15T03:17:47.914Z level=warning event=stale_data groups=event:3,robot3.modules:11,robot3.position:3 robots=1
ts=2026-09-15T03:17:48.414Z level=info event=ui_mode_switch from=Info to=Video reason=BlindAsserted blind_freshness=Fresh
ts=2026-09-15T03:17:48.914Z level=warning event=stale_data groups=robot3.modules:11,robot3.position:3 robots=1
ts=2026-09-15T03:17:49.414Z level=warning event=stale_data groups=event:3 robots=1
ts=2026-09-15T03:17:49.914Z level=warning event=stale_data groups=event:3,robot3.modules:11,robot3.position:3 robots=1
ts=2026-09-15T03:17:50.414Z level=warning event=stale_data groups=event:3 robots=1
ts=2026-09-15T03:17:50.914Z level=warning event=stale_data groups=event:3,robot3.modules:11,robot3.position:3 robots=1
ts=2026-09-15T03:17:51.414Z level=warning event=stale_data groups=event:3 robots=1
ts=2026-09-15T03:17:51.915Z level=warning event=stale_data groups=event:3,robot3.modules:11,robot3.position:3 robots=1
ts=2026-09-15T03:17:52.914Z level=warning event=stale_data groups=event:3,robot3.modules:11,robot3.position:3 robots=1
ts=2026-09-15T03:17:53.414Z level=warning event=stale_data groups=event:3 robots=1
ts=2026-09-15T03:17:53.915Z level=warning event=stale_data groups=event:3,robot3.modules:11,robot3.position:3 robots=1
ts=2026-09-15T03:17:54.164Z level=warning event=stale_data groups=robot3.modules:11,robot3.position:3 robots=1
ts=2026-09-15T03:17:54.664Z level=warning event=stale_data groups=event:3 robots=1
ts=2026-09-15T03:17:54.915Z level=warning event=stale_data groups=robot3.modules:11,robot3.position:3 robots=1
ts=2026-09-15T03:17:55.915Z level=warning event=stale_data groups=robot3.modules:11,robot3.position:3 robots=1
ts=2026-09-15T03:17:56.414Z level=warning event=stale_data groups=event:3 robots=1
ts=2026-09-15T03:17:56.914Z level=warning event=stale_data groups=robot3.modules:11,robot3.position:3 robots=1
ts=2026-09-15T03:17:57.414Z level=warning event=stale_data groups=event:3 robots=1
ts=2026-09-15T03:17:57.914Z level=warning event=stale_data groups=event:3,robot3.modules:11,robot3.position:3 robots=1
ts=2026-09-15T03:17:58.414Z level=warning event=stale_data groups=event:3 robots=1
ts=2026-09-15T03:17:58.915Z level=warning event=stale_data groups=event:3,robot3.modules:11,robot3.position:3 robots=1
ts=2026-09-15T03:17:59.414Z level=warning event=stale_data groups=event:3 robots=1
ts=2026-09-15T03:17:59.914Z level=warning event=stale_data groups=robot3.modules:11,robot3.position:3 robots=1
ts=2026-09-15T03:18:00.164Z level=warning event=stale_data groups=event:3,robot3.modules:11,robot3.position:3 robots=1
ts=2026-09-15T03:18:00.914Z level=warning event=stale_data groups=event:3,robot3.modules:11,robot3.position:3 robots=1
ts=2026-09-15T03:18:01.165Z level=warning event=stale_data groups=robot3.modules:11,robot3.position:3 robots=1
ts=2026-09-15T03:18:01.414Z level=warning event=stale_data groups=robot3.telemetry:4 robots=1
ts=2026-09-15T03:18:01.664Z level=warning event=stale_data groups=event:3,robot3.telemetry:4 robots=1
ts=2026-09-15T03:18:01.914Z level=warning event=stale_data groups=event:3,robot3.modules:11,robot3.position:3,robot3.telemetry:4 robots=1
ts=2026-09-15T03:18:02.414Z level=warning event=stale_data groups=event:3,robot3.telemetry:4 robots=1
ts=2026-09-15T03:18:02.914Z level=warning event=stale_data groups=event:3,robot3.modules:11,robot3.position:3,robot3.telemetry:4 robots=1
ts=2026-09-15T03:18:03.164Z level=warning event=stale_data groups=robot3.modules:11,robot3.position:3,robot3.telemetry:4 robots=1
ts=2026-09-15T03:18:03.414Z level=warning event=stale_data groups=robot3.telemetry:4 robots=1
ts=2026-09-15T03:18:03.414Z level=info event=ui_mode_switch from=Video to=Info reason=BlindClearedHysteresis blind_freshness=Fresh
ts=2026-09-15T03:18:03.915Z level=warning event=stale_data groups=robot3.modules:11,robot3.position:3 robots=1
ts=2026-09-15T03:18:04.164Z level=warning event=stale_data groups=event:3,robot3.modules:11,robot3.position:3 robots=1
ts=2026-09-15T03:18:04.414Z level=warning event=stale_data groups=event:3,robot3.telemetry:4 robots=1
ts=2026-09-15T03:18:04.914Z level=warning event=stale_data groups=robot3.modules:11,robot3.position:3 robots=1
ts=2026-09-15T03:18:05.664Z level=warning event=stale_data groups=event:3 robots=1
ts=2026-09-15T03:18:05.914Z level=warning event=stale_data groups=event:3,robot3.modules:11,robot3.position:3 robots=1
ts=2026-09-15T03:18:06.414Z level=warning event=stale_data groups=event:3 robots=1
ts=2026-09-15T03:18:06.914Z level=warning event=stale_data groups=event:3,robot3.modules:11,robot3.position:3 robots=1
ts=2026-09-15T03:18:07.414Z level=warning event=stale_data groups=event:3 robots=1
ts=2026-09-15T03:18:07.913Z level=warning event=stale_data groups=robot3.modules:11,robot3.position:3 robots=1
ts=2026-09-15T03:18:08.414Z level=warning event=stale_data groups=robot3.telemetry:4 robots=1
ts=2026-09-15T03:18:08.664Z level=warning event=stale_data groups=event:3,robot3.telemetry:4 robots=1
ts=2026-09-15T03:18:08.914Z level=warning event=stale_data groups=event:3,robot3.modules:11,robot3.position:3,robot3.telemetry:4 robots=1
ts=2026-09-15T03:18:09.414Z level=warning event=stale_data groups=event:3,robot3.telemetry:4 robots=1
ts=2026-09-15T03:18:09.914Z level=warning event=stale_data groups=robot3.modules:11,robot3.position:3 robots=1
ts=2026-09-15T03:18:10.163Z level=warning event=stale_data groups=event:3,robot3.modules:11,robot3.position:3 robots=1
ts=2026-09-15T03:18:10.914Z level=warning event=stale_data groups=event:3,robot3.modules:11,robot3.position:3 robots=1
ts=2026-09-15T03:18:11.664Z level=warning event=stale_data groups=robot3.telemetry:4 robots=1
ts=2026-09-15T03:18:11.914Z level=warning event=stale_data groups=event:3,robot3.modules:11,robot3.position:3,robot3.telemetry:4 robots=1
ts=2026-09-15T03:18:12.163Z level=warning event=stale_data groups=robot3.modules:11,robot3.position:3 robots=1
ts=2026-09-15T03:18:12.663Z level=warning event=stale_data groups=event:3 robots=1
ts=2026-09-15T03:18:12.914Z level=warning event=stale_data groups=event:3,robot3.modules:11,robot3.position:3,robot3.telemetry:4 robots=1
ts=2026-09-15T03:18:13.414Z level=warning event=stale_data groups=event:3,robot3.telemetry:4 robots=1
ts=2026-09-15T03:18:13.914Z level=warning event=stale_data groups=event:3,robot3.modules:11,robot3.position:3,robot3.telemetry:4 robots=1
ts=2026-09-15T03:18:14.414Z level=warning event=stale_data groups=event:3,robot3.telemetry:4 robots=1
ts=2026-09-15T03:18:14.915Z level=warning event=stale_data groups=event:3,robot3.modules:11,robot3.position:3,robot3.telemetry:4 robots=1
ts=2026-09-15T03:18:15.414Z level=warning event=stale_data groups=robot3.telemetry:4 robots=1
ts=2026-09-15T03:18:15.914Z level=warning event=stale_data groups=event:3,robot3.modules:11,robot3.position:3,robot3.telemetry:4 robots=1
ts=2026-09-15T03:18:16.914Z level=warning event=stale_data groups=event:3,robot3.modules:11,robot3.position:3 robots=1
ts=2026-09-15T03:18:17.414Z level=warning event=stale_data groups=event:3,robot3.telemetry:4 robots=1
ts=2026-09-15T03:18:17.665Z level=warning event=stale_data groups=robot3.telemetry:4 robots=1
ts=2026-09-15T03:18:17.914Z level=warning event=stale_data groups=robot3.modules:11,robot3.position:3,robot3.telemetry:4 robots=1
ts=2026-09-15T03:18:18.165Z level=warning event=stale_data groups=robot3.modules:11,robot3.position:3 robots=1
ts=2026-09-15T03:18:18.914Z level=warning event=stale_data groups=robot3.modules:11,robot3.position:3 robots=1
ts=2026-09-15T03:18:19.164Z level=warning event=stale_data groups=event:3,robot3.modules:11,robot3.position:3 robots=1
ts=2026-09-15T03:18:19.914Z level=warning event=stale_data groups=robot3.modules:11,robot3.position:3 robots=1
ts=2026-09-15T03:18:20.164Z level=warning event=stale_data groups=event:3,robot3.modules:11,robot3.position:3,robot3.telemetry:4 robots=1
ts=2026-09-15T03:18:20.414Z level=warning event=stale_data groups=event:3,robot3.telemetry:4 robots=1
ts=2026-09-15T03:18:20.914Z level=warning event=stale_data groups=event:3,robot3.modules:11,robot3.position:3,robot3.telemetry:4 robots=1
ts=2026-09-15T03:18:21.414Z level=warning event=stale_data groups=event:3,robot3.telemetry:4 robots=1
ts=2026-09-15T03:18:21.914Z level=warning event=stale_data groups=event:3,robot3.modules:11,robot3.position:3,robot3.telemetry:4 robots=1
ts=2026-09-15T03:18:22.414Z level=warning event=stale_data groups=event:3,robot3.telemetry:4 robots=1
ts=2026-09-15T03:18:22.914Z level=warning event=stale_data groups=robot3.modules:11,robot3.position:3,robot3.telemetry:4 robots=1
ts=2026-09-15T03:18:23.914Z level=warning event=stale_data groups=event:3,robot3.modules:11,robot3.position:3,robot3.telemetry:4 robots=1
ts=2026-09-15T03:18:24.414Z level=warning event=stale_data groups=event:3,robot3.telemetry:4 robots=1
ts=2026-09-15T03:18:24.914Z level=warning event=stale_data groups=event:3,robot3.modules:11,robot3.position:3 robots=1
ts=2026-09-15T03:18:25.164Z level=warning event=stale_data groups=robot3.modules:11,robot3.position:3 robots=1
ts=2026-09-15T03:18:25.663Z level=warning event=stale_data groups=event:3 robots=1
ts=2026-09-15T03:18:25.914Z level=warning event=stale_data groups=robot3.modules:11,robot3.position:3 robots=1
ts=2026-09-15T03:18:26.414Z level=warning event=stale_data groups=event:3,robot3.telemetry:4 robots=1
ts=2026-09-15T03:18:26.913Z level=warning event=stale_data groups=event:3,robot3.modules:11,robot3.position:3,robot3.telemetry:4 robots=1
ts=2026-09-15T03:18:27.164Z level=warning event=stale_data groups=robot3.modules:11,robot3.position:3,robot3.telemetry:4 robots=1
ts=2026-09-15T03:18:27.414Z level=warning event=stale_data groups=robot3.telemetry:4 robots=1
ts=2026-09-15T03:18:27.914Z level=warning event=stale_data groups=robot3.modules:11,robot3.position:3,robot3.telemetry:4 robots=1
ts=2026-09-15T03:18:28.164Z level=warning event=stale_data groups=event:3,robot3.modules:11,robot3.position:3,robot3.telemetry:4 robots=1
ts=2026-09-15T03:18:28.414Z level=warning event=stale_data groups=event:3,robot3.telemetry:4 robots=1
ts=2026-09-15T03:18:28.913Z level=warning event=stale_data groups=event:3,robot3.modules:11,robot3.position:3,robot3.telemetry:4 robots=1
ts=2026-09-15T03:18:29.164Z level=warning event=stale_data groups=event:3,robot3.modules:11,robot3.position:3 robots=1
ts=2026-09-15T03:18:29.913Z level=warning event=stale_data groups=event:3,robot3.modules:11,robot3.position:3 robots=1
ts=2026-09-15T03:18:30.413Z level=warning event=stale_data groups=event:3 robots=1
ts=2026-09-15T03:18:30.664Z level=warning event=stale_data groups=event:3,robot3.telemetry:4 robots=1
ts=2026-09-15T03:18:30.914Z level=warning event=stale_data groups=event:3,robot3.modules:11,robot3.position:3,robot3.telemetry:4 robots=1
ts=2026-09-15T03:18:31.414Z level=warning event=stale_data groups=event:3,robot3.telemetry:4 robots=1
ts=2026-09-15T03:18:31.914Z level=warning event=stale_data groups=event:3,robot3.modules:11,robot3.position:3,robot3.telemetry:4 robots=1
ts=2026-09-15T03:18:32.415Z level=warning event=stale_data groups=event:3,robot3.telemetry:4 robots=1
ts=2026-09-15T03:18:32.914Z level=warning event=stale_data groups=event:3,robot3.modules:11,robot3.position:3,robot3.telemetry:4 robots=1
ts=2026-09-15T03:18:33.164Z level=warning event=stale_data groups=robot3.modules:11,robot3.position:3 robots=1
ts=2026-09-15T03:18:33.664Z level=warning event=stale_data groups=event:3 robots=1
ts=2026-09-15T03:18:33.914Z level=warning event=stale_data groups=event:3,robot3.modules:11,robot3.position:3 robots=1
ts=2026-09-15T03:18:34.414Z level=warning event=stale_data groups=robot3.telemetry:4 robots=1
ts=2026-09-15T03:18:34.914Z level=warning event=stale_data groups=event:3,robot3.modules:11,robot3.position:3,robot3.telemetry:4 robots=1
ts=2026-09-15T03:18:35.164Z level=warning event=stale_data groups=robot3.modules:11,robot3.position:3,robot3.telemetry:4 robots=1
ts=2026-09-15T03:18:35.414Z level=warning event=stale_data groups=robot3.telemetry:4 robots=1
ts=2026-09-15T03:18:35.664Z level=warning event=stale_data groups=event:3,robot3.telemetry:4 robots=1
ts=2026-09-15T03:18:35.914Z level=warning event=stale_data groups=event:3,robot3.modules:11,robot3.position:3,robot3.telemetry:4 robots=1
ts=2026-09-15T03:18:36.914Z level=warning event=stale_data groups=event:3,robot3.modules:11,robot3.position:3 robots=1
ts=2026-09-15T03:18:37.914Z level=warning event=stale_data groups=robot3.modules:11,robot3.position:3,robot3.telemetry:4 robots=1
ts=2026-09-15T03:18:38.414Z level=warning event=stale_data groups=event:3,robot3.telemetry:4 robots=1
ts=2026-09-15T03:18:38.914Z level=warning event=stale_data groups=event:3,robot3.modules:11,robot3.position:3,robot3.telemetry:4 robots=1
ts=2026-09-15T03:18:39.414Z level=warning event=stale_data groups=event:3,robot3.telemetry:4 robots=1
ts=2026-09-15T03:18:39.914Z level=warning event=stale_data groups=robot3.modules:11,robot3.position:3 robots=1
ts=2026-09-15T03:18:40.914Z level=warning event=stale_data groups=robot3.modules:11,robot3.position:3 robots=1
ts=2026-09-15T03:18:41.164Z level=warning event=stale_data groups=event:3,robot3.modules:11,robot3.position:3 robots=1
ts=2026-09-15T03:18:41.414Z level=warning event=stale_data groups=event:3 robots=1
ts=2026-09-15T03:18:41.914Z level=warning event=stale_data groups=robot3.modules:11,robot3.position:3 robots=1
ts=2026-09-15T03:18:42.164Z level=warning event=stale_data groups=event:3,robot3.modules:11,robot3.position:3 robots=1
ts=2026-09-15T03:18:42.414Z level=warning event=stale_data groups=event:3 robots=1
ts=2026-09-15T03:18:42.914Z level=warning event=stale_data groups=event:3,robot3.modules:11,robot3.position:3 robots=1
ts=2026-09-15T03:18:43.414Z level=warning event=stale_data groups=event:3 robots=1
ts=2026-09-15T03:18:43.914Z level=warning event=stale_data groups=robot3.modules:11,robot3.position:3 robots=1
ts=2026-09-15T03:18:44.414Z level=warning event=stale_data groups=event:3 robots=1
ts=2026-09-15T03:18:44.914Z level=warning event=stale_data groups=event:3,robot3.modules:11,robot3.position:3 robots=1
ts=2026-09-15T03:18:45.414Z level=warning event=stale_data groups=event:3 robots=1
ts=2026-09-15T03:18:45.914Z level=warning event=stale_data groups=robot3.modules:11,robot3.position:3 robots=1
ts=2026-09-15T03:18:46.164Z level=warning event=stale_data groups=event:3,robot3.modules:11,robot3.position:3,robot3.telemetry:4 robots=1
ts=2026-09-15T03:18:46.914Z level=warning event=stale_data groups=event:3,robot3.modules:11,robot3.position:3 robots=1
ts=2026-09-15T03:18:47.164Z level=warning event=stale_data groups=robot3.modules:11,robot3.position:3 robots=1
ts=2026-09-15T03:18:47.914Z level=warning event=stale_data groups=event:3,robot3.modules:11,robot3.position:3 robots=1
ts=2026-09-15T03:18:48.914Z level=warning event=stale_data groups=event:3,robot3.modules:11,robot3.position:3,robot3.telemetry:4 robots=1
ts=2026-09-15T03:18:49.414Z level=warning event=stale_data groups=event:3,robot3.telemetry:4 robots=1
ts=2026-09-15T03:18:49.914Z level=warning event=stale_data groups=event:3,robot3.modules:11,robot3.position:3,robot3.telemetry:4 robots=1
ts=2026-09-15T03:18:50.414Z level=warning event=stale_data groups=event:3,robot3.telemetry:4 robots=1
ts=2026-09-15T03:18:50.664Z level=warning event=stale_data groups=robot3.telemetry:4 robots=1
ts=2026-09-15T03:18:50.914Z level=warning event=stale_data groups=robot3.modules:11,robot3.position:3,robot3.telemetry:4 robots=1
ts=2026-09-15T03:18:51.164Z level=warning event=stale_data groups=event:3,robot3.modules:11,robot3.position:3,robot3.telemetry:4 robots=1
ts=2026-09-15T03:18:51.414Z level=warning event=stale_data groups=robot3.telemetry:4 robots=1
ts=2026-09-15T03:18:51.914Z level=warning event=stale_data groups=event:3,robot3.modules:11,robot3.position:3,robot3.telemetry:4 robots=1
ts=2026-09-15T03:18:52.414Z level=warning event=stale_data groups=event:3,robot3.telemetry:4 robots=1
ts=2026-09-15T03:18:52.664Z level=warning event=stale_data groups=robot3.telemetry:4 robots=1
ts=2026-09-15T03:18:52.914Z level=warning event=stale_data groups=robot3.modules:11,robot3.position:3,robot3.telemetry:4 robots=1
ts=2026-09-15T03:18:53.164Z level=warning event=stale_data groups=event:3,robot3.modules:11,robot3.position:3,robot3.telemetry:4 robots=1
ts=2026-09-15T03:18:53.414Z level=warning event=stale_data groups=event:3,robot3.telemetry:4 robots=1
ts=2026-09-15T03:18:53.914Z level=warning event=stale_data groups=event:3,robot3.modules:11,robot3.position:3,robot3.telemetry:4 robots=1
ts=2026-09-15T03:18:54.914Z level=warning event=stale_data groups=event:3,robot3.modules:11,robot3.position:3 robots=1
ts=2026-09-15T03:18:55.414Z level=warning event=stale_data groups=event:3 robots=1
ts=2026-09-15T03:18:55.914Z level=warning event=stale_data groups=event:3,robot3.modules:11,robot3.position:3 robots=1
ts=2026-09-15T03:18:56.414Z level=warning event=stale_data groups=event:3,robot3.telemetry:4 robots=1
ts=2026-09-15T03:18:56.914Z level=warning event=stale_data groups=robot3.modules:11,robot3.position:3,robot3.telemetry:4 robots=1
ts=2026-09-15T03:18:57.414Z level=warning event=stale_data groups=event:3 robots=1
ts=2026-09-15T03:18:57.914Z level=warning event=stale_data groups=robot3.modules:11,robot3.position:3 robots=1
ts=2026-09-15T03:18:58.414Z level=warning event=stale_data groups=robot3.telemetry:4 robots=1
ts=2026-09-15T03:18:58.914Z level=warning event=stale_data groups=robot3.modules:11,robot3.position:3,robot3.telemetry:4 robots=1
ts=2026-09-15T03:18:59.414Z level=warning event=stale_data groups=event:3,robot3.telemetry:4 robots=1
ts=2026-09-15T03:18:59.914Z level=warning event=stale_data groups=event:3,robot3.modules:11,robot3.position:3,robot3.telemetry:4 robots=1
ts=2026-09-15T03:19:00.414Z level=warning event=stale_data groups=event:3,robot3.telemetry:4 robots=1
ts=2026-09-15T03:19:00.914Z level=warning event=stale_data groups=event:3,robot3.modules:11,robot3.position:3,robot3.telemetry:4 robots=1
ts=2026-09-15T03:19:01.414Z level=warning event=stale_data groups=event:3,robot3.telemetry:4 robots=1
ts=2026-09-15T03:19:01.664Z level=warning event=stale_data groups=robot3.telemetry:4 robots=1
ts=2026-09-15T03:19:01.914Z level=warning event=stale_data groups=robot3.modules:11,robot3.position:3,robot3.telemetry:4 robots=1
ts=2026-09-15T03:19:02.164Z level=warning event=stale_data groups=event:3,robot3.modules:11,robot3.position:3,robot3.telemetry:4 robots=1
ts=2026-09-15T03:19:02.414Z level=warning event=stale_data groups=event:3,robot3.telemetry:4 robots=1
ts=2026-09-15T03:19:02.914Z level=warning event=stale_data groups=robot3.modules:11,robot3.position:3,robot3.telemetry:4 robots=1
ts=2026-09-15T03:19:03.414Z level=warning event=stale_data groups=event:3,robot3.telemetry:4 robots=1
ts=2026-09-15T03:19:03.914Z level=warning event=stale_data groups=event:3,robot3.modules:11,robot3.position:3,robot3.telemetry:4 robots=1
ts=2026-09-15T03:19:04.414Z level=warning event=stale_data groups=event:3,robot3.telemetry:4 robots=1
ts=2026-09-15T03:19:04.914Z level=warning event=stale_data groups=event:3,robot3.modules:11,robot3.position:3,robot3.telemetry:4 robots=1
ts=2026-09-15T03:19:05.414Z level=warning event=stale_data groups=event:3,robot3.telemetry:4 robots=1
ts=2026-09-15T03:19:05.664Z level=warning event=stale_data groups=robot3.telemetry:4 robots=1
ts=2026-09-15T03:19:05.914Z level=warning event=stale_data groups=robot3.modules:11,robot3.position:3,robot3.telemetry:4 robots=1
ts=2026-09-15T03:19:06.164Z level=warning event=stale_data groups=event:3,robot3.modules:11,robot3.position:3,robot3.telemetry:4 robots=1
ts=2026-09-15T03:19:06.414Z level=warning event=stale_data groups=event:3,robot3.telemetry:4 robots=1
ts=2026-09-15T03:19:06.914Z level=warning event=stale_data groups=event:3,robot3.modules:11,robot3.position:3,robot3.telemetry:4 robots=1
ts=2026-09-15T03:19:07.414Z level=warning event=stale_data groups=event:3,robot3.telemetry:4 robots=1
ts=2026-09-15T03:19:07.914Z level=warning event=stale_data groups=event:3,robot3.modules:11,robot3.position:3,robot3.telemetry:4 robots=1
ts=2026-09-15T03:19:08.414Z level=warning event=stale_data groups=event:3,robot3.telemetry:4 robots=1
ts=2026-09-15T03:19:08.913Z level=warning event=stale_data groups=robot3.modules:11,robot3.position:3,robot3.telemetry:4 robots=1
ts=2026-09-15T03:19:09.413Z level=warning event=stale_data groups=event:3,robot3.telemetry:4 robots=1
ts=2026-09-15T03:19:09.914Z level=warning event=stale_data groups=event:3,robot3.modules:11,robot3.position:3,robot3.telemetry:4 robots=1
ts=2026-09-15T03:19:10.414Z level=warning event=stale_data groups=event:3,robot3.telemetry:4 robots=1
ts=2026-09-15T03:19:10.914Z level=warning event=stale_data groups=event:3,robot3.modules:11,robot3.position:3,robot3.telemetry:4 robots=1
ts=2026-09-15T03:19:11.164Z level=warning event=stale_data groups=robot3.modules:11,robot3.position:3,robot3.telemetry:4 robots=1
ts=2026-09-15T03:19:11.414Z level=warning event=stale_data groups=robot3.telemetry:4 robots=1
ts=2026-09-15T03:19:11.664Z level=warning event=stale_data groups=event:3,robot3.telemetry:4 robots=1
ts=2026-09-15T03:19:11.914Z level=warning event=stale_data groups=event:3,robot3.modules:11,robot3.position:3,robot3.telemetry:4 robots=1
ts=2026-09-15T03:19:12.414Z level=warning event=stale_data groups=event:3,robot3.telemetry:4 robots=1
ts=2026-09-15T03:19:12.914Z level=warning event=stale_data groups=robot3.modules:11,robot3.position:3,robot3.telemetry:4 robots=1
ts=2026-09-15T03:19:13.415Z level=warning event=stale_data groups=robot3.telemetry:4 robots=1
ts=2026-09-15T03:19:13.914Z level=warning event=stale_data groups=event:3,robot3.modules:11,robot3.position:3,robot3.telemetry:4 robots=1
ts=2026-09-15T03:19:14.414Z level=warning event=stale_data groups=robot3.telemetry:4 robots=1
ts=2026-09-15T03:19:14.914Z level=warning event=stale_data groups=robot3.modules:11,robot3.position:3 robots=1
ts=2026-09-15T03:19:15.164Z level=warning event=stale_data groups=event:3,robot3.modules:11,robot3.position:3 robots=1
ts=2026-09-15T03:19:15.414Z level=warning event=stale_data groups=event:3 robots=1
ts=2026-09-15T03:19:15.665Z level=warning event=stale_data groups=event:3,robot3.telemetry:4 robots=1
ts=2026-09-15T03:19:15.914Z level=warning event=stale_data groups=robot3.modules:11,robot3.position:3,robot3.telemetry:4 robots=1
ts=2026-09-15T03:19:16.413Z level=warning event=stale_data groups=event:3,robot3.telemetry:4 robots=1
ts=2026-09-15T03:19:16.914Z level=warning event=stale_data groups=event:3,robot3.modules:11,robot3.position:3,robot3.telemetry:4 robots=1
ts=2026-09-15T03:19:17.414Z level=warning event=stale_data groups=event:3,robot3.telemetry:4 robots=1
ts=2026-09-15T03:19:17.914Z level=warning event=stale_data groups=robot3.modules:11,robot3.position:3 robots=1
ts=2026-09-15T03:19:18.914Z level=warning event=stale_data groups=robot3.modules:11,robot3.position:3 robots=1
ts=2026-09-15T03:19:19.163Z level=warning event=stale_data groups=event:3,robot3.modules:11,robot3.position:3 robots=1
ts=2026-09-15T03:19:19.413Z level=warning event=stale_data groups=event:3 robots=1
ts=2026-09-15T03:19:19.914Z level=warning event=stale_data groups=event:3,robot3.modules:11,robot3.position:3 robots=1
ts=2026-09-15T03:19:20.164Z level=warning event=stale_data groups=event:3,robot3.modules:11,robot3.position:3,robot3.telemetry:4 robots=1
ts=2026-09-15T03:19:20.414Z level=warning event=stale_data groups=event:3,robot3.telemetry:4 robots=1
ts=2026-09-15T03:19:20.914Z level=warning event=stale_data groups=event:3,robot3.modules:11,robot3.position:3,robot3.telemetry:4 robots=1
ts=2026-09-15T03:19:21.914Z level=warning event=stale_data groups=event:3,robot3.modules:11,robot3.position:3 robots=1
ts=2026-09-15T03:19:22.164Z level=warning event=stale_data groups=robot3.modules:11,robot3.position:3 robots=1
ts=2026-09-15T03:19:22.663Z level=warning event=stale_data groups=event:3 robots=1
ts=2026-09-15T03:19:22.914Z level=warning event=stale_data groups=robot3.modules:11,robot3.position:3 robots=1
ts=2026-09-15T03:19:23.413Z level=warning event=stale_data groups=event:3 robots=1
ts=2026-09-15T03:19:23.914Z level=warning event=stale_data groups=event:3,robot3.modules:11,robot3.position:3,robot3.telemetry:4 robots=1
ts=2026-09-15T03:19:24.415Z level=warning event=stale_data groups=event:3,robot3.telemetry:4 robots=1
ts=2026-09-15T03:19:24.915Z level=warning event=stale_data groups=event:3,robot3.modules:11,robot3.position:3,robot3.telemetry:4 robots=1
ts=2026-09-15T03:19:25.415Z level=warning event=stale_data groups=event:3,robot3.telemetry:4 robots=1
ts=2026-09-15T03:19:25.915Z level=warning event=stale_data groups=event:3,robot3.modules:11,robot3.position:3,robot3.telemetry:4 robots=1
ts=2026-09-15T03:19:26.414Z level=warning event=stale_data groups=robot3.telemetry:4 robots=1
ts=2026-09-15T03:19:26.914Z level=warning event=stale_data groups=robot3.modules:11,robot3.position:3 robots=1
ts=2026-09-15T03:19:27.164Z level=warning event=stale_data groups=event:3,robot3.modules:11,robot3.position:3 robots=1
ts=2026-09-15T03:19:27.913Z level=warning event=stale_data groups=event:3,robot3.modules:11,robot3.position:3 robots=1
ts=2026-09-15T03:19:28.163Z level=warning event=stale_data groups=robot3.modules:11,robot3.position:3 robots=1
ts=2026-09-15T03:19:28.664Z level=warning event=stale_data groups=robot3.telemetry:4 robots=1
ts=2026-09-15T03:19:28.913Z level=warning event=stale_data groups=event:3,robot3.modules:11,robot3.position:3,robot3.telemetry:4 robots=1
ts=2026-09-15T03:19:29.414Z level=warning event=stale_data groups=event:3,robot3.telemetry:4 robots=1
ts=2026-09-15T03:19:29.914Z level=warning event=stale_data groups=event:3,robot3.modules:11,robot3.position:3,robot3.telemetry:4 robots=1
ts=2026-09-15T03:19:30.164Z level=warning event=stale_data groups=robot3.modules:11,robot3.position:3,robot3.telemetry:4 robots=1
ts=2026-09-15T03:19:30.414Z level=warning event=stale_data groups=robot3.telemetry:4 robots=1
ts=2026-09-15T03:19:30.663Z level=warning event=stale_data groups=event:3,robot3.telemetry:4 robots=1
ts=2026-09-15T03:19:30.914Z level=warning event=stale_data groups=event:3,robot3.modules:11,robot3.position:3,robot3.telemetry:4 robots=1
ts=2026-09-15T03:19:31.414Z level=warning event=stale_data groups=event:3,robot3.telemetry:4 robots=1
ts=2026-09-15T03:19:31.914Z level=warning event=stale_data groups=event:3,robot3.modules:11,robot3.position:3,robot3.telemetry:4 robots=1
ts=2026-09-15T03:19:32.414Z level=warning event=stale_data groups=robot3.telemetry:4 robots=1
ts=2026-09-15T03:19:32.913Z level=warning event=stale_data groups=event:3,robot3.modules:11,robot3.position:3,robot3.telemetry:4 robots=1
ts=2026-09-15T03:19:33.414Z level=warning event=stale_data groups=event:3,robot3.telemetry:4 robots=1
ts=2026-09-15T03:19:33.664Z level=warning event=stale_data groups=robot3.telemetry:4 robots=1
ts=2026-09-15T03:19:33.914Z level=warning event=stale_data groups=robot3.modules:11,robot3.position:3,robot3.telemetry:4 robots=1
ts=2026-09-15T03:19:34.414Z level=warning event=stale_data groups=robot3.telemetry:4 robots=1
ts=2026-09-15T03:19:34.914Z level=warning event=stale_data groups=robot3.modules:11,robot3.position:3,robot3.telemetry:4 robots=1
ts=2026-09-15T03:19:35.164Z level=warning event=stale_data groups=robot3.modules:11,robot3.position:3 robots=1
ts=2026-09-15T03:19:35.664Z level=warning event=stale_data groups=event:3 robots=1
ts=2026-09-15T03:19:35.914Z level=warning event=stale_data groups=event:3,robot3.modules:11,robot3.position:3 robots=1
ts=2026-09-15T03:19:36.163Z level=warning event=stale_data groups=robot3.modules:11,robot3.position:3 robots=1
ts=2026-09-15T03:19:36.664Z level=warning event=stale_data groups=event:3 robots=1
ts=2026-09-15T03:19:36.913Z level=warning event=stale_data groups=event:3,robot3.modules:11,robot3.position:3 robots=1
ts=2026-09-15T03:19:37.164Z level=warning event=stale_data groups=event:3,robot3.modules:11,robot3.position:3,robot3.telemetry:4 robots=1
ts=2026-09-15T03:19:37.414Z level=warning event=stale_data groups=robot3.telemetry:4 robots=1
ts=2026-09-15T03:19:37.914Z level=warning event=stale_data groups=event:3,robot3.modules:11,robot3.position:3,robot3.telemetry:4 robots=1
ts=2026-09-15T03:19:38.414Z level=warning event=stale_data groups=event:3,robot3.telemetry:4 robots=1
ts=2026-09-15T03:19:38.914Z level=warning event=stale_data groups=event:3,robot3.modules:11,robot3.position:3,robot3.telemetry:4 robots=1
ts=2026-09-15T03:19:39.414Z level=warning event=stale_data groups=event:3,robot3.telemetry:4 robots=1
ts=2026-09-15T03:19:39.914Z level=warning event=stale_data groups=event:3,robot3.modules:11,robot3.position:3,robot3.telemetry:4 robots=1
ts=2026-09-15T03:19:40.414Z level=warning event=stale_data groups=event:3,robot3.telemetry:4 robots=1
ts=2026-09-15T03:19:40.914Z level=warning event=stale_data groups=event:3,robot3.modules:11,robot3.position:3,robot3.telemetry:4 robots=1
ts=2026-09-15T03:19:41.164Z level=warning event=stale_data groups=robot3.modules:11,robot3.position:3,robot3.telemetry:4 robots=1
ts=2026-09-15T03:19:41.413Z level=warning event=stale_data groups=robot3.telemetry:4 robots=1
ts=2026-09-15T03:19:41.663Z level=warning event=stale_data groups=event:3,robot3.telemetry:4 robots=1
ts=2026-09-15T03:19:41.913Z level=warning event=stale_data groups=event:3,robot3.modules:11,robot3.position:3,robot3.telemetry:4 robots=1
ts=2026-09-15T03:19:42.413Z level=warning event=stale_data groups=event:3,robot3.telemetry:4 robots=1
ts=2026-09-15T03:19:42.663Z level=warning event=stale_data groups=robot3.telemetry:4 robots=1
ts=2026-09-15T03:19:42.914Z level=warning event=stale_data groups=robot3.modules:11,robot3.position:3,robot3.telemetry:4 robots=1
ts=2026-09-15T03:19:43.164Z level=warning event=stale_data groups=event:3,robot3.modules:11,robot3.position:3,robot3.telemetry:4 robots=1
ts=2026-09-15T03:19:43.414Z level=warning event=stale_data groups=event:3,robot3.telemetry:4 robots=1
ts=2026-09-15T03:19:43.914Z level=warning event=stale_data groups=event:3,robot3.modules:11,robot3.position:3,robot3.telemetry:4 robots=1
ts=2026-09-15T03:19:44.413Z level=warning event=stale_data groups=event:3,robot3.telemetry:4 robots=1
ts=2026-09-15T03:19:44.914Z level=warning event=stale_data groups=event:3,robot3.modules:11,robot3.position:3,robot3.telemetry:4 robots=1
ts=2026-09-15T03:19:45.414Z level=warning event=stale_data groups=event:3,robot3.telemetry:4 robots=1
ts=2026-09-15T03:19:45.914Z level=warning event=stale_data groups=event:3,robot3.modules:11,robot3.position:3,robot3.telemetry:4 robots=1
ts=2026-09-15T03:19:46.413Z level=warning event=stale_data groups=robot3.telemetry:4 robots=1
ts=2026-09-15T03:19:46.914Z level=warning event=stale_data groups=event:3,robot3.modules:11,robot3.position:3,robot3.telemetry:4 robots=1
ts=2026-09-15T03:19:47.413Z level=warning event=stale_data groups=event:3,robot3.telemetry:4 robots=1
ts=2026-09-15T03:19:47.914Z level=warning event=stale_data groups=event:3,robot3.modules:11,robot3.position:3,robot3.telemetry:4 robots=1
ts=2026-09-15T03:19:48.414Z level=warning event=stale_data groups=robot3.telemetry:4 robots=1
ts=2026-09-15T03:19:48.414Z level=info event=ui_mode_switch from=Info to=Video reason=BlindAsserted blind_freshness=Fresh
ts=2026-09-15T03:19:48.914Z level=warning event=stale_data groups=event:3,robot3.modules:11,robot3.position:3,robot3.telemetry:4 robots=1
ts=2026-09-15T03:19:49.414Z level=warning event=stale_data groups=event:3,robot3.telemetry:4 robots=1
ts=2026-09-15T03:19:49.663Z level=warning event=stale_data groups=robot3.telemetry:4 robots=1
ts=2026-09-15T03:19:49.914Z level=warning event=stale_data groups=robot3.modules:11,robot3.position:3,robot3.telemetry:4 robots=1
ts=2026-09-15T03:19:50.164Z level=warning event=stale_data groups=event:3,robot3.modules:11,robot3.position:3,robot3.telemetry:4 robots=1
ts=2026-09-15T03:19:50.414Z level=warning event=stale_data groups=event:3,robot3.telemetry:4 robots=1
ts=2026-09-15T03:19:50.914Z level=warning event=stale_data groups=event:3,robot3.modules:11,robot3.position:3,robot3.telemetry:4 robots=1
ts=2026-09-15T03:19:51.413Z level=warning event=stale_data groups=robot3.telemetry:4 robots=1
ts=2026-09-15T03:19:51.913Z level=warning event=stale_data groups=robot3.modules:11,robot3.position:3,robot3.telemetry:4 robots=1
ts=2026-09-15T03:19:52.164Z level=warning event=stale_data groups=event:3,robot3.modules:11,robot3.position:3,robot3.telemetry:4 robots=1
ts=2026-09-15T03:19:52.413Z level=warning event=stale_data groups=event:3,robot3.telemetry:4 robots=1
ts=2026-09-15T03:19:52.914Z level=warning event=stale_data groups=robot3.modules:11,robot3.position:3 robots=1
ts=2026-09-15T03:19:53.914Z level=warning event=stale_data groups=event:3,robot3.modules:11,robot3.position:3,robot3.telemetry:4 robots=1
ts=2026-09-15T03:19:54.414Z level=warning event=stale_data groups=event:3,robot3.telemetry:4 robots=1
ts=2026-09-15T03:19:54.913Z level=warning event=stale_data groups=event:3,robot3.modules:11,robot3.position:3,robot3.telemetry:4 robots=1
ts=2026-09-15T03:19:55.163Z level=warning event=stale_data groups=robot3.modules:11,robot3.position:3,robot3.telemetry:4 robots=1
ts=2026-09-15T03:19:55.413Z level=warning event=stale_data groups=robot3.telemetry:4 robots=1
ts=2026-09-15T03:19:55.664Z level=warning event=stale_data groups=event:3,robot3.telemetry:4 robots=1
ts=2026-09-15T03:19:55.913Z level=warning event=stale_data groups=event:3,robot3.modules:11,robot3.position:3,robot3.telemetry:4 robots=1
ts=2026-09-15T03:19:56.413Z level=warning event=stale_data groups=event:3,robot3.telemetry:4 robots=1
ts=2026-09-15T03:19:56.913Z level=warning event=stale_data groups=robot3.modules:11,robot3.position:3,robot3.telemetry:4 robots=1
ts=2026-09-15T03:19:57.414Z level=warning event=stale_data groups=robot3.telemetry:4 robots=1
ts=2026-09-15T03:19:57.664Z level=warning event=stale_data groups=event:3,robot3.telemetry:4 robots=1
ts=2026-09-15T03:19:57.914Z level=warning event=stale_data groups=event:3,robot3.modules:11,robot3.position:3,robot3.telemetry:4 robots=1
ts=2026-09-15T03:19:58.414Z level=warning event=stale_data groups=event:3,robot3.telemetry:4 robots=1
ts=2026-09-15T03:19:58.914Z level=warning event=stale_data groups=robot3.modules:11,robot3.position:3 robots=1
ts=2026-09-15T03:19:59.414Z level=warning event=stale_data groups=event:3 robots=1
ts=2026-09-15T03:19:59.914Z level=warning event=stale_data groups=event:3,robot3.modules:11,robot3.position:3 robots=1
ts=2026-09-15T03:20:00.913Z level=warning event=stale_data groups=robot3.modules:11,robot3.position:3,robot3.telemetry:4 robots=1
ts=2026-09-15T03:20:01.164Z level=warning event=stale_data groups=robot3.modules:11,robot3.position:3 robots=1
ts=2026-09-15T03:20:01.913Z level=warning event=stale_data groups=event:3,robot3.modules:11,robot3.position:3 robots=1
ts=2026-09-15T03:20:02.164Z level=warning event=stale_data groups=event:3,robot3.modules:11,robot3.position:3,robot3.telemetry:4 robots=1
ts=2026-09-15T03:20:02.414Z level=warning event=stale_data groups=event:3,robot3.telemetry:4 robots=1
ts=2026-09-15T03:20:02.914Z level=warning event=stale_data groups=event:3,robot3.modules:11,robot3.position:3,robot3.telemetry:4 robots=1
ts=2026-09-15T03:20:03.414Z level=warning event=stale_data groups=robot3.telemetry:4 robots=1
ts=2026-09-15T03:20:03.414Z level=info event=ui_mode_switch from=Video to=Info reason=BlindClearedHysteresis blind_freshness=Fresh
ts=2026-09-15T03:20:03.913Z level=warning event=stale_data groups=robot3.modules:11,robot3.position:3 robots=1
ts=2026-09-15T03:20:04.914Z level=warning event=stale_data groups=robot3.modules:11,robot3.position:3 robots=1
ts=2026-09-15T03:20:05.163Z level=warning event=stale_data groups=event:3,robot3.modules:11,robot3.position:3 robots=1
ts=2026-09-15T03:20:05.414Z level=warning event=stale_data groups=event:3 robots=1
ts=2026-09-15T03:20:05.914Z level=warning event=stale_data groups=robot3.modules:11,robot3.position:3 robots=1
ts=2026-09-15T03:20:06.414Z level=warning event=stale_data groups=event:3 robots=1
ts=2026-09-15T03:20:06.914Z level=warning event=stale_data groups=robot3.modules:11,robot3.position:3 robots=1
ts=2026-09-15T03:20:07.414Z level=warning event=stale_data groups=event:3 robots=1
ts=2026-09-15T03:20:07.914Z level=warning event=stale_data groups=event:3,robot3.modules:11,robot3.position:3 robots=1
ts=2026-09-15T03:20:08.414Z level=warning event=stale_data groups=event:3,robot3.telemetry:4 robots=1
ts=2026-09-15T03:20:08.914Z level=warning event=stale_data groups=event:3,robot3.modules:11,robot3.position:3,robot3.telemetry:4 robots=1
ts=2026-09-15T03:20:09.164Z level=warning event=stale_data groups=robot3.modules:11,robot3.position:3 robots=1
ts=2026-09-15T03:20:09.664Z level=warning event=stale_data groups=event:3 robots=1
ts=2026-09-15T03:20:09.914Z level=warning event=stale_data groups=event:3,robot3.modules:11,robot3.position:3 robots=1
ts=2026-09-15T03:20:10.164Z level=warning event=stale_data groups=robot3.modules:11,robot3.position:3 robots=1
ts=2026-09-15T03:20:10.913Z level=warning event=stale_data groups=robot3.modules:11,robot3.position:3 robots=1
ts=2026-09-15T03:20:11.414Z level=warning event=stale_data groups=event:3,robot3.telemetry:4 robots=1
ts=2026-09-15T03:20:11.914Z level=warning event=stale_data groups=event:3,robot3.modules:11,robot3.position:3,robot3.telemetry:4 robots=1
ts=2026-09-15T03:20:12.414Z level=warning event=stale_data groups=event:3,robot3.telemetry:4 robots=1
ts=2026-09-15T03:20:12.914Z level=warning event=stale_data groups=event:3,robot3.modules:11,robot3.position:3,robot3.telemetry:4 robots=1
ts=2026-09-15T03:20:13.414Z level=warning event=stale_data groups=event:3,robot3.telemetry:4 robots=1
ts=2026-09-15T03:20:13.914Z level=warning event=stale_data groups=event:3,robot3.modules:11,robot3.position:3,robot3.telemetry:4 robots=1
ts=2026-09-15T03:20:14.413Z level=warning event=stale_data groups=robot3.telemetry:4 robots=1
ts=2026-09-15T03:20:14.914Z level=warning event=stale_data groups=event:3,robot3.modules:11,robot3.position:3,robot3.telemetry:4 robots=1
ts=2026-09-15T03:20:15.413Z level=warning event=stale_data groups=robot3.telemetry:4 robots=1
ts=2026-09-15T03:20:15.914Z level=warning event=stale_data groups=event:3,robot3.modules:11,robot3.position:3,robot3.telemetry:4 robots=1
ts=2026-09-15T03:20:16.414Z level=warning event=stale_data groups=event:3,robot3.telemetry:4 robots=1
ts=2026-09-15T03:20:16.914Z level=warning event=stale_data groups=event:3,robot3.modules:11,robot3.position:3,robot3.telemetry:4 robots=1
ts=2026-09-15T03:20:17.163Z level=warning event=stale_data groups=robot3.modules:11,robot3.position:3,robot3.telemetry:4 robots=1
ts=2026-09-15T03:20:17.913Z level=warning event=stale_data groups=robot3.modules:11,robot3.position:3 robots=1
ts=2026-09-15T03:20:18.164Z level=warning event=stale_data groups=robot3.modules:11,robot3.position:3,robot3.telemetry:4 robots=1
ts=2026-09-15T03:20:18.413Z level=warning event=stale_data groups=robot3.telemetry:4 robots=1
ts=2026-09-15T03:20:18.914Z level=warning event=stale_data groups=event:3,robot3.modules:11,robot3.position:3,robot3.telemetry:4 robots=1
ts=2026-09-15T03:20:19.414Z level=warning event=stale_data groups=robot3.telemetry:4 robots=1
ts=2026-09-15T03:20:19.914Z level=warning event=stale_data groups=robot3.modules:11,robot3.position:3,robot3.telemetry:4 robots=1
ts=2026-09-15T03:20:20.914Z level=warning event=stale_data groups=event:3,robot3.modules:11,robot3.position:3 robots=1
ts=2026-09-15T03:20:21.414Z level=warning event=stale_data groups=event:3 robots=1
ts=2026-09-15T03:20:21.914Z level=warning event=stale_data groups=event:3,robot3.modules:11,robot3.position:3 robots=1
ts=2026-09-15T03:20:22.414Z level=warning event=stale_data groups=event:3 robots=1
ts=2026-09-15T03:20:22.664Z level=warning event=stale_data groups=event:3,robot3.telemetry:4 robots=1
ts=2026-09-15T03:20:22.914Z level=warning event=stale_data groups=event:3,robot3.modules:11,robot3.position:3,robot3.telemetry:4 robots=1
ts=2026-09-15T03:20:23.164Z level=warning event=stale_data groups=robot3.modules:11,robot3.position:3,robot3.telemetry:4 robots=1
ts=2026-09-15T03:20:23.413Z level=warning event=stale_data groups=robot3.telemetry:4 robots=1
ts=2026-09-15T03:20:23.914Z level=warning event=stale_data groups=robot3.modules:11,robot3.position:3 robots=1
ts=2026-09-15T03:20:24.163Z level=warning event=stale_data groups=event:3,robot3.modules:11,robot3.position:3 robots=1
ts=2026-09-15T03:20:24.413Z level=warning event=stale_data groups=event:3 robots=1
ts=2026-09-15T03:20:24.914Z level=warning event=stale_data groups=event:3,robot3.modules:11,robot3.position:3 robots=1
ts=2026-09-15T03:20:25.414Z level=warning event=stale_data groups=event:3 robots=1
ts=2026-09-15T03:20:25.914Z level=warning event=stale_data groups=robot3.modules:11,robot3.position:3,robot3.telemetry:4 robots=1
ts=2026-09-15T03:20:26.164Z level=warning event=stale_data groups=event:3,robot3.modules:11,robot3.position:3,robot3.telemetry:4 robots=1
ts=2026-09-15T03:20:26.414Z level=warning event=stale_data groups=robot3.telemetry:4 robots=1
ts=2026-09-15T03:20:26.914Z level=warning event=stale_data groups=robot3.modules:11,robot3.position:3,robot3.telemetry:4 robots=1
ts=2026-09-15T03:20:27.413Z level=warning event=stale_data groups=event:3,robot3.telemetry:4 robots=1
ts=2026-09-15T03:20:27.664Z level=warning event=stale_data groups=robot3.telemetry:4 robots=1
ts=2026-09-15T03:20:27.913Z level=warning event=stale_data groups=robot3.modules:11,robot3.position:3,robot3.telemetry:4 robots=1
ts=2026-09-15T03:20:28.414Z level=warning event=stale_data groups=robot3.telemetry:4 robots=1
ts=2026-09-15T03:20:28.663Z level=warning event=stale_data groups=event:3,robot3.telemetry:4 robots=1
ts=2026-09-15T03:20:28.914Z level=warning event=stale_data groups=event:3,robot3.modules:11,robot3.position:3,robot3.telemetry:4 robots=1
ts=2026-09-15T03:20:29.414Z level=warning event=stale_data groups=event:3,robot3.telemetry:4 robots=1
ts=2026-09-15T03:20:29.914Z level=warning event=stale_data groups=event:3,robot3.modules:11,robot3.position:3,robot3.telemetry:4 robots=1
ts=2026-09-15T03:20:30.413Z level=warning event=stale_data groups=robot3.telemetry:4 robots=1
ts=2026-09-15T03:20:30.913Z level=warning event=stale_data groups=event:3,robot3.modules:11,robot3.position:3,robot3.telemetry:4 robots=1
ts=2026-09-15T03:20:31.414Z level=warning event=stale_data groups=event:3,robot3.telemetry:4 robots=1
ts=2026-09-15T03:20:31.914Z level=warning event=stale_data groups=event:3,robot3.modules:11,robot3.position:3,robot3.telemetry:4 robots=1
ts=2026-09-15T03:20:32.163Z level=warning event=stale_data groups=robot3.modules:11,robot3.position:3,robot3.telemetry:4 robots=1
ts=2026-09-15T03:20:32.414Z level=warning event=stale_data groups=robot3.telemetry:4 robots=1
ts=2026-09-15T03:20:32.664Z level=warning event=stale_data groups=event:3,robot3.telemetry:4 robots=1
ts=2026-09-15T03:20:32.914Z level=warning event=stale_data groups=event:3,robot3.modules:11,robot3.position:3,robot3.telemetry:4 robots=1
ts=2026-09-15T03:20:33.414Z level=warning event=stale_data groups=event:3,robot3.telemetry:4 robots=1
ts=2026-09-15T03:20:33.914Z level=warning event=stale_data groups=event:3,robot3.modules:11,robot3.position:3,robot3.telemetry:4 robots=1
ts=2026-09-15T03:20:34.413Z level=warning event=stale_data groups=event:3,robot3.telemetry:4 robots=1
ts=2026-09-15T03:20:34.913Z level=warning event=stale_data groups=event:3,robot3.modules:11,robot3.position:3,robot3.telemetry:4 robots=1
ts=2026-09-15T03:20:35.414Z level=warning event=stale_data groups=robot3.telemetry:4 robots=1
ts=2026-09-15T03:20:35.914Z level=warning event=stale_data groups=event:3,robot3.modules:11,robot3.position:3,robot3.telemetry:4 robots=1
ts=2026-09-15T03:20:36.414Z level=warning event=stale_data groups=event:3,robot3.telemetry:4 robots=1
ts=2026-09-15T03:20:36.914Z level=warning event=stale_data groups=robot3.modules:11,robot3.position:3 robots=1
ts=2026-09-15T03:20:37.164Z level=warning event=stale_data groups=event:3,robot3.modules:11,robot3.position:3 robots=1
ts=2026-09-15T03:20:37.414Z level=warning event=stale_data groups=event:3 robots=1
ts=2026-09-15T03:20:37.914Z level=warning event=stale_data groups=robot3.modules:11,robot3.position:3,robot3.telemetry:4 robots=1
ts=2026-09-15T03:20:38.414Z level=warning event=stale_data groups=robot3.telemetry:4 robots=1
ts=2026-09-15T03:20:38.664Z level=warning event=stale_data groups=event:3,robot3.telemetry:4 robots=1
ts=2026-09-15T03:20:38.914Z level=warning event=stale_data groups=robot3.modules:11,robot3.position:3,robot3.telemetry:4 robots=1
ts=2026-09-15T03:20:39.164Z level=warning event=stale_data groups=robot3.modules:11,robot3.position:3 robots=1
ts=2026-09-15T03:20:39.664Z level=warning event=stale_data groups=event:3 robots=1
ts=2026-09-15T03:20:39.914Z level=warning event=stale_data groups=event:3,robot3.modules:11,robot3.position:3 robots=1
ts=2026-09-15T03:20:40.413Z level=warning event=stale_data groups=event:3 robots=1
ts=2026-09-15T03:20:40.913Z level=warning event=stale_data groups=event:3,robot3.modules:11,robot3.position:3 robots=1
ts=2026-09-15T03:20:41.664Z level=warning event=stale_data groups=robot3.telemetry:4 robots=1
ts=2026-09-15T03:20:41.914Z level=warning event=stale_data groups=event:3,robot3.modules:11,robot3.position:3,robot3.telemetry:4 robots=1
ts=2026-09-15T03:20:42.413Z level=warning event=stale_data groups=event:3,robot3.telemetry:4 robots=1
ts=2026-09-15T03:20:42.914Z level=warning event=stale_data groups=robot3.modules:11,robot3.position:3 robots=1
ts=2026-09-15T03:20:43.914Z level=warning event=stale_data groups=event:3,robot3.modules:11,robot3.position:3,robot3.telemetry:4 robots=1
ts=2026-09-15T03:20:44.414Z level=warning event=stale_data groups=event:3,robot3.telemetry:4 robots=1
ts=2026-09-15T03:20:44.914Z level=warning event=stale_data groups=event:3,robot3.modules:11,robot3.position:3,robot3.telemetry:4 robots=1
ts=2026-09-15T03:20:45.414Z level=warning event=stale_data groups=event:3,robot3.telemetry:4 robots=1
ts=2026-09-15T03:20:45.914Z level=warning event=stale_data groups=robot3.modules:11,robot3.position:3,robot3.telemetry:4 robots=1
ts=2026-09-15T03:20:46.414Z level=warning event=stale_data groups=robot3.telemetry:4 robots=1
ts=2026-09-15T03:20:46.664Z level=warning event=stale_data groups=event:3,robot3.telemetry:4 robots=1
ts=2026-09-15T03:20:46.913Z level=warning event=stale_data groups=event:3,robot3.modules:11,robot3.position:3,robot3.telemetry:4 robots=1
ts=2026-09-15T03:20:47.414Z level=warning event=stale_data groups=event:3,robot3.telemetry:4 robots=1
ts=2026-09-15T03:20:47.914Z level=warning event=stale_data groups=event:3,robot3.modules:11,robot3.position:3,robot3.telemetry:4 robots=1
ts=2026-09-15T03:20:48.164Z level=warning event=stale_data groups=robot3.modules:11,robot3.position:3,robot3.telemetry:4 robots=1
ts=2026-09-15T03:20:48.413Z level=warning event=stale_data groups=robot3.telemetry:4 robots=1
ts=2026-09-15T03:20:48.664Z level=warning event=stale_data groups=event:3,robot3.telemetry:4 robots=1
ts=2026-09-15T03:20:48.913Z level=warning event=stale_data groups=event:3,robot3.modules:11,robot3.position:3,robot3.telemetry:4 robots=1
ts=2026-09-15T03:20:49.413Z level=warning event=stale_data groups=event:3,robot3.telemetry:4 robots=1
ts=2026-09-15T03:20:49.913Z level=warning event=stale_data groups=robot3.modules:11,robot3.position:3 robots=1
ts=2026-09-15T03:20:50.163Z level=warning event=stale_data groups=event:3,robot3.modules:11,robot3.position:3,robot3.telemetry:4 robots=1
ts=2026-09-15T03:20:50.913Z level=warning event=stale_data groups=event:3,robot3.modules:11,robot3.position:3 robots=1
ts=2026-09-15T03:20:51.413Z level=warning event=stale_data groups=event:3,robot3.telemetry:4 robots=1
ts=2026-09-15T03:20:51.914Z level=warning event=stale_data groups=event:3,robot3.modules:11,robot3.position:3,robot3.telemetry:4 robots=1
ts=2026-09-15T03:20:52.164Z level=warning event=stale_data groups=robot3.modules:11,robot3.position:3 robots=1
ts=2026-09-15T03:20:52.914Z level=warning event=stale_data groups=robot3.modules:11,robot3.position:3 robots=1
ts=2026-09-15T03:20:53.164Z level=warning event=stale_data groups=event:3,robot3.modules:11,robot3.position:3,robot3.telemetry:4 robots=1
ts=2026-09-15T03:20:53.414Z level=warning event=stale_data groups=event:3,robot3.telemetry:4 robots=1
ts=2026-09-15T03:20:53.664Z level=warning event=stale_data groups=robot3.telemetry:4 robots=1
ts=2026-09-15T03:20:53.914Z level=warning event=stale_data groups=robot3.modules:11,robot3.position:3,robot3.telemetry:4 robots=1
ts=2026-09-15T03:20:54.164Z level=warning event=stale_data groups=event:3,robot3.modules:11,robot3.position:3,robot3.telemetry:4 robots=1
ts=2026-09-15T03:20:54.413Z level=warning event=stale_data groups=event:3,robot3.telemetry:4 robots=1
ts=2026-09-15T03:20:54.913Z level=warning event=stale_data groups=event:3,robot3.modules:11,robot3.position:3,robot3.telemetry:4 robots=1
ts=2026-09-15T03:20:55.414Z level=warning event=stale_data groups=event:3,robot3.telemetry:4 robots=1
ts=2026-09-15T03:20:55.663Z level=warning event=stale_data groups=robot3.telemetry:4 robots=1
ts=2026-09-15T03:20:55.914Z level=warning event=stale_data groups=robot3.modules:11,robot3.position:3,robot3.telemetry:4 robots=1
ts=2026-09-15T03:20:56.414Z level=warning event=stale_data groups=event:3,robot3.telemetry:4 robots=1
ts=2026-09-15T03:20:56.913Z level=warning event=stale_data groups=event:3,robot3.modules:11,robot3.position:3,robot3.telemetry:4 robots=1
ts=2026-09-15T03:20:57.414Z level=warning event=stale_data groups=event:3,robot3.telemetry:4 robots=1
ts=2026-09-15T03:20:57.913Z level=warning event=stale_data groups=event:3,robot3.modules:11,robot3.position:3,robot3.telemetry:4 robots=1
ts=2026-09-15T03:20:59.125Z level=info event=startup mode=terminal platform=macOS mqtt_host=127.0.0.1 mqtt_port=3333 udp_port=3334 stale_window_ms=500
ts=2026-09-15T03:20:59.969Z level=warning event=stale_data groups=robot3.modules:11,robot3.position:3 robots=1
ts=2026-09-15T03:21:00.920Z level=warning event=stale_data groups=robot3.modules:11,robot3.position:3 robots=1
ts=2026-09-15T03:21:01.913Z level=warning event=stale_data groups=robot3.modules:11,robot3.position:3 robots=1
ts=2026-09-15T03:21:02.663Z level=warning event=stale_data groups=event:3,robot3.telemetry:4 robots=1
ts=2026-09-15T03:21:02.914Z level=warning event=stale_data groups=robot3.modules:11,robot3.position:3 robots=1
ts=2026-09-15T03:21:03.413Z level=warning event=stale_data groups=event:3 robots=1
ts=2026-09-15T03:21:03.914Z level=warning event=stale_data groups=robot3.modules:11,robot3.position:3 robots=1
ts=2026-09-15T03:21:04.414Z level=warning event=stale_data groups=event:3,robot3.telemetry:4 robots=1
ts=2026-09-15T03:21:04.914Z level=warning event=stale_data groups=event:3,robot3.modules:11,robot3.position:3,robot3.telemetry:4 robots=1
ts=2026-09-15T03:21:05.413Z level=warning event=stale_data groups=event:3,robot3.telemetry:4 robots=1
ts=2026-09-15T03:21:05.914Z level=warning event=stale_data groups=robot3.modules:11,robot3.position:3,robot3.telemetry:4 robots=1
ts=2026-09-15T03:21:06.414Z level=warning event=stale_data groups=event:3,robot3.telemetry:4 robots=1
ts=2026-09-15T03:21:06.913Z level=warning event=stale_data groups=event:3,robot3.modules:11,robot3.position:3,robot3.telemetry:4 robots=1
ts=2026-09-15T03:21:07.164Z level=warning event=stale_data groups=robot3.modules:11,robot3.position:3,robot3.telemetry:4 robots=1
ts=2026-09-15T03:21:07.413Z level=warning event=stale_data groups=robot3.telemetry:4 robots=1
ts=2026-09-15T03:21:07.663Z level=warning event=stale_data groups=event:3,robot3.telemetry:4 robots=1
ts=2026-09-15T03:21:07.913Z level=warning event=stale_data groups=robot3.modules:11,robot3.position:3,robot3.telemetry:4 robots=1
ts=2026-09-15T03:21:08.414Z level=warning event=stale_data groups=event:3,robot3.telemetry:4 robots=1
ts=2026-09-15T03:21:08.913Z level=warning event=stale_data groups=event:3,robot3.modules:11,robot3.position:3,robot3.telemetry:4 robots=1
ts=2026-09-15T03:21:09.414Z level=warning event=stale_data groups=event:3,robot3.telemetry:4 robots=1
ts=2026-09-15T03:21:09.914Z level=warning event=stale_data groups=event:3,robot3.modules:11,robot3.position:3,robot3.telemetry:4 robots=1
ts=2026-09-15T03:21:10.164Z level=warning event=stale_data groups=robot3.modules:11,robot3.position:3,robot3.telemetry:4 robots=1
ts=2026-09-15T03:21:10.913Z level=warning event=stale_data groups=robot3.modules:11,robot3.position:3 robots=1
ts=2026-09-15T03:21:11.164Z level=warning event=stale_data groups=robot3.modules:11,robot3.position:3,robot3.telemetry:4 robots=1
ts=2026-09-15T03:21:11.413Z level=warning event=stale_data groups=event:3,robot3.telemetry:4 robots=1
ts=2026-09-15T03:21:11.914Z level=warning event=stale_data groups=event:3,robot3.modules:11,robot3.position:3,robot3.telemetry:4 robots=1
ts=2026-09-15T03:21:12.414Z level=warning event=stale_data groups=event:3,robot3.telemetry:4 robots=1
ts=2026-09-15T03:21:12.913Z level=warning event=stale_data groups=robot3.modules:11,robot3.position:3,robot3.telemetry:4 robots=1
ts=2026-09-15T03:21:13.914Z level=warning event=stale_data groups=robot3.modules:11,robot3.position:3 robots=1
ts=2026-09-15T03:21:14.664Z level=warning event=stale_data groups=event:3,robot3.telemetry:4 robots=1
ts=2026-09-15T03:21:14.913Z level=warning event=stale_data groups=event:3,robot3.modules:11,robot3.position:3,robot3.telemetry:4 robots=1
ts=2026-09-15T03:21:15.914Z level=warning event=stale_data groups=robot3.modules:11,robot3.position:3 robots=1
ts=2026-09-15T03:21:16.163Z level=warning event=stale_data groups=event:3,robot3.modules:11,robot3.position:3 robots=1
ts=2026-09-15T03:21:16.414Z level=warning event=stale_data groups=event:3 robots=1
ts=2026-09-15T03:21:16.914Z level=warning event=stale_data groups=robot3.modules:11,robot3.position:3 robots=1
ts=2026-09-15T03:21:17.414Z level=warning event=stale_data groups=event:3 robots=1
ts=2026-09-15T03:21:17.914Z level=warning event=stale_data groups=event:3,robot3.modules:11,robot3.position:3 robots=1
ts=2026-09-15T03:21:18.414Z level=warning event=stale_data groups=event:3 robots=1
ts=2026-09-15T03:21:18.913Z level=warning event=stale_data groups=event:3,robot3.modules:11,robot3.position:3 robots=1
ts=2026-09-15T03:21:19.914Z level=warning event=stale_data groups=robot3.modules:11,robot3.position:3 robots=1
ts=2026-09-15T03:21:20.414Z level=warning event=stale_data groups=event:3 robots=1
ts=2026-09-15T03:21:20.914Z level=warning event=stale_data groups=robot3.modules:11,robot3.position:3,robot3.telemetry:4 robots=1
ts=2026-09-15T03:21:21.163Z level=warning event=stale_data groups=event:3,robot3.modules:11,robot3.position:3,robot3.telemetry:4 robots=1
ts=2026-09-15T03:21:21.413Z level=warning event=stale_data groups=event:3,robot3.telemetry:4 robots=1
ts=2026-09-15T03:21:21.663Z level=warning event=stale_data groups=robot3.telemetry:4 robots=1
ts=2026-09-15T03:21:21.914Z level=warning event=stale_data groups=robot3.modules:11,robot3.position:3,robot3.telemetry:4 robots=1
ts=2026-09-15T03:21:22.163Z level=warning event=stale_data groups=event:3,robot3.modules:11,robot3.position:3,robot3.telemetry:4 robots=1
ts=2026-09-15T03:21:22.414Z level=warning event=stale_data groups=event:3,robot3.telemetry:4 robots=1
ts=2026-09-15T03:21:22.913Z level=warning event=stale_data groups=event:3,robot3.modules:11,robot3.position:3,robot3.telemetry:4 robots=1
ts=2026-09-15T03:21:23.414Z level=warning event=stale_data groups=robot3.telemetry:4 robots=1
ts=2026-09-15T03:21:23.914Z level=warning event=stale_data groups=event:3,robot3.modules:11,robot3.position:3,robot3.telemetry:4 robots=1
ts=2026-09-15T03:21:24.414Z level=warning event=stale_data groups=event:3,robot3.telemetry:4 robots=1
ts=2026-09-15T03:21:24.913Z level=warning event=stale_data groups=event:3,robot3.modules:11,robot3.position:3,robot3.telemetry:4 robots=1
ts=2026-09-15T03:21:25.413Z level=warning event=stale_data groups=event:3,robot3.telemetry:4 robots=1
ts=2026-09-15T03:21:25.914Z level=warning event=stale_data groups=event:3,robot3.modules:11,robot3.position:3,robot3.telemetry:4 robots=1
ts=2026-09-15T03:21:26.414Z level=warning event=stale_data groups=event:3,robot3.telemetry:4 robots=1
ts=2026-09-15T03:21:26.914Z level=warning event=stale_data groups=event:3,robot3.modules:11,robot3.position:3,robot3.telemetry:4 robots=1
ts=2026-09-15T03:21:27.163Z level=warning event=stale_data groups=robot3.modules:11,robot3.position:3,robot3.telemetry:4 robots=1
ts=2026-09-15T03:21:27.414Z level=warning event=stale_data groups=robot3.telemetry:4 robots=1
ts=2026-09-15T03:21:27.664Z level=warning event=stale_data groups=event:3,robot3.telemetry:4 robots=1
ts=2026-09-15T03:21:27.913Z level=warning event=stale_data groups=event:3,robot3.modules:11,robot3.position:3,robot3.telemetry:4 robots=1
ts=2026-09-15T03:21:28.914Z level=warning event=stale_data groups=event:3,robot3.modules:11,robot3.position:3 robots=1
ts=2026-09-15T03:21:29.414Z level=warning event=stale_data groups=event:3 robots=1
ts=2026-09-15T03:21:29.914Z level=warning event=stale_data groups=event:3,robot3.modules:11,robot3.position:3 robots=1
ts=2026-09-15T03:21:30.414Z level=warning event=stale_data groups=event:3 robots=1
ts=2026-09-15T03:21:30.664Z level=warning event=stale_data groups=event:3,robot3.telemetry:4 robots=1
ts=2026-09-15T03:21:30.914Z level=warning event=stale_data groups=event:3,robot3.modules:11,robot3.position:3 robots=1
ts=2026-09-15T03:21:31.164Z level=warning event=stale_data groups=robot3.modules:11,robot3.position:3 robots=1
ts=2026-09-15T03:21:31.663Z level=warning event=stale_data groups=event:3 robots=1
ts=2026-09-15T03:21:31.914Z level=warning event=stale_data groups=event:3,robot3.modules:11,robot3.position:3 robots=1
ts=2026-09-15T03:21:32.913Z level=warning event=stale_data groups=event:3,robot3.modules:11,robot3.position:3 robots=1
ts=2026-09-15T03:21:33.413Z level=warning event=stale_data groups=event:3 robots=1
ts=2026-09-15T03:21:33.914Z level=warning event=stale_data groups=robot3.modules:11,robot3.position:3 robots=1
ts=2026-09-15T03:21:34.164Z level=warning event=stale_data groups=event:3,robot3.modules:11,robot3.position:3 robots=1
ts=2026-09-15T03:21:34.414Z level=warning event=stale_data groups=event:3 robots=1
ts=2026-09-15T03:21:34.914Z level=warning event=stale_data groups=robot3.modules:11,robot3.position:3 robots=1
ts=2026-09-15T03:21:35.414Z level=warning event=stale_data groups=event:3,robot3.telemetry:4 robots=1
ts=2026-09-15T03:21:35.914Z level=warning event=stale_data groups=event:3,robot3.modules:11,robot3.position:3,robot3.telemetry:4 robots=1
ts=2026-09-15T03:21:36.164Z level=warning event=stale_data groups=robot3.modules:11,robot3.position:3,robot3.telemetry:4 robots=1
ts=2026-09-15T03:21:36.414Z level=warning event=stale_data groups=robot3.telemetry:4 robots=1
ts=2026-09-15T03:21:36.663Z level=warning event=stale_data groups=event:3,robot3.telemetry:4 robots=1
ts=2026-09-15T03:21:36.914Z level=warning event=stale_data groups=event:3,robot3.modules:11,robot3.position:3,robot3.telemetry:4 robots=1
ts=2026-09-15T03:21:37.414Z level=warning event=stale_data groups=event:3,robot3.telemetry:4 robots=1
ts=2026-09-15T03:21:37.914Z level=warning event=stale_data groups=event:3,robot3.modules:11,robot3.position:3,robot3.telemetry:4 robots=1
ts=2026-09-15T03:21:38.414Z level=warning event=stale_data groups=event:3,robot3.telemetry:4 robots=1
ts=2026-09-15T03:21:38.914Z level=warning event=stale_data groups=robot3.modules:11,robot3.position:3,robot3.telemetry:4 robots=1
ts=2026-09-15T03:21:39.914Z level=warning event=stale_data groups=robot3.modules:11,robot3.position:3 robots=1
ts=2026-09-15T03:21:40.913Z level=warning event=stale_data groups=event:3,robot3.modules:11,robot3.position:3 robots=1
ts=2026-09-15T03:21:41.414Z level=warning event=stale_data groups=event:3 robots=1
ts=2026-09-15T03:21:41.663Z level=warning event=stale_data groups=event:3,robot3.telemetry:4 robots=1
ts=2026-09-15T03:21:41.914Z level=warning event=stale_data groups=event:3,robot3.modules:11,robot3.position:3,robot3.telemetry:4 robots=1
ts=2026-09-15T03:21:42.163Z level=warning event=stale_data groups=robot3.modules:11,robot3.position:3,robot3.telemetry:4 robots=1
ts=2026-09-15T03:21:42.414Z level=warning event=stale_data groups=robot3.telemetry:4 robots=1
ts=2026-09-15T03:21:42.664Z level=warning event=stale_data groups=event:3,robot3.telemetry:4 robots=1
ts=2026-09-15T03:21:42.914Z level=warning event=stale_data groups=event:3,robot3.modules:11,robot3.position:3,robot3.telemetry:4 robots=1
ts=2026-09-15T03:21:43.414Z level=warning event=stale_data groups=event:3,robot3.telemetry:4 robots=1
ts=2026-09-15T03:21:43.913Z level=warning event=stale_data groups=event:3,robot3.modules:11,robot3.position:3,robot3.telemetry:4 robots=1
ts=2026-09-15T03:21:44.413Z level=warning event=stale_data groups=event:3,robot3.telemetry:4 robots=1
ts=2026-09-15T03:21:44.913Z level=warning event=stale_data groups=event:3,robot3.modules:11,robot3.position:3,robot3.telemetry:4 robots=1
ts=2026-09-15T03:21:45.414Z level=warning event=stale_data groups=event:3,robot3.telemetry:4 robots=1
ts=2026-09-15T03:21:45.914Z level=warning event=stale_data groups=event:3,robot3.modules:11,robot3.position:3,robot3.telemetry:4 robots=1
ts=2026-09-15T03:21:46.413Z level=warning event=stale_data groups=event:3,robot3.telemetry:4 robots=1
ts=2026-09-15T03:21:46.914Z level=warning event=stale_data groups=event:3,robot3.modules:11,robot3.position:3,robot3.telemetry:4 robots=1
ts=2026-09-15T03:21:47.414Z level=warning event=stale_data groups=robot3.telemetry:4 robots=1
ts=2026-09-15T03:21:47.914Z level=warning event=stale_data groups=robot3.modules:11,robot3.position:3,robot3.telemetry:4 robots=1
ts=2026-09-15T03:21:48.163Z level=warning event=stale_data groups=event:3,robot3.modules:11,robot3.position:3,robot3.telemetry:4 robots=1
ts=2026-09-15T03:21:48.414Z level=warning event=stale_data groups=robot3.telemetry:4 robots=1
ts=2026-09-15T03:21:48.914Z level=warning event=stale_data groups=robot3.modules:11,robot3.position:3,robot3.telemetry:4 robots=1
ts=2026-09-15T03:21:49.914Z level=warning event=stale_data groups=robot3.modules:11,robot3.position:3 robots=1
ts=2026-09-15T03:21:50.913Z level=warning event=stale_data groups=robot3.modules:11,robot3.position:3 robots=1
ts=2026-09-15T03:21:51.414Z level=warning event=stale_data groups=event:3 robots=1
ts=2026-09-15T03:21:51.914Z level=warning event=stale_data groups=robot3.modules:11,robot3.position:3 robots=1
ts=2026-09-15T03:21:52.413Z level=warning event=stale_data groups=event:3,robot3.telemetry:4 robots=1
ts=2026-09-15T03:21:52.914Z level=warning event=stale_data groups=event:3,robot3.modules:11,robot3.position:3,robot3.telemetry:4 robots=1
ts=2026-09-15T03:21:53.164Z level=warning event=stale_data groups=robot3.modules:11,robot3.position:3 robots=1
ts=2026-09-15T03:21:53.664Z level=warning event=stale_data groups=event:3 robots=1
ts=2026-09-15T03:21:53.913Z level=warning event=stale_data groups=event:3,robot3.modules:11,robot3.position:3 robots=1
ts=2026-09-15T03:21:54.414Z level=warning event=stale_data groups=event:3 robots=1
ts=2026-09-15T03:21:54.914Z level=warning event=stale_data groups=robot3.modules:11,robot3.position:3 robots=1
ts=2026-09-15T03:21:55.414Z level=warning event=stale_data groups=event:3 robots=1
ts=2026-09-15T03:21:55.914Z level=warning event=stale_data groups=robot3.modules:11,robot3.position:3 robots=1
ts=2026-09-15T03:21:56.163Z level=warning event=stale_data groups=robot3.modules:11,robot3.position:3,robot3.telemetry:4 robots=1
ts=2026-09-15T03:21:56.413Z level=warning event=stale_data groups=event:3,robot3.telemetry:4 robots=1
ts=2026-09-15T03:21:56.914Z level=warning event=stale_data groups=event:3,robot3.modules:11,robot3.position:3,robot3.telemetry:4 robots=1
ts=2026-09-15T03:21:57.414Z level=warning event=stale_data groups=event:3,robot3.telemetry:4 robots=1
ts=2026-09-15T03:21:57.664Z level=warning event=stale_data groups=robot3.telemetry:4 robots=1
ts=2026-09-15T03:21:57.914Z level=warning event=stale_data groups=robot3.modules:11,robot3.position:3,robot3.telemetry:4 robots=1
ts=2026-09-15T03:21:58.414Z level=warning event=stale_data groups=robot3.telemetry:4 robots=1
ts=2026-09-15T03:21:58.914Z level=warning event=stale_data groups=event:3,robot3.modules:11,robot3.position:3,robot3.telemetry:4 robots=1
ts=2026-09-15T03:21:59.414Z level=warning event=stale_data groups=event:3,robot3.telemetry:4 robots=1
ts=2026-09-15T03:21:59.938Z level=warning event=stale_data groups=event:3,robot3.modules:11,robot3.position:3,robot3.telemetry:4 robots=1
ts=2026-09-15T03:22:00.412Z level=warning event=stale_data groups=robot3.telemetry:4 robots=1
ts=2026-09-15T03:22:00.913Z level=warning event=stale_data groups=event:3,robot3.modules:11,robot3.position:3,robot3.telemetry:4 robots=1
ts=2026-09-15T03:22:01.413Z level=warning event=stale_data groups=robot3.telemetry:4 robots=1
ts=2026-09-15T03:22:01.913Z level=warning event=stale_data groups=robot3.modules:11,robot3.position:3,robot3.telemetry:4 robots=1
ts=2026-09-15T03:22:02.414Z level=warning event=stale_data groups=event:3,robot3.telemetry:4 robots=1
ts=2026-09-15T03:22:02.913Z level=warning event=stale_data groups=event:3,robot3.modules:11,robot3.position:3,robot3.telemetry:4 robots=1
ts=2026-09-15T03:22:03.414Z level=warning event=stale_data groups=event:3,robot3.telemetry:4 robots=1
ts=2026-09-15T03:22:03.913Z level=warning event=stale_data groups=robot3.modules:11,robot3.position:3 robots=1
ts=2026-09-15T03:22:04.414Z level=warning event=stale_data groups=event:3 robots=1
ts=2026-09-15T03:22:04.914Z level=warning event=stale_data groups=robot3.modules:11,robot3.position:3 robots=1
ts=2026-09-15T03:22:05.413Z level=warning event=stale_data groups=event:3 robots=1
ts=2026-09-15T03:22:05.913Z level=warning event=stale_data groups=event:3,robot3.modules:11,robot3.position:3 robots=1
ts=2026-09-15T03:22:06.414Z level=warning event=stale_data groups=event:3 robots=1
ts=2026-09-15T03:22:06.914Z level=warning event=stale_data groups=robot3.modules:11,robot3.position:3 robots=1
ts=2026-09-15T03:22:07.414Z level=warning event=stale_data groups=event:3,robot3.telemetry:4 robots=1
ts=2026-09-15T03:22:07.913Z level=warning event=stale_data groups=event:3,robot3.modules:11,robot3.position:3,robot3.telemetry:4 robots=1
ts=2026-09-15T03:22:08.414Z level=warning event=stale_data groups=event:3,robot3.telemetry:4 robots=1
ts=2026-09-15T03:22:08.914Z level=warning event=stale_data groups=event:3,robot3.modules:11,robot3.position:3,robot3.telemetry:4 robots=1
ts=2026-09-15T03:22:09.413Z level=warning event=stale_data groups=robot3.telemetry:4 robots=1
ts=2026-09-15T03:22:09.525Z level=info event=shutdown mode=terminal exit=0
ts=2026-09-15T03:24:14.497Z level=info event=startup mode=terminal platform=macOS mqtt_host=127.0.0.1 mqtt_port=3333 udp_port=3334 stale_window_ms=500
ts=2026-09-15T03:24:16.163Z level=warning event=stale_data groups=robot3.modules:11,robot3.position:3 robots=1
ts=2026-09-15T03:24:17.163Z level=warning event=stale_data groups=robot3.modules:11,robot3.position:3 robots=1
ts=2026-09-15T03:24:18.164Z level=warning event=stale_data groups=robot3.modules:11,robot3.position:3 robots=1
ts=2026-09-15T03:24:18.663Z level=warning event=stale_data groups=event:3 robots=1
ts=2026-09-15T03:24:19.163Z level=warning event=stale_data groups=robot3.modules:11,robot3.position:3 robots=1
ts=2026-09-15T03:24:19.413Z level=warning event=stale_data groups=event:3,robot3.modules:11,robot3.position:3 robots=1
ts=2026-09-15T03:24:19.663Z level=warning event=stale_data groups=event:3 robots=1
ts=2026-09-15T03:24:20.163Z level=warning event=stale_data groups=robot3.modules:11,robot3.position:3 robots=1
ts=2026-09-15T03:24:21.163Z level=warning event=stale_data groups=robot3.modules:11,robot3.position:3 robots=1
ts=2026-09-15T03:24:21.662Z level=warning event=stale_data groups=robot3.telemetry:4 robots=1
ts=2026-09-15T03:24:21.913Z level=warning event=stale_data groups=event:3,robot3.telemetry:4 robots=1
ts=2026-09-15T03:24:22.163Z level=warning event=stale_data groups=robot3.modules:11,robot3.position:3,robot3.telemetry:4 robots=1
ts=2026-09-15T03:24:22.663Z level=warning event=stale_data groups=event:3,robot3.telemetry:4 robots=1
ts=2026-09-15T03:24:23.163Z level=warning event=stale_data groups=event:3,robot3.modules:11,robot3.position:3,robot3.telemetry:4 robots=1
ts=2026-09-15T03:24:23.664Z level=warning event=stale_data groups=event:3,robot3.telemetry:4 robots=1
ts=2026-09-15T03:24:24.163Z level=warning event=stale_data groups=robot3.modules:11,robot3.position:3 robots=1
ts=2026-09-15T03:24:24.413Z level=warning event=stale_data groups=event:3,robot3.modules:11,robot3.position:3 robots=1
ts=2026-09-15T03:24:24.663Z level=warning event=stale_data groups=event:3 robots=1
ts=2026-09-15T03:24:24.916Z level=warning event=stale_data groups=event:3,robot3.telemetry:4 robots=1
ts=2026-09-15T03:24:25.163Z level=warning event=stale_data groups=event:3,robot3.modules:11,robot3.position:3,robot3.telemetry:4 robots=1
ts=2026-09-15T03:24:25.663Z level=warning event=stale_data groups=robot3.telemetry:4 robots=1
ts=2026-09-15T03:24:26.163Z level=warning event=stale_data groups=event:3,robot3.modules:11,robot3.position:3,robot3.telemetry:4 robots=1
ts=2026-09-15T03:24:26.413Z level=warning event=stale_data groups=robot3.modules:11,robot3.position:3 robots=1
ts=2026-09-15T03:24:26.913Z level=warning event=stale_data groups=event:3 robots=1
ts=2026-09-15T03:24:27.163Z level=warning event=stale_data groups=robot3.modules:11,robot3.position:3 robots=1
ts=2026-09-15T03:24:27.663Z level=warning event=stale_data groups=event:3 robots=1
ts=2026-09-15T03:24:27.913Z level=warning event=stale_data groups=event:3,robot3.telemetry:4 robots=1
ts=2026-09-15T03:24:28.164Z level=warning event=stale_data groups=event:3,robot3.modules:11,robot3.position:3,robot3.telemetry:4 robots=1
ts=2026-09-15T03:24:28.663Z level=warning event=stale_data groups=event:3,robot3.telemetry:4 robots=1
ts=2026-09-15T03:24:29.164Z level=warning event=stale_data groups=event:3,robot3.modules:11,robot3.position:3 robots=1
ts=2026-09-15T03:24:29.413Z level=warning event=stale_data groups=robot3.modules:11,robot3.position:3 robots=1
ts=2026-09-15T03:24:30.163Z level=warning event=stale_data groups=event:3,robot3.modules:11,robot3.position:3 robots=1
ts=2026-09-15T03:24:30.663Z level=warning event=stale_data groups=event:3,robot3.telemetry:4 robots=1
ts=2026-09-15T03:24:31.164Z level=warning event=stale_data groups=robot3.modules:11,robot3.position:3 robots=1
ts=2026-09-15T03:24:31.663Z level=warning event=stale_data groups=event:3 robots=1
ts=2026-09-15T03:24:32.163Z level=warning event=stale_data groups=event:3,robot3.modules:11,robot3.position:3 robots=1
ts=2026-09-15T03:24:33.163Z level=warning event=stale_data groups=robot3.modules:11,robot3.position:3 robots=1
ts=2026-09-15T03:24:33.663Z level=warning event=stale_data groups=event:3,robot3.telemetry:4 robots=1
ts=2026-09-15T03:24:34.163Z level=warning event=stale_data groups=robot3.modules:11,robot3.position:3,robot3.telemetry:4 robots=1
ts=2026-09-15T03:24:34.663Z level=warning event=stale_data groups=event:3,robot3.telemetry:4 robots=1
ts=2026-09-15T03:24:35.163Z level=warning event=stale_data groups=event:3,robot3.modules:11,robot3.position:3,robot3.telemetry:4 robots=1
ts=2026-09-15T03:24:35.413Z level=warning event=stale_data groups=robot3.modules:11,robot3.position:3,robot3.telemetry:4 robots=1
ts=2026-09-15T03:24:35.664Z level=warning event=stale_data groups=robot3.telemetry:4 robots=1
ts=2026-09-15T03:24:35.914Z level=warning event=stale_data groups=event:3,robot3.telemetry:4 robots=1
ts=2026-09-15T03:24:36.163Z level=warning event=stale_data groups=robot3.modules:11,robot3.position:3,robot3.telemetry:4 robots=1
ts=2026-09-15T03:24:36.663Z level=warning event=stale_data groups=event:3,robot3.telemetry:4 robots=1
ts=2026-09-15T03:24:37.163Z level=warning event=stale_data groups=robot3.modules:11,robot3.position:3,robot3.telemetry:4 robots=1
ts=2026-09-15T03:24:37.413Z level=warning event=stale_data groups=robot3.modules:11,robot3.position:3 robots=1
ts=2026-09-15T03:24:38.163Z level=warning event=stale_data groups=robot3.modules:11,robot3.position:3 robots=1
ts=2026-09-15T03:24:38.413Z level=warning event=stale_data groups=event:3,robot3.modules:11,robot3.position:3 robots=1
ts=2026-09-15T03:24:38.664Z level=warning event=stale_data groups=robot3.telemetry:4 robots=1
ts=2026-09-15T03:24:39.163Z level=warning event=stale_data groups=robot3.modules:11,robot3.position:3 robots=1
ts=2026-09-15T03:24:39.913Z level=warning event=stale_data groups=event:3 robots=1
ts=2026-09-15T03:24:40.163Z level=warning event=stale_data groups=event:3,robot3.modules:11,robot3.position:3 robots=1
ts=2026-09-15T03:24:40.664Z level=warning event=stale_data groups=event:3 robots=1
ts=2026-09-15T03:24:40.913Z level=warning event=stale_data groups=event:3,robot3.telemetry:4 robots=1
ts=2026-09-15T03:24:41.163Z level=warning event=stale_data groups=event:3,robot3.modules:11,robot3.position:3,robot3.telemetry:4 robots=1
ts=2026-09-15T03:24:41.664Z level=warning event=stale_data groups=event:3 robots=1
ts=2026-09-15T03:24:42.163Z level=warning event=stale_data groups=robot3.modules:11,robot3.position:3 robots=1
ts=2026-09-15T03:24:42.413Z level=warning event=stale_data groups=robot3.modules:11,robot3.position:3,robot3.telemetry:4 robots=1
ts=2026-09-15T03:24:42.663Z level=warning event=stale_data groups=event:3,robot3.telemetry:4 robots=1
ts=2026-09-15T03:24:43.164Z level=warning event=stale_data groups=event:3,robot3.modules:11,robot3.position:3,robot3.telemetry:4 robots=1
ts=2026-09-15T03:24:43.413Z level=warning event=stale_data groups=robot3.modules:11,robot3.position:3,robot3.telemetry:4 robots=1
ts=2026-09-15T03:24:43.663Z level=warning event=stale_data groups=robot3.telemetry:4 robots=1
ts=2026-09-15T03:24:43.913Z level=warning event=stale_data groups=event:3,robot3.telemetry:4 robots=1
ts=2026-09-15T03:24:44.163Z level=warning event=stale_data groups=event:3,robot3.modules:11,robot3.position:3,robot3.telemetry:4 robots=1
ts=2026-09-15T03:24:44.664Z level=warning event=stale_data groups=event:3,robot3.telemetry:4 robots=1
ts=2026-09-15T03:24:45.163Z level=warning event=stale_data groups=event:3,robot3.modules:11,robot3.position:3,robot3.telemetry:4 robots=1
ts=2026-09-15T03:24:45.663Z level=warning event=stale_data groups=event:3,robot3.telemetry:4 robots=1
ts=2026-09-15T03:24:45.913Z level=warning event=stale_data groups=robot3.telemetry:4 robots=1
ts=2026-09-15T03:24:46.163Z level=warning event=stale_data groups=robot3.modules:11,robot3.position:3,robot3.telemetry:4 robots=1
ts=2026-09-15T03:24:46.413Z level=warning event=stale_data groups=event:3,robot3.modules:11,robot3.position:3,robot3.telemetry:4 robots=1
ts=2026-09-15T03:24:46.664Z level=warning event=stale_data groups=event:3,robot3.telemetry:4 robots=1
ts=2026-09-15T03:24:47.163Z level=warning event=stale_data groups=event:3,robot3.modules:11,robot3.position:3,robot3.telemetry:4 robots=1
ts=2026-09-15T03:24:47.663Z level=warning event=stale_data groups=event:3,robot3.telemetry:4 robots=1
ts=2026-09-15T03:24:48.163Z level=warning event=stale_data groups=event:3,robot3.modules:11,robot3.position:3,robot3.telemetry:4 robots=1
ts=2026-09-15T03:24:48.664Z level=warning event=stale_data groups=event:3,robot3.telemetry:4 robots=1
ts=2026-09-15T03:24:49.163Z level=warning event=stale_data groups=event:3,robot3.modules:11,robot3.position:3,robot3.telemetry:4 robots=1
ts=2026-09-15T03:24:49.663Z level=warning event=stale_data groups=event:3,robot3.telemetry:4 robots=1
ts=2026-09-15T03:24:50.163Z level=warning event=stale_data groups=event:3,robot3.modules:11,robot3.position:3,robot3.telemetry:4 robots=1
ts=2026-09-15T03:24:50.664Z level=warning event=stale_data groups=robot3.telemetry:4 robots=1
ts=2026-09-15T03:24:50.664Z level=info event=ui_mode_switch from=Info to=Video reason=BlindAsserted blind_freshness=Fresh
ts=2026-09-15T03:24:51.163Z level=warning event=stale_data groups=robot3.modules:11,robot3.position:3,robot3.telemetry:4 robots=1
ts=2026-09-15T03:24:51.413Z level=warning event=stale_data groups=event:3,robot3.modules:11,robot3.position:3,robot3.telemetry:4 robots=1
ts=2026-09-15T03:24:51.662Z level=warning event=stale_data groups=event:3,robot3.telemetry:4 robots=1
ts=2026-09-15T03:24:51.913Z level=warning event=stale_data groups=robot3.telemetry:4 robots=1
ts=2026-09-15T03:24:52.163Z level=warning event=stale_data groups=robot3.modules:11,robot3.position:3,robot3.telemetry:4 robots=1
ts=2026-09-15T03:24:52.413Z level=warning event=stale_data groups=event:3,robot3.modules:11,robot3.position:3,robot3.telemetry:4 robots=1
ts=2026-09-15T03:24:52.663Z level=warning event=stale_data groups=event:3,robot3.telemetry:4 robots=1
ts=2026-09-15T03:24:53.164Z level=warning event=stale_data groups=event:3,robot3.modules:11,robot3.position:3,robot3.telemetry:4 robots=1
ts=2026-09-15T03:24:53.662Z level=warning event=stale_data groups=event:3,robot3.telemetry:4 robots=1
ts=2026-09-15T03:24:54.163Z level=warning event=stale_data groups=event:3,robot3.modules:11,robot3.position:3,robot3.telemetry:4 robots=1
ts=2026-09-15T03:24:54.662Z level=warning event=stale_data groups=event:3,robot3.telemetry:4 robots=1
ts=2026-09-15T03:24:55.163Z level=warning event=stale_data groups=event:3,robot3.modules:11,robot3.position:3,robot3.telemetry:4 robots=1
ts=2026-09-15T03:24:55.663Z level=warning event=stale_data groups=event:3,robot3.telemetry:4 robots=1
ts=2026-09-15T03:24:56.164Z level=warning event=stale_data groups=event:3,robot3.modules:11,robot3.position:3,robot3.telemetry:4 robots=1
ts=2026-09-15T03:24:57.163Z level=warning event=stale_data groups=event:3,robot3.modules:11,robot3.position:3 robots=1
ts=2026-09-15T03:24:57.663Z level=warning event=stale_data groups=event:3 robots=1
ts=2026-09-15T03:24:58.163Z level=warning event=stale_data groups=event:3,robot3.modules:11,robot3.position:3,robot3.telemetry:4 robots=1
ts=2026-09-15T03:24:58.414Z level=warning event=stale_data groups=robot3.modules:11,robot3.position:3,robot3.telemetry:4 robots=1
ts=2026-09-15T03:24:58.663Z level=warning event=stale_data groups=robot3.telemetry:4 robots=1
ts=2026-09-15T03:24:59.163Z level=warning event=stale_data groups=robot3.modules:11,robot3.position:3 robots=1
ts=2026-09-15T03:24:59.663Z level=warning event=stale_data groups=event:3 robots=1
ts=2026-09-15T03:25:00.163Z level=warning event=stale_data groups=event:3,robot3.modules:11,robot3.position:3 robots=1
ts=2026-09-15T03:25:00.413Z level=warning event=stale_data groups=robot3.modules:11,robot3.position:3 robots=1
ts=2026-09-15T03:25:01.163Z level=warning event=stale_data groups=robot3.modules:11,robot3.position:3,robot3.telemetry:4 robots=1
ts=2026-09-15T03:25:01.662Z level=warning event=stale_data groups=event:3,robot3.telemetry:4 robots=1
ts=2026-09-15T03:25:02.164Z level=warning event=stale_data groups=event:3,robot3.modules:11,robot3.position:3,robot3.telemetry:4 robots=1
ts=2026-09-15T03:25:02.663Z level=warning event=stale_data groups=robot3.telemetry:4 robots=1
ts=2026-09-15T03:25:03.163Z level=warning event=stale_data groups=robot3.modules:11,robot3.position:3,robot3.telemetry:4 robots=1
ts=2026-09-15T03:25:03.663Z level=warning event=stale_data groups=robot3.telemetry:4 robots=1
ts=2026-09-15T03:25:04.164Z level=warning event=stale_data groups=robot3.modules:11,robot3.position:3,robot3.telemetry:4 robots=1
ts=2026-09-15T03:25:04.663Z level=warning event=stale_data groups=event:3,robot3.telemetry:4 robots=1
ts=2026-09-15T03:25:05.162Z level=warning event=stale_data groups=event:3,robot3.modules:11,robot3.position:3,robot3.telemetry:4 robots=1
ts=2026-09-15T03:25:05.664Z level=warning event=stale_data groups=event:3,robot3.telemetry:4 robots=1
ts=2026-09-15T03:25:05.666Z level=info event=ui_mode_switch from=Video to=Info reason=BlindClearedHysteresis blind_freshness=Fresh
ts=2026-09-15T03:25:06.163Z level=warning event=stale_data groups=event:3,robot3.modules:11,robot3.position:3,robot3.telemetry:4 robots=1
ts=2026-09-15T03:25:06.414Z level=warning event=stale_data groups=robot3.modules:11,robot3.position:3,robot3.telemetry:4 robots=1
ts=2026-09-15T03:25:06.664Z level=warning event=stale_data groups=robot3.telemetry:4 robots=1
ts=2026-09-15T03:25:07.163Z level=warning event=stale_data groups=event:3,robot3.modules:11,robot3.position:3,robot3.telemetry:4 robots=1
ts=2026-09-15T03:25:07.663Z level=warning event=stale_data groups=robot3.telemetry:4 robots=1
ts=2026-09-15T03:25:08.163Z level=warning event=stale_data groups=event:3,robot3.modules:11,robot3.position:3,robot3.telemetry:4 robots=1
ts=2026-09-15T03:25:08.663Z level=warning event=stale_data groups=robot3.telemetry:4 robots=1
ts=2026-09-15T03:25:09.163Z level=warning event=stale_data groups=robot3.modules:11,robot3.position:3,robot3.telemetry:4 robots=1
ts=2026-09-15T03:25:09.663Z level=warning event=stale_data groups=event:3,robot3.telemetry:4 robots=1
ts=2026-09-15T03:25:10.164Z level=warning event=stale_data groups=event:3,robot3.modules:11,robot3.position:3,robot3.telemetry:4 robots=1
ts=2026-09-15T03:25:10.663Z level=warning event=stale_data groups=event:3,robot3.telemetry:4 robots=1
ts=2026-09-15T03:25:11.163Z level=warning event=stale_data groups=robot3.modules:11,robot3.position:3,robot3.telemetry:4 robots=1
ts=2026-09-15T03:25:11.664Z level=warning event=stale_data groups=event:3,robot3.telemetry:4 robots=1
ts=2026-09-15T03:25:12.163Z level=warning event=stale_data groups=event:3,robot3.modules:11,robot3.position:3,robot3.telemetry:4 robots=1
ts=2026-09-15T03:25:12.663Z level=warning event=stale_data groups=event:3,robot3.telemetry:4 robots=1
ts=2026-09-15T03:25:13.163Z level=warning event=stale_data groups=event:3,robot3.modules:11,robot3.position:3,robot3.telemetry:4 robots=1
ts=2026-09-15T03:25:13.663Z level=warning event=stale_data groups=event:3,robot3.telemetry:4 robots=1
ts=2026-09-15T03:25:14.163Z level=warning event=stale_data groups=event:3,robot3.modules:11,robot3.position:3,robot3.telemetry:4 robots=1
ts=2026-09-15T03:25:14.663Z level=warning event=stale_data groups=event:3,robot3.telemetry:4 robots=1
ts=2026-09-15T03:25:15.163Z level=warning event=stale_data groups=event:3,robot3.modules:11,robot3.position:3,robot3.telemetry:4 robots=1
ts=2026-09-15T03:25:15.663Z level=warning event=stale_data groups=event:3,robot3.telemetry:4 robots=1
ts=2026-09-15T03:25:16.162Z level=warning event=stale_data groups=robot3.modules:11,robot3.position:3,robot3.telemetry:4 robots=1
ts=2026-09-15T03:25:16.663Z level=warning event=stale_data groups=event:3,robot3.telemetry:4 robots=1
ts=2026-09-15T03:25:17.162Z level=warning event=stale_data groups=event:3,robot3.modules:11,robot3.position:3,robot3.telemetry:4 robots=1
ts=2026-09-15T03:25:17.662Z level=warning event=stale_data groups=event:3,robot3.telemetry:4 robots=1
ts=2026-09-15T03:25:18.163Z level=warning event=stale_data groups=event:3,robot3.modules:11,robot3.position:3,robot3.telemetry:4 robots=1
ts=2026-09-15T03:25:18.663Z level=warning event=stale_data groups=event:3,robot3.telemetry:4 robots=1
ts=2026-09-15T03:25:18.914Z level=warning event=stale_data groups=robot3.telemetry:4 robots=1
ts=2026-09-15T03:25:19.163Z level=warning event=stale_data groups=robot3.modules:11,robot3.position:3,robot3.telemetry:4 robots=1
ts=2026-09-15T03:25:19.663Z level=warning event=stale_data groups=robot3.telemetry:4 robots=1
ts=2026-09-15T03:25:19.914Z level=warning event=stale_data groups=event:3,robot3.telemetry:4 robots=1
ts=2026-09-15T03:25:20.163Z level=warning event=stale_data groups=robot3.modules:11,robot3.position:3,robot3.telemetry:4 robots=1
ts=2026-09-15T03:25:20.663Z level=warning event=stale_data groups=event:3,robot3.telemetry:4 robots=1
ts=2026-09-15T03:25:21.163Z level=warning event=stale_data groups=event:3,robot3.modules:11,robot3.position:3,robot3.telemetry:4 robots=1
ts=2026-09-15T03:25:21.662Z level=warning event=stale_data groups=robot3.telemetry:4 robots=1
ts=2026-09-15T03:25:22.163Z level=warning event=stale_data groups=event:3,robot3.modules:11,robot3.position:3,robot3.telemetry:4 robots=1
ts=2026-09-15T03:25:22.663Z level=warning event=stale_data groups=event:3,robot3.telemetry:4 robots=1
ts=2026-09-15T03:25:23.163Z level=warning event=stale_data groups=event:3,robot3.modules:11,robot3.position:3,robot3.telemetry:4 robots=1
ts=2026-09-15T03:25:23.663Z level=warning event=stale_data groups=event:3,robot3.telemetry:4 robots=1
ts=2026-09-15T03:25:24.162Z level=warning event=stale_data groups=event:3,robot3.modules:11,robot3.position:3,robot3.telemetry:4 robots=1
ts=2026-09-15T03:25:24.663Z level=warning event=stale_data groups=event:3,robot3.telemetry:4 robots=1
ts=2026-09-15T03:25:25.162Z level=warning event=stale_data groups=event:3,robot3.modules:11,robot3.position:3,robot3.telemetry:4 robots=1
ts=2026-09-15T03:25:25.663Z level=warning event=stale_data groups=event:3,robot3.telemetry:4 robots=1
ts=2026-09-15T03:25:26.163Z level=warning event=stale_data groups=event:3,robot3.modules:11,robot3.position:3,robot3.telemetry:4 robots=1
ts=2026-09-15T03:25:26.413Z level=warning event=stale_data groups=robot3.modules:11,robot3.position:3,robot3.telemetry:4 robots=1
ts=2026-09-15T03:25:26.663Z level=warning event=stale_data groups=robot3.telemetry:4 robots=1
ts=2026-09-15T03:25:27.164Z level=warning event=stale_data groups=event:3,robot3.modules:11,robot3.position:3,robot3.telemetry:4 robots=1
ts=2026-09-15T03:25:27.413Z level=warning event=stale_data groups=robot3.modules:11,robot3.position:3,robot3.telemetry:4 robots=1
ts=2026-09-15T03:25:27.663Z level=warning event=stale_data groups=robot3.telemetry:4 robots=1
ts=2026-09-15T03:25:28.163Z level=warning event=stale_data groups=robot3.modules:11,robot3.position:3 robots=1
ts=2026-09-15T03:25:28.663Z level=warning event=stale_data groups=event:3 robots=1
ts=2026-09-15T03:25:29.163Z level=warning event=stale_data groups=event:3,robot3.modules:11,robot3.position:3 robots=1
ts=2026-09-15T03:25:29.663Z level=warning event=stale_data groups=event:3 robots=1
ts=2026-09-15T03:25:30.163Z level=warning event=stale_data groups=robot3.modules:11,robot3.position:3 robots=1
ts=2026-09-15T03:25:30.912Z level=warning event=stale_data groups=event:3 robots=1
ts=2026-09-15T03:25:31.162Z level=warning event=stale_data groups=event:3,robot3.modules:11,robot3.position:3,robot3.telemetry:4 robots=1
ts=2026-09-15T03:25:32.162Z level=warning event=stale_data groups=event:3,robot3.modules:11,robot3.position:3 robots=1
ts=2026-09-15T03:25:33.163Z level=warning event=stale_data groups=robot3.modules:11,robot3.position:3 robots=1
ts=2026-09-15T03:25:33.662Z level=warning event=stale_data groups=robot3.telemetry:4 robots=1
ts=2026-09-15T03:25:34.163Z level=warning event=stale_data groups=robot3.modules:11,robot3.position:3 robots=1
ts=2026-09-15T03:25:34.412Z level=warning event=stale_data groups=event:3,robot3.modules:11,robot3.position:3 robots=1
ts=2026-09-15T03:25:34.662Z level=warning event=stale_data groups=event:3 robots=1
ts=2026-09-15T03:25:35.163Z level=warning event=stale_data groups=robot3.modules:11,robot3.position:3 robots=1
ts=2026-09-15T03:25:35.413Z level=warning event=stale_data groups=event:3,robot3.modules:11,robot3.position:3 robots=1
ts=2026-09-15T03:25:35.663Z level=warning event=stale_data groups=event:3,robot3.telemetry:4 robots=1
ts=2026-09-15T03:25:36.163Z level=warning event=stale_data groups=robot3.modules:11,robot3.position:3,robot3.telemetry:4 robots=1
ts=2026-09-15T03:25:36.663Z level=warning event=stale_data groups=robot3.telemetry:4 robots=1
ts=2026-09-15T03:25:37.163Z level=warning event=stale_data groups=event:3,robot3.modules:11,robot3.position:3,robot3.telemetry:4 robots=1
ts=2026-09-15T03:25:37.663Z level=warning event=stale_data groups=event:3,robot3.telemetry:4 robots=1
ts=2026-09-15T03:25:38.163Z level=warning event=stale_data groups=event:3,robot3.modules:11,robot3.position:3,robot3.telemetry:4 robots=1
ts=2026-09-15T03:25:38.187Z level=info event=shutdown mode=terminal exit=0
ts=2026-09-15T03:35:10.656Z level=info event=startup mode=terminal platform=macOS mqtt_host=127.0.0.1 mqtt_port=3333 udp_port=3334 stale_window_ms=500
ts=2026-09-15T03:35:12.108Z level=warning event=stale_data groups=robot3.modules:11,robot3.position:3 robots=1
ts=2026-09-15T03:35:13.156Z level=warning event=stale_data groups=robot3.modules:11,robot3.position:3 robots=1
ts=2026-09-15T03:35:14.162Z level=warning event=stale_data groups=robot3.modules:11,robot3.position:3 robots=1
ts=2026-09-15T03:35:14.912Z level=warning event=stale_data groups=event:3 robots=1
ts=2026-09-15T03:35:15.162Z level=warning event=stale_data groups=robot3.modules:11,robot3.position:3 robots=1
ts=2026-09-15T03:35:15.662Z level=warning event=stale_data groups=event:3 robots=1
ts=2026-09-15T03:35:16.162Z level=warning event=stale_data groups=event:3,robot3.modules:11,robot3.position:3 robots=1
ts=2026-09-15T03:35:16.411Z level=warning event=stale_data groups=robot3.modules:11,robot3.position:3 robots=1
ts=2026-09-15T03:35:17.162Z level=warning event=stale_data groups=robot3.modules:11,robot3.position:3 robots=1
ts=2026-09-15T03:35:17.411Z level=warning event=stale_data groups=event:3,robot3.modules:11,robot3.position:3 robots=1
ts=2026-09-15T03:35:17.912Z level=warning event=stale_data groups=robot3.telemetry:4 robots=1
ts=2026-09-15T03:35:18.161Z level=warning event=stale_data groups=event:3,robot3.modules:11,robot3.position:3,robot3.telemetry:4 robots=1
ts=2026-09-15T03:35:18.411Z level=warning event=stale_data groups=robot3.modules:11,robot3.position:3,robot3.telemetry:4 robots=1
ts=2026-09-15T03:35:18.662Z level=warning event=stale_data groups=robot3.telemetry:4 robots=1
ts=2026-09-15T03:35:18.912Z level=warning event=stale_data groups=event:3,robot3.telemetry:4 robots=1
ts=2026-09-15T03:35:19.161Z level=warning event=stale_data groups=event:3,robot3.modules:11,robot3.position:3,robot3.telemetry:4 robots=1
ts=2026-09-15T03:35:19.661Z level=warning event=stale_data groups=event:3,robot3.telemetry:4 robots=1
ts=2026-09-15T03:35:19.911Z level=warning event=stale_data groups=robot3.telemetry:4 robots=1
ts=2026-09-15T03:35:20.161Z level=warning event=stale_data groups=robot3.modules:11,robot3.position:3 robots=1
ts=2026-09-15T03:35:21.161Z level=warning event=stale_data groups=event:3,robot3.modules:11,robot3.position:3 robots=1
ts=2026-09-15T03:35:21.411Z level=warning event=stale_data groups=event:3,robot3.modules:11,robot3.position:3,robot3.telemetry:4 robots=1
ts=2026-09-15T03:35:21.661Z level=warning event=stale_data groups=event:3,robot3.telemetry:4 robots=1
ts=2026-09-15T03:35:22.161Z level=warning event=stale_data groups=robot3.modules:11,robot3.position:3,robot3.telemetry:4 robots=1
ts=2026-09-15T03:35:22.661Z level=warning event=stale_data groups=robot3.telemetry:4 robots=1
ts=2026-09-15T03:35:22.912Z level=warning event=stale_data groups=event:3,robot3.telemetry:4 robots=1
ts=2026-09-15T03:35:23.161Z level=warning event=stale_data groups=event:3,robot3.modules:11,robot3.position:3,robot3.telemetry:4 robots=1
ts=2026-09-15T03:35:23.662Z level=warning event=stale_data groups=event:3,robot3.telemetry:4 robots=1
ts=2026-09-15T03:35:24.162Z level=warning event=stale_data groups=robot3.modules:11,robot3.position:3 robots=1
ts=2026-09-15T03:35:24.412Z level=warning event=stale_data groups=event:3,robot3.modules:11,robot3.position:3 robots=1
ts=2026-09-15T03:35:24.662Z level=warning event=stale_data groups=event:3 robots=1
ts=2026-09-15T03:35:25.161Z level=warning event=stale_data groups=robot3.modules:11,robot3.position:3 robots=1
ts=2026-09-15T03:35:25.661Z level=warning event=stale_data groups=event:3 robots=1
ts=2026-09-15T03:35:26.162Z level=warning event=stale_data groups=event:3,robot3.modules:11,robot3.position:3,robot3.telemetry:4 robots=1
ts=2026-09-15T03:35:26.662Z level=warning event=stale_data groups=event:3,robot3.telemetry:4 robots=1
ts=2026-09-15T03:35:27.162Z level=warning event=stale_data groups=event:3,robot3.modules:11,robot3.position:3,robot3.telemetry:4 robots=1
ts=2026-09-15T03:35:27.662Z level=warning event=stale_data groups=event:3,robot3.telemetry:4 robots=1
ts=2026-09-15T03:35:27.912Z level=warning event=stale_data groups=robot3.telemetry:4 robots=1
ts=2026-09-15T03:35:28.162Z level=warning event=stale_data groups=robot3.modules:11,robot3.position:3,robot3.telemetry:4 robots=1
ts=2026-09-15T03:35:28.412Z level=warning event=stale_data groups=robot3.modules:11,robot3.position:3 robots=1
ts=2026-09-15T03:35:28.912Z level=warning event=stale_data groups=event:3 robots=1
ts=2026-09-15T03:35:29.162Z level=warning event=stale_data groups=event:3,robot3.modules:11,robot3.position:3 robots=1
ts=2026-09-15T03:35:29.411Z level=warning event=stale_data groups=robot3.modules:11,robot3.position:3,robot3.telemetry:4 robots=1
ts=2026-09-15T03:35:30.162Z level=warning event=stale_data groups=robot3.modules:11,robot3.position:3 robots=1
ts=2026-09-15T03:35:30.412Z level=warning event=stale_data groups=event:3,robot3.modules:11,robot3.position:3 robots=1
ts=2026-09-15T03:35:30.662Z level=warning event=stale_data groups=event:3 robots=1
ts=2026-09-15T03:35:31.161Z level=warning event=stale_data groups=robot3.modules:11,robot3.position:3 robots=1
ts=2026-09-15T03:35:31.662Z level=warning event=stale_data groups=event:3,robot3.telemetry:4 robots=1
ts=2026-09-15T03:35:32.161Z level=warning event=stale_data groups=event:3,robot3.modules:11,robot3.position:3,robot3.telemetry:4 robots=1
ts=2026-09-15T03:35:32.661Z level=warning event=stale_data groups=event:3,robot3.telemetry:4 robots=1
ts=2026-09-15T03:35:33.161Z level=warning event=stale_data groups=event:3,robot3.modules:11,robot3.position:3,robot3.telemetry:4 robots=1
ts=2026-09-15T03:35:33.662Z level=warning event=stale_data groups=event:3,robot3.telemetry:4 robots=1
ts=2026-09-15T03:35:33.912Z level=warning event=stale_data groups=robot3.telemetry:4 robots=1
ts=2026-09-15T03:35:34.161Z level=warning event=stale_data groups=robot3.modules:11,robot3.position:3,robot3.telemetry:4 robots=1
ts=2026-09-15T03:35:34.411Z level=warning event=stale_data groups=event:3,robot3.modules:11,robot3.position:3,robot3.telemetry:4 robots=1
ts=2026-09-15T03:35:34.661Z level=warning event=stale_data groups=event:3,robot3.telemetry:4 robots=1
ts=2026-09-15T03:35:35.162Z level=warning event=stale_data groups=event:3,robot3.modules:11,robot3.position:3,robot3.telemetry:4 robots=1
ts=2026-09-15T03:35:35.661Z level=warning event=stale_data groups=robot3.telemetry:4 robots=1
ts=2026-09-15T03:35:36.161Z level=warning event=stale_data groups=event:3,robot3.modules:11,robot3.position:3,robot3.telemetry:4 robots=1
ts=2026-09-15T03:35:36.411Z level=warning event=stale_data groups=robot3.modules:11,robot3.position:3,robot3.telemetry:4 robots=1
ts=2026-09-15T03:35:36.661Z level=warning event=stale_data groups=robot3.telemetry:4 robots=1
ts=2026-09-15T03:35:36.912Z level=warning event=stale_data groups=event:3,robot3.telemetry:4 robots=1
ts=2026-09-15T03:35:37.161Z level=warning event=stale_data groups=event:3,robot3.modules:11,robot3.position:3,robot3.telemetry:4 robots=1
ts=2026-09-15T03:35:37.661Z level=warning event=stale_data groups=event:3,robot3.telemetry:4 robots=1
ts=2026-09-15T03:35:38.161Z level=warning event=stale_data groups=event:3,robot3.modules:11,robot3.position:3,robot3.telemetry:4 robots=1
ts=2026-09-15T03:35:38.661Z level=warning event=stale_data groups=event:3,robot3.telemetry:4 robots=1
ts=2026-09-15T03:35:39.161Z level=warning event=stale_data groups=event:3,robot3.modules:11,robot3.position:3,robot3.telemetry:4 robots=1
ts=2026-09-15T03:35:39.661Z level=warning event=stale_data groups=event:3,robot3.telemetry:4 robots=1
ts=2026-09-15T03:35:40.161Z level=warning event=stale_data groups=event:3,robot3.modules:11,robot3.position:3,robot3.telemetry:4 robots=1
ts=2026-09-15T03:35:40.661Z level=warning event=stale_data groups=event:3,robot3.telemetry:4 robots=1
ts=2026-09-15T03:35:41.161Z level=warning event=stale_data groups=event:3,robot3.modules:11,robot3.position:3,robot3.telemetry:4 robots=1
ts=2026-09-15T03:35:41.661Z level=warning event=stale_data groups=event:3,robot3.telemetry:4 robots=1
ts=2026-09-15T03:35:42.161Z level=warning event=stale_data groups=event:3,robot3.modules:11,robot3.position:3,robot3.telemetry:4 robots=1
ts=2026-09-15T03:35:42.661Z level=warning event=stale_data groups=event:3,robot3.telemetry:4 robots=1
ts=2026-09-15T03:35:43.162Z level=warning event=stale_data groups=event:3,robot3.modules:11,robot3.position:3,robot3.telemetry:4 robots=1
ts=2026-09-15T03:35:43.661Z level=warning event=stale_data groups=event:3,robot3.telemetry:4 robots=1
ts=2026-09-15T03:35:44.161Z level=warning event=stale_data groups=event:3,robot3.modules:11,robot3.position:3,robot3.telemetry:4 robots=1
ts=2026-09-15T03:35:44.662Z level=warning event=stale_data groups=robot3.telemetry:4 robots=1
ts=2026-09-15T03:35:45.161Z level=warning event=stale_data groups=event:3,robot3.modules:11,robot3.position:3,robot3.telemetry:4 robots=1
ts=2026-09-15T03:35:45.662Z level=warning event=stale_data groups=event:3,robot3.telemetry:4 robots=1
ts=2026-09-15T03:35:46.162Z level=warning event=stale_data groups=event:3,robot3.modules:11,robot3.position:3,robot3.telemetry:4 robots=1
ts=2026-09-15T03:35:46.661Z level=warning event=stale_data groups=robot3.telemetry:4 robots=1
ts=2026-09-15T03:35:46.661Z level=info event=ui_mode_switch from=Info to=Video reason=BlindAsserted blind_freshness=Fresh
ts=2026-09-15T03:35:47.162Z level=warning event=stale_data groups=event:3,robot3.modules:11,robot3.position:3,robot3.telemetry:4 robots=1
ts=2026-09-15T03:35:47.661Z level=warning event=stale_data groups=event:3,robot3.telemetry:4 robots=1
ts=2026-09-15T03:35:48.161Z level=warning event=stale_data groups=event:3,robot3.modules:11,robot3.position:3,robot3.telemetry:4 robots=1
ts=2026-09-15T03:35:48.661Z level=warning event=stale_data groups=event:3,robot3.telemetry:4 robots=1
ts=2026-09-15T03:35:48.911Z level=warning event=stale_data groups=robot3.telemetry:4 robots=1
ts=2026-09-15T03:35:49.161Z level=warning event=stale_data groups=robot3.modules:11,robot3.position:3,robot3.telemetry:4 robots=1
ts=2026-09-15T03:35:49.661Z level=warning event=stale_data groups=robot3.telemetry:4 robots=1
ts=2026-09-15T03:35:49.911Z level=warning event=stale_data groups=event:3,robot3.telemetry:4 robots=1
ts=2026-09-15T03:35:50.162Z level=warning event=stale_data groups=event:3,robot3.modules:11,robot3.position:3,robot3.telemetry:4 robots=1
ts=2026-09-15T03:35:50.412Z level=warning event=stale_data groups=robot3.modules:11,robot3.position:3,robot3.telemetry:4 robots=1
ts=2026-09-15T03:35:50.661Z level=warning event=stale_data groups=robot3.telemetry:4 robots=1
ts=2026-09-15T03:35:51.162Z level=warning event=stale_data groups=robot3.modules:11,robot3.position:3,robot3.telemetry:4 robots=1
ts=2026-09-15T03:35:52.162Z level=warning event=stale_data groups=robot3.modules:11,robot3.position:3 robots=1
ts=2026-09-15T03:35:53.161Z level=warning event=stale_data groups=event:3,robot3.modules:11,robot3.position:3,robot3.telemetry:4 robots=1
ts=2026-09-15T03:35:53.662Z level=warning event=stale_data groups=event:3,robot3.telemetry:4 robots=1
ts=2026-09-15T03:35:54.161Z level=warning event=stale_data groups=robot3.modules:11,robot3.position:3 robots=1
ts=2026-09-15T03:35:54.411Z level=warning event=stale_data groups=event:3,robot3.modules:11,robot3.position:3 robots=1
ts=2026-09-15T03:35:55.161Z level=warning event=stale_data groups=event:3,robot3.modules:11,robot3.position:3 robots=1
ts=2026-09-15T03:35:55.661Z level=warning event=stale_data groups=event:3 robots=1
ts=2026-09-15T03:35:56.161Z level=warning event=stale_data groups=robot3.modules:11,robot3.position:3 robots=1
ts=2026-09-15T03:35:56.661Z level=warning event=stale_data groups=event:3 robots=1
ts=2026-09-15T03:35:57.162Z level=warning event=stale_data groups=robot3.modules:11,robot3.position:3 robots=1
ts=2026-09-15T03:35:57.412Z level=warning event=stale_data groups=event:3,robot3.modules:11,robot3.position:3,robot3.telemetry:4 robots=1
ts=2026-09-15T03:35:57.661Z level=warning event=stale_data groups=robot3.telemetry:4 robots=1
ts=2026-09-15T03:35:58.161Z level=warning event=stale_data groups=robot3.modules:11,robot3.position:3 robots=1
ts=2026-09-15T03:35:58.911Z level=warning event=stale_data groups=robot3.telemetry:4 robots=1
ts=2026-09-15T03:35:59.161Z level=warning event=stale_data groups=robot3.modules:11,robot3.position:3,robot3.telemetry:4 robots=1
ts=2026-09-15T03:35:59.661Z level=warning event=stale_data groups=robot3.telemetry:4 robots=1
ts=2026-09-15T03:36:00.161Z level=warning event=stale_data groups=robot3.modules:11,robot3.position:3,robot3.telemetry:4 robots=1
ts=2026-09-15T03:36:00.412Z level=warning event=stale_data groups=event:3,robot3.modules:11,robot3.position:3,robot3.telemetry:4 robots=1
ts=2026-09-15T03:36:00.661Z level=warning event=stale_data groups=event:3,robot3.telemetry:4 robots=1
ts=2026-09-15T03:36:01.161Z level=warning event=stale_data groups=event:3,robot3.modules:11,robot3.position:3,robot3.telemetry:4 robots=1
ts=2026-09-15T03:36:01.661Z level=warning event=stale_data groups=event:3,robot3.telemetry:4 robots=1
ts=2026-09-15T03:36:01.661Z level=info event=ui_mode_switch from=Video to=Info reason=BlindClearedHysteresis blind_freshness=Fresh
ts=2026-09-15T03:36:02.161Z level=warning event=stale_data groups=event:3,robot3.modules:11,robot3.position:3,robot3.telemetry:4 robots=1
ts=2026-09-15T03:36:02.411Z level=warning event=stale_data groups=robot3.modules:11,robot3.position:3,robot3.telemetry:4 robots=1
ts=2026-09-15T03:36:02.662Z level=warning event=stale_data groups=robot3.telemetry:4 robots=1
ts=2026-09-15T03:36:02.911Z level=warning event=stale_data groups=event:3,robot3.telemetry:4 robots=1
ts=2026-09-15T03:36:03.161Z level=warning event=stale_data groups=event:3,robot3.modules:11,robot3.position:3,robot3.telemetry:4 robots=1
ts=2026-09-15T03:36:03.661Z level=warning event=stale_data groups=event:3,robot3.telemetry:4 robots=1
ts=2026-09-15T03:36:04.161Z level=warning event=stale_data groups=event:3,robot3.modules:11,robot3.position:3,robot3.telemetry:4 robots=1
ts=2026-09-15T03:36:04.662Z level=warning event=stale_data groups=robot3.telemetry:4 robots=1
ts=2026-09-15T03:36:05.161Z level=warning event=stale_data groups=event:3,robot3.modules:11,robot3.position:3,robot3.telemetry:4 robots=1
ts=2026-09-15T03:36:05.661Z level=warning event=stale_data groups=event:3,robot3.telemetry:4 robots=1
ts=2026-09-15T03:36:06.161Z level=warning event=stale_data groups=event:3,robot3.modules:11,robot3.position:3,robot3.telemetry:4 robots=1
ts=2026-09-15T03:36:06.661Z level=warning event=stale_data groups=event:3,robot3.telemetry:4 robots=1
ts=2026-09-15T03:36:07.162Z level=warning event=stale_data groups=event:3,robot3.modules:11,robot3.position:3,robot3.telemetry:4 robots=1
ts=2026-09-15T03:36:08.161Z level=warning event=stale_data groups=robot3.modules:11,robot3.position:3 robots=1
ts=2026-09-15T03:36:08.661Z level=warning event=stale_data groups=event:3 robots=1
ts=2026-09-15T03:36:09.162Z level=warning event=stale_data groups=event:3,robot3.modules:11,robot3.position:3 robots=1
ts=2026-09-15T03:36:09.412Z level=warning event=stale_data groups=robot3.modules:11,robot3.position:3 robots=1
ts=2026-09-15T03:36:09.912Z level=warning event=stale_data groups=event:3 robots=1
ts=2026-09-15T03:36:10.161Z level=warning event=stale_data groups=event:3,robot3.modules:11,robot3.position:3 robots=1
ts=2026-09-15T03:36:10.412Z level=warning event=stale_data groups=robot3.modules:11,robot3.position:3 robots=1
ts=2026-09-15T03:36:10.911Z level=warning event=stale_data groups=event:3 robots=1
ts=2026-09-15T03:36:11.162Z level=warning event=stale_data groups=event:3,robot3.modules:11,robot3.position:3 robots=1
ts=2026-09-15T03:36:11.412Z level=warning event=stale_data groups=robot3.modules:11,robot3.position:3 robots=1
ts=2026-09-15T03:36:11.911Z level=warning event=stale_data groups=event:3 robots=1
ts=2026-09-15T03:36:12.161Z level=warning event=stale_data groups=robot3.modules:11,robot3.position:3 robots=1
ts=2026-09-15T03:36:12.662Z level=warning event=stale_data groups=event:3 robots=1
ts=2026-09-15T03:36:13.161Z level=warning event=stale_data groups=event:3,robot3.modules:11,robot3.position:3 robots=1
ts=2026-09-15T03:36:13.662Z level=warning event=stale_data groups=event:3,robot3.telemetry:4 robots=1
ts=2026-09-15T03:36:14.162Z level=warning event=stale_data groups=event:3,robot3.modules:11,robot3.position:3,robot3.telemetry:4 robots=1
ts=2026-09-15T03:36:14.661Z level=warning event=stale_data groups=event:3,robot3.telemetry:4 robots=1
ts=2026-09-15T03:36:15.162Z level=warning event=stale_data groups=event:3,robot3.modules:11,robot3.position:3,robot3.telemetry:4 robots=1
ts=2026-09-15T03:36:15.411Z level=warning event=stale_data groups=event:3,robot3.modules:11,robot3.position:3 robots=1
ts=2026-09-15T03:36:16.162Z level=warning event=stale_data groups=robot3.modules:11,robot3.position:3 robots=1
ts=2026-09-15T03:36:16.412Z level=warning event=stale_data groups=event:3,robot3.modules:11,robot3.position:3 robots=1
ts=2026-09-15T03:36:16.662Z level=warning event=stale_data groups=event:3 robots=1
ts=2026-09-15T03:36:17.161Z level=warning event=stale_data groups=robot3.modules:11,robot3.position:3 robots=1
ts=2026-09-15T03:36:17.411Z level=warning event=stale_data groups=robot3.modules:11,robot3.position:3,robot3.telemetry:4 robots=1
ts=2026-09-15T03:36:17.662Z level=warning event=stale_data groups=robot3.telemetry:4 robots=1
ts=2026-09-15T03:36:18.162Z level=warning event=stale_data groups=robot3.modules:11,robot3.position:3,robot3.telemetry:4 robots=1
ts=2026-09-15T03:36:18.412Z level=warning event=stale_data groups=event:3,robot3.modules:11,robot3.position:3,robot3.telemetry:4 robots=1
ts=2026-09-15T03:36:18.661Z level=warning event=stale_data groups=event:3,robot3.telemetry:4 robots=1
ts=2026-09-15T03:36:19.162Z level=warning event=stale_data groups=event:3,robot3.modules:11,robot3.position:3,robot3.telemetry:4 robots=1
ts=2026-09-15T03:36:19.411Z level=warning event=stale_data groups=robot3.modules:11,robot3.position:3,robot3.telemetry:4 robots=1
ts=2026-09-15T03:36:19.662Z level=warning event=stale_data groups=robot3.telemetry:4 robots=1
ts=2026-09-15T03:36:19.912Z level=warning event=stale_data groups=event:3,robot3.telemetry:4 robots=1
ts=2026-09-15T03:36:20.162Z level=warning event=stale_data groups=event:3,robot3.modules:11,robot3.position:3,robot3.telemetry:4 robots=1
ts=2026-09-15T03:36:20.412Z level=warning event=stale_data groups=robot3.modules:11,robot3.position:3,robot3.telemetry:4 robots=1
ts=2026-09-15T03:36:20.662Z level=warning event=stale_data groups=robot3.telemetry:4 robots=1
ts=2026-09-15T03:36:20.911Z level=warning event=stale_data groups=event:3,robot3.telemetry:4 robots=1
ts=2026-09-15T03:36:21.162Z level=warning event=stale_data groups=event:3,robot3.modules:11,robot3.position:3,robot3.telemetry:4 robots=1
ts=2026-09-15T03:36:21.662Z level=warning event=stale_data groups=robot3.telemetry:4 robots=1
ts=2026-09-15T03:36:22.162Z level=warning event=stale_data groups=event:3,robot3.modules:11,robot3.position:3,robot3.telemetry:4 robots=1
ts=2026-09-15T03:36:22.661Z level=warning event=stale_data groups=event:3,robot3.telemetry:4 robots=1
ts=2026-09-15T03:36:23.162Z level=warning event=stale_data groups=event:3,robot3.modules:11,robot3.position:3,robot3.telemetry:4 robots=1
ts=2026-09-15T03:36:23.661Z level=warning event=stale_data groups=event:3,robot3.telemetry:4 robots=1
ts=2026-09-15T03:36:24.162Z level=warning event=stale_data groups=event:3,robot3.modules:11,robot3.position:3,robot3.telemetry:4 robots=1
ts=2026-09-15T03:36:24.662Z level=warning event=stale_data groups=event:3,robot3.telemetry:4 robots=1
ts=2026-09-15T03:36:25.161Z level=warning event=stale_data groups=event:3,robot3.modules:11,robot3.position:3,robot3.telemetry:4 robots=1
ts=2026-09-15T03:36:25.661Z level=warning event=stale_data groups=event:3,robot3.telemetry:4 robots=1
ts=2026-09-15T03:36:25.912Z level=warning event=stale_data groups=robot3.telemetry:4 robots=1
ts=2026-09-15T03:36:26.161Z level=warning event=stale_data groups=robot3.modules:11,robot3.position:3,robot3.telemetry:4 robots=1
ts=2026-09-15T03:36:26.411Z level=warning event=stale_data groups=event:3,robot3.modules:11,robot3.position:3,robot3.telemetry:4 robots=1
ts=2026-09-15T03:36:26.662Z level=warning event=stale_data groups=event:3,robot3.telemetry:4 robots=1
ts=2026-09-15T03:36:27.162Z level=warning event=stale_data groups=event:3,robot3.modules:11,robot3.position:3,robot3.telemetry:4 robots=1
ts=2026-09-15T03:36:27.661Z level=warning event=stale_data groups=event:3,robot3.telemetry:4 robots=1
ts=2026-09-15T03:36:28.162Z level=warning event=stale_data groups=event:3,robot3.modules:11,robot3.position:3,robot3.telemetry:4 robots=1
ts=2026-09-15T03:36:28.662Z level=warning event=stale_data groups=robot3.telemetry:4 robots=1
ts=2026-09-15T03:36:29.161Z level=warning event=stale_data groups=event:3,robot3.modules:11,robot3.position:3,robot3.telemetry:4 robots=1
ts=2026-09-15T03:36:29.661Z level=warning event=stale_data groups=robot3.telemetry:4 robots=1
ts=2026-09-15T03:36:30.160Z level=warning event=stale_data groups=event:3,robot3.modules:11,robot3.position:3,robot3.telemetry:4 robots=1
ts=2026-09-15T03:36:30.661Z level=warning event=stale_data groups=event:3,robot3.telemetry:4 robots=1
ts=2026-09-15T03:36:30.911Z level=warning event=stale_data groups=robot3.telemetry:4 robots=1
ts=2026-09-15T03:36:31.161Z level=warning event=stale_data groups=robot3.modules:11,robot3.position:3,robot3.telemetry:4 robots=1
ts=2026-09-15T03:36:31.415Z level=warning event=stale_data groups=event:3,robot3.modules:11,robot3.position:3,robot3.telemetry:4 robots=1
ts=2026-09-15T03:36:31.660Z level=warning event=stale_data groups=event:3,robot3.telemetry:4 robots=1
ts=2026-09-15T03:36:32.161Z level=warning event=stale_data groups=event:3,robot3.modules:11,robot3.position:3,robot3.telemetry:4 robots=1
ts=2026-09-15T03:36:32.661Z level=warning event=stale_data groups=event:3,robot3.telemetry:4 robots=1
ts=2026-09-15T03:36:32.911Z level=warning event=stale_data groups=robot3.telemetry:4 robots=1
ts=2026-09-15T03:36:33.162Z level=warning event=stale_data groups=robot3.modules:11,robot3.position:3,robot3.telemetry:4 robots=1
ts=2026-09-15T03:36:33.661Z level=warning event=stale_data groups=event:3,robot3.telemetry:4 robots=1
ts=2026-09-15T03:36:33.912Z level=warning event=stale_data groups=robot3.telemetry:4 robots=1
ts=2026-09-15T03:36:34.161Z level=warning event=stale_data groups=robot3.modules:11,robot3.position:3,robot3.telemetry:4 robots=1
ts=2026-09-15T03:36:34.661Z level=warning event=stale_data groups=event:3,robot3.telemetry:4 robots=1
ts=2026-09-15T03:36:35.161Z level=warning event=stale_data groups=event:3,robot3.modules:11,robot3.position:3,robot3.telemetry:4 robots=1
ts=2026-09-15T03:36:35.662Z level=warning event=stale_data groups=event:3,robot3.telemetry:4 robots=1
ts=2026-09-15T03:36:36.162Z level=warning event=stale_data groups=event:3,robot3.modules:11,robot3.position:3,robot3.telemetry:4 robots=1
ts=2026-09-15T03:36:36.661Z level=warning event=stale_data groups=robot3.telemetry:4 robots=1
ts=2026-09-15T03:36:37.161Z level=warning event=stale_data groups=robot3.modules:11,robot3.position:3 robots=1
ts=2026-09-15T03:36:37.412Z level=warning event=stale_data groups=event:3,robot3.modules:11,robot3.position:3 robots=1
ts=2026-09-15T03:36:37.662Z level=warning event=stale_data groups=event:3 robots=1
ts=2026-09-15T03:36:37.911Z level=warning event=stale_data groups=event:3,robot3.telemetry:4 robots=1
ts=2026-09-15T03:36:38.161Z level=warning event=stale_data groups=event:3,robot3.modules:11,robot3.position:3,robot3.telemetry:4 robots=1
ts=2026-09-15T03:36:39.162Z level=warning event=stale_data groups=event:3,robot3.modules:11,robot3.position:3,robot3.telemetry:4 robots=1
ts=2026-09-15T03:36:40.161Z level=warning event=stale_data groups=robot3.modules:11,robot3.position:3 robots=1
ts=2026-09-15T03:36:40.662Z level=warning event=stale_data groups=event:3 robots=1
ts=2026-09-15T03:36:41.161Z level=warning event=stale_data groups=robot3.modules:11,robot3.position:3 robots=1
ts=2026-09-15T03:36:41.662Z level=warning event=stale_data groups=event:3 robots=1
ts=2026-09-15T03:36:42.162Z level=warning event=stale_data groups=robot3.modules:11,robot3.position:3 robots=1
ts=2026-09-15T03:36:42.910Z level=warning event=stale_data groups=event:3 robots=1
ts=2026-09-15T03:36:43.161Z level=warning event=stale_data groups=event:3,robot3.modules:11,robot3.position:3,robot3.telemetry:4 robots=1
ts=2026-09-15T03:36:43.661Z level=warning event=stale_data groups=event:3,robot3.telemetry:4 robots=1
ts=2026-09-15T03:36:44.161Z level=warning event=stale_data groups=event:3,robot3.modules:11,robot3.position:3,robot3.telemetry:4 robots=1
ts=2026-09-15T03:36:44.411Z level=warning event=stale_data groups=event:3,robot3.modules:11,robot3.position:3 robots=1
ts=2026-09-15T03:36:45.162Z level=warning event=stale_data groups=event:3,robot3.modules:11,robot3.position:3 robots=1
ts=2026-09-15T03:36:46.160Z level=warning event=stale_data groups=event:3,robot3.modules:11,robot3.position:3 robots=1
ts=2026-09-15T03:36:46.662Z level=warning event=stale_data groups=event:3 robots=1
ts=2026-09-15T03:36:47.161Z level=warning event=stale_data groups=robot3.modules:11,robot3.position:3 robots=1
ts=2026-09-15T03:36:47.411Z level=warning event=stale_data groups=event:3,robot3.modules:11,robot3.position:3 robots=1
ts=2026-09-15T03:36:47.662Z level=warning event=stale_data groups=event:3,robot3.telemetry:4 robots=1
ts=2026-09-15T03:36:48.161Z level=warning event=stale_data groups=event:3,robot3.modules:11,robot3.position:3,robot3.telemetry:4 robots=1
ts=2026-09-15T03:36:49.161Z level=warning event=stale_data groups=robot3.modules:11,robot3.position:3 robots=1
ts=2026-09-15T03:36:50.160Z level=warning event=stale_data groups=event:3,robot3.modules:11,robot3.position:3,robot3.telemetry:4 robots=1
ts=2026-09-15T03:36:50.662Z level=warning event=stale_data groups=event:3,robot3.telemetry:4 robots=1
ts=2026-09-15T03:36:51.162Z level=warning event=stale_data groups=event:3,robot3.modules:11,robot3.position:3,robot3.telemetry:4 robots=1
ts=2026-09-15T03:36:51.660Z level=warning event=stale_data groups=event:3,robot3.telemetry:4 robots=1
ts=2026-09-15T03:36:51.912Z level=warning event=stale_data groups=robot3.telemetry:4 robots=1
ts=2026-09-15T03:36:52.161Z level=warning event=stale_data groups=robot3.modules:11,robot3.position:3 robots=1
ts=2026-09-15T03:36:52.910Z level=warning event=stale_data groups=event:3 robots=1
ts=2026-09-15T03:36:53.160Z level=warning event=stale_data groups=event:3,robot3.modules:11,robot3.position:3 robots=1
ts=2026-09-15T03:36:53.411Z level=warning event=stale_data groups=robot3.modules:11,robot3.position:3 robots=1
ts=2026-09-15T03:36:54.161Z level=warning event=stale_data groups=robot3.modules:11,robot3.position:3 robots=1
ts=2026-09-15T03:36:54.411Z level=warning event=stale_data groups=event:3,robot3.modules:11,robot3.position:3,robot3.telemetry:4 robots=1
ts=2026-09-15T03:36:54.661Z level=warning event=stale_data groups=event:3,robot3.telemetry:4 robots=1
ts=2026-09-15T03:36:55.161Z level=warning event=stale_data groups=event:3,robot3.modules:11,robot3.position:3,robot3.telemetry:4 robots=1
ts=2026-09-15T03:36:55.661Z level=warning event=stale_data groups=robot3.telemetry:4 robots=1
ts=2026-09-15T03:36:56.161Z level=warning event=stale_data groups=event:3,robot3.modules:11,robot3.position:3,robot3.telemetry:4 robots=1
ts=2026-09-15T03:36:56.662Z level=warning event=stale_data groups=robot3.telemetry:4 robots=1
ts=2026-09-15T03:36:57.161Z level=warning event=stale_data groups=robot3.modules:11,robot3.position:3 robots=1
ts=2026-09-15T03:36:57.911Z level=warning event=stale_data groups=event:3 robots=1
ts=2026-09-15T03:36:58.161Z level=warning event=stale_data groups=event:3,robot3.modules:11,robot3.position:3,robot3.telemetry:4 robots=1
ts=2026-09-15T03:36:58.411Z level=warning event=stale_data groups=robot3.modules:11,robot3.position:3,robot3.telemetry:4 robots=1
ts=2026-09-15T03:36:58.661Z level=warning event=stale_data groups=robot3.telemetry:4 robots=1
ts=2026-09-15T03:36:59.161Z level=warning event=stale_data groups=robot3.modules:11,robot3.position:3,robot3.telemetry:4 robots=1
ts=2026-09-15T03:36:59.411Z level=warning event=stale_data groups=event:3,robot3.modules:11,robot3.position:3,robot3.telemetry:4 robots=1
ts=2026-09-15T03:36:59.662Z level=warning event=stale_data groups=event:3,robot3.telemetry:4 robots=1
ts=2026-09-15T03:37:00.161Z level=warning event=stale_data groups=event:3,robot3.modules:11,robot3.position:3,robot3.telemetry:4 robots=1
ts=2026-09-15T03:37:00.411Z level=warning event=stale_data groups=robot3.modules:11,robot3.position:3,robot3.telemetry:4 robots=1
ts=2026-09-15T03:37:00.660Z level=warning event=stale_data groups=robot3.telemetry:4 robots=1
ts=2026-09-15T03:37:01.162Z level=warning event=stale_data groups=event:3,robot3.modules:11,robot3.position:3,robot3.telemetry:4 robots=1
ts=2026-09-15T03:37:01.661Z level=warning event=stale_data groups=event:3,robot3.telemetry:4 robots=1
ts=2026-09-15T03:37:02.162Z level=warning event=stale_data groups=event:3,robot3.modules:11,robot3.position:3,robot3.telemetry:4 robots=1
ts=2026-09-15T03:37:02.411Z level=warning event=stale_data groups=robot3.modules:11,robot3.position:3,robot3.telemetry:4 robots=1
ts=2026-09-15T03:37:02.661Z level=warning event=stale_data groups=robot3.telemetry:4 robots=1
ts=2026-09-15T03:37:03.162Z level=warning event=stale_data groups=robot3.modules:11,robot3.position:3,robot3.telemetry:4 robots=1
ts=2026-09-15T03:37:03.412Z level=warning event=stale_data groups=event:3,robot3.modules:11,robot3.position:3,robot3.telemetry:4 robots=1
ts=2026-09-15T03:37:03.662Z level=warning event=stale_data groups=robot3.telemetry:4 robots=1
ts=2026-09-15T03:37:04.161Z level=warning event=stale_data groups=robot3.modules:11,robot3.position:3,robot3.telemetry:4 robots=1
ts=2026-09-15T03:37:04.411Z level=warning event=stale_data groups=event:3,robot3.modules:11,robot3.position:3,robot3.telemetry:4 robots=1
ts=2026-09-15T03:37:04.661Z level=warning event=stale_data groups=event:3,robot3.telemetry:4 robots=1
ts=2026-09-15T03:37:05.162Z level=warning event=stale_data groups=event:3,robot3.modules:11,robot3.position:3,robot3.telemetry:4 robots=1
ts=2026-09-15T03:37:06.161Z level=warning event=stale_data groups=robot3.modules:11,robot3.position:3 robots=1
ts=2026-09-15T03:37:06.911Z level=warning event=stale_data groups=event:3 robots=1
ts=2026-09-15T03:37:07.161Z level=warning event=stale_data groups=event:3,robot3.modules:11,robot3.position:3 robots=1
ts=2026-09-15T03:37:07.662Z level=warning event=stale_data groups=event:3 robots=1
ts=2026-09-15T03:37:08.161Z level=warning event=stale_data groups=robot3.modules:11,robot3.position:3 robots=1
ts=2026-09-15T03:37:08.660Z level=warning event=stale_data groups=event:3 robots=1
ts=2026-09-15T03:37:09.162Z level=warning event=stale_data groups=robot3.modules:11,robot3.position:3 robots=1
ts=2026-09-15T03:37:09.932Z level=warning event=stale_data groups=event:3,robot3.telemetry:4 robots=1
ts=2026-09-15T03:37:10.160Z level=warning event=stale_data groups=robot3.modules:11,robot3.position:3,robot3.telemetry:4 robots=1
ts=2026-09-15T03:37:11.162Z level=warning event=stale_data groups=robot3.modules:11,robot3.position:3 robots=1
ts=2026-09-15T03:37:12.161Z level=warning event=stale_data groups=event:3,robot3.modules:11,robot3.position:3 robots=1
ts=2026-09-15T03:37:12.411Z level=warning event=stale_data groups=event:3,robot3.modules:11,robot3.position:3,robot3.telemetry:4 robots=1
ts=2026-09-15T03:37:12.661Z level=warning event=stale_data groups=robot3.telemetry:4 robots=1
ts=2026-09-15T03:37:13.162Z level=warning event=stale_data groups=robot3.modules:11,robot3.position:3 robots=1
ts=2026-09-15T03:37:13.662Z level=warning event=stale_data groups=event:3 robots=1
ts=2026-09-15T03:37:14.161Z level=warning event=stale_data groups=robot3.modules:11,robot3.position:3 robots=1
ts=2026-09-15T03:37:14.411Z level=warning event=stale_data groups=event:3,robot3.modules:11,robot3.position:3 robots=1
ts=2026-09-15T03:37:14.661Z level=warning event=stale_data groups=event:3 robots=1
ts=2026-09-15T03:37:15.161Z level=warning event=stale_data groups=event:3,robot3.modules:11,robot3.position:3 robots=1
ts=2026-09-15T03:37:15.411Z level=warning event=stale_data groups=robot3.modules:11,robot3.position:3 robots=1
ts=2026-09-15T03:37:16.162Z level=warning event=stale_data groups=robot3.modules:11,robot3.position:3 robots=1
ts=2026-09-15T03:37:16.411Z level=warning event=stale_data groups=event:3,robot3.modules:11,robot3.position:3,robot3.telemetry:4 robots=1
ts=2026-09-15T03:37:16.661Z level=warning event=stale_data groups=robot3.telemetry:4 robots=1
ts=2026-09-15T03:37:17.162Z level=warning event=stale_data groups=event:3,robot3.modules:11,robot3.position:3,robot3.telemetry:4 robots=1
ts=2026-09-15T03:37:17.662Z level=warning event=stale_data groups=event:3,robot3.telemetry:4 robots=1
ts=2026-09-15T03:37:18.161Z level=warning event=stale_data groups=event:3,robot3.modules:11,robot3.position:3,robot3.telemetry:4 robots=1
ts=2026-09-15T03:37:18.662Z level=warning event=stale_data groups=event:3,robot3.telemetry:4 robots=1
ts=2026-09-15T03:37:19.162Z level=warning event=stale_data groups=event:3,robot3.modules:11,robot3.position:3,robot3.telemetry:4 robots=1
ts=2026-09-15T03:37:19.662Z level=warning event=stale_data groups=event:3,robot3.telemetry:4 robots=1
ts=2026-09-15T03:37:20.162Z level=warning event=stale_data groups=event:3,robot3.modules:11,robot3.position:3,robot3.telemetry:4 robots=1
ts=2026-09-15T03:37:20.661Z level=warning event=stale_data groups=event:3,robot3.telemetry:4 robots=1
ts=2026-09-15T03:37:20.912Z level=warning event=stale_data groups=robot3.telemetry:4 robots=1
ts=2026-09-15T03:37:21.161Z level=warning event=stale_data groups=robot3.modules:11,robot3.position:3,robot3.telemetry:4 robots=1
ts=2026-09-15T03:37:21.411Z level=warning event=stale_data groups=event:3,robot3.modules:11,robot3.position:3,robot3.telemetry:4 robots=1
ts=2026-09-15T03:37:21.662Z level=warning event=stale_data groups=event:3,robot3.telemetry:4 robots=1
ts=2026-09-15T03:37:22.161Z level=warning event=stale_data groups=event:3,robot3.modules:11,robot3.position:3,robot3.telemetry:4 robots=1
ts=2026-09-15T03:37:22.412Z level=warning event=stale_data groups=robot3.modules:11,robot3.position:3,robot3.telemetry:4 robots=1
ts=2026-09-15T03:37:22.662Z level=warning event=stale_data groups=robot3.telemetry:4 robots=1
ts=2026-09-15T03:37:23.161Z level=warning event=stale_data groups=robot3.modules:11,robot3.position:3 robots=1
ts=2026-09-15T03:37:23.662Z level=warning event=stale_data groups=event:3,robot3.telemetry:4 robots=1
ts=2026-09-15T03:37:24.161Z level=warning event=stale_data groups=event:3,robot3.modules:11,robot3.position:3,robot3.telemetry:4 robots=1
ts=2026-09-15T03:37:24.661Z level=warning event=stale_data groups=robot3.telemetry:4 robots=1
ts=2026-09-15T03:37:25.161Z level=warning event=stale_data groups=robot3.modules:11,robot3.position:3,robot3.telemetry:4 robots=1
ts=2026-09-15T03:37:25.661Z level=warning event=stale_data groups=event:3,robot3.telemetry:4 robots=1
ts=2026-09-15T03:37:26.161Z level=warning event=stale_data groups=event:3,robot3.modules:11,robot3.position:3,robot3.telemetry:4 robots=1
ts=2026-09-15T03:37:26.661Z level=warning event=stale_data groups=event:3,robot3.telemetry:4 robots=1
ts=2026-09-15T03:37:27.161Z level=warning event=stale_data groups=robot3.modules:11,robot3.position:3,robot3.telemetry:4 robots=1
ts=2026-09-15T03:37:27.661Z level=warning event=stale_data groups=event:3,robot3.telemetry:4 robots=1
ts=2026-09-15T03:37:28.161Z level=warning event=stale_data groups=event:3,robot3.modules:11,robot3.position:3,robot3.telemetry:4 robots=1
ts=2026-09-15T03:37:28.661Z level=warning event=stale_data groups=event:3,robot3.telemetry:4 robots=1
ts=2026-09-15T03:37:29.161Z level=warning event=stale_data groups=event:3,robot3.modules:11,robot3.position:3,robot3.telemetry:4 robots=1
ts=2026-09-15T03:37:29.662Z level=warning event=stale_data groups=event:3,robot3.telemetry:4 robots=1
ts=2026-09-15T03:37:30.163Z level=warning event=stale_data groups=event:3,robot3.modules:11,robot3.position:3,robot3.telemetry:4 robots=1
ts=2026-09-15T03:37:30.664Z level=warning event=stale_data groups=event:3,robot3.telemetry:4 robots=1
ts=2026-09-15T03:37:31.166Z level=warning event=stale_data groups=event:3,robot3.modules:11,robot3.position:3,robot3.telemetry:4 robots=1
ts=2026-09-15T03:37:31.667Z level=warning event=stale_data groups=event:3,robot3.telemetry:4 robots=1
ts=2026-09-15T03:37:32.168Z level=warning event=stale_data groups=event:3,robot3.modules:11,robot3.position:3,robot3.telemetry:4 robots=1
ts=2026-09-15T03:37:32.418Z level=warning event=stale_data groups=robot3.modules:11,robot3.position:3,robot3.telemetry:4 robots=1
ts=2026-09-15T03:37:32.669Z level=warning event=stale_data groups=robot3.telemetry:4 robots=1
ts=2026-09-15T03:54:17.765Z level=warning event=reconnect_udp state=disconnected silent_ms=1004730 port=3334
ts=2026-09-15T03:54:17.765Z level=warning event=stale_data groups=event:3,robot3.modules:11,robot3.position:3,robot3.telemetry:4 robots=1
ts=2026-09-15T03:54:18.379Z level=warning event=stale_data groups=event:3,robot3.telemetry:4 robots=1
ts=2026-09-15T03:54:18.643Z level=warning event=stale_data groups=robot3.telemetry:4 robots=1
ts=2026-09-15T03:54:18.905Z level=warning event=stale_data groups=robot3.modules:11,robot3.position:3,robot3.telemetry:4 robots=1
ts=2026-09-15T03:54:19.424Z level=warning event=stale_data groups=event:3,robot3.telemetry:4 robots=1
ts=2026-09-15T03:54:19.926Z level=warning event=stale_data groups=robot3.modules:11,robot3.position:3,robot3.telemetry:4 robots=1
ts=2026-09-15T03:54:20.426Z level=warning event=stale_data groups=robot3.telemetry:4 robots=1
ts=2026-09-15T03:54:20.675Z level=warning event=stale_data groups=event:3,robot3.telemetry:4 robots=1
ts=2026-09-15T03:54:20.927Z level=warning event=stale_data groups=event:3,robot3.modules:11,robot3.position:3,robot3.telemetry:4 robots=1
ts=2026-09-15T03:54:21.427Z level=warning event=stale_data groups=event:3,robot3.telemetry:4 robots=1
ts=2026-09-15T03:54:21.927Z level=warning event=stale_data groups=event:3,robot3.modules:11,robot3.position:3,robot3.telemetry:4 robots=1
ts=2026-09-15T03:54:22.177Z level=warning event=stale_data groups=robot3.modules:11,robot3.position:3 robots=1
ts=2026-09-15T03:54:22.679Z level=warning event=stale_data groups=event:3 robots=1
ts=2026-09-15T03:55:17.113Z level=warning event=reconnect_udp state=disconnected silent_ms=54380 port=3334
ts=2026-09-15T03:55:17.113Z level=warning event=stale_data groups=event:3,robot3.modules:11,robot3.position:3,robot3.telemetry:4 robots=1
ts=2026-09-15T03:55:17.357Z level=warning event=stale_data groups=robot3.modules:11,robot3.position:3 robots=1
ts=2026-09-15T03:55:17.880Z level=warning event=stale_data groups=event:3 robots=1
ts=2026-09-15T03:55:18.144Z level=warning event=stale_data groups=event:3,robot3.modules:11,robot3.position:3 robots=1
ts=2026-09-15T03:55:18.931Z level=warning event=stale_data groups=event:3,robot3.telemetry:4 robots=1
ts=2026-09-15T03:55:19.182Z level=warning event=stale_data groups=event:3,robot3.modules:11,robot3.position:3,robot3.telemetry:4 robots=1
ts=2026-09-15T03:55:19.682Z level=warning event=stale_data groups=robot3.telemetry:4 robots=1
ts=2026-09-15T03:55:20.181Z level=warning event=stale_data groups=event:3,robot3.modules:11,robot3.position:3,robot3.telemetry:4 robots=1
ts=2026-09-15T03:55:20.683Z level=warning event=stale_data groups=event:3,robot3.telemetry:4 robots=1
ts=2026-09-15T03:55:21.184Z level=warning event=stale_data groups=event:3,robot3.modules:11,robot3.position:3,robot3.telemetry:4 robots=1
ts=2026-09-15T03:55:21.684Z level=warning event=stale_data groups=event:3,robot3.telemetry:4 robots=1
ts=2026-09-15T03:55:22.184Z level=warning event=stale_data groups=robot3.modules:11,robot3.position:3,robot3.telemetry:4 robots=1
ts=2026-09-15T03:55:22.685Z level=warning event=stale_data groups=robot3.telemetry:4 robots=1
ts=2026-09-15T03:55:23.184Z level=warning event=stale_data groups=event:3,robot3.modules:11,robot3.position:3,robot3.telemetry:4 robots=1
ts=2026-09-15T03:55:23.686Z level=warning event=stale_data groups=event:3,robot3.telemetry:4 robots=1
ts=2026-09-15T03:55:23.935Z level=warning event=stale_data groups=robot3.telemetry:4 robots=1
ts=2026-09-15T03:55:24.186Z level=warning event=stale_data groups=robot3.modules:11,robot3.position:3,robot3.telemetry:4 robots=1
ts=2026-09-15T03:55:24.436Z level=warning event=stale_data groups=event:3,robot3.modules:11,robot3.position:3,robot3.telemetry:4 robots=1
ts=2026-09-15T03:55:24.686Z level=warning event=stale_data groups=event:3,robot3.telemetry:4 robots=1
ts=2026-09-15T03:55:25.187Z level=warning event=stale_data groups=event:3,robot3.modules:11,robot3.position:3,robot3.telemetry:4 robots=1
ts=2026-09-15T03:55:25.685Z level=warning event=stale_data groups=robot3.telemetry:4 robots=1
ts=2026-09-15T03:55:25.685Z level=info event=ui_mode_switch from=Info to=Video reason=BlindAsserted blind_freshness=Fresh
ts=2026-09-15T03:55:26.188Z level=warning event=stale_data groups=event:3,robot3.modules:11,robot3.position:3,robot3.telemetry:4 robots=1
ts=2026-09-15T03:55:26.686Z level=warning event=stale_data groups=event:3,robot3.telemetry:4 robots=1
ts=2026-09-15T03:55:27.189Z level=warning event=stale_data groups=event:3,robot3.modules:11,robot3.position:3,robot3.telemetry:4 robots=1
ts=2026-09-15T03:55:27.437Z level=warning event=stale_data groups=robot3.modules:11,robot3.position:3 robots=1
ts=2026-09-15T03:55:27.939Z level=warning event=stale_data groups=event:3 robots=1
ts=2026-09-15T03:55:28.187Z level=warning event=stale_data groups=event:3,robot3.modules:11,robot3.position:3 robots=1
ts=2026-09-15T03:55:28.439Z level=warning event=stale_data groups=robot3.modules:11,robot3.position:3,robot3.telemetry:4 robots=1
ts=2026-09-15T03:55:28.690Z level=warning event=stale_data groups=robot3.telemetry:4 robots=1
ts=2026-09-15T03:55:28.940Z level=warning event=stale_data groups=event:3,robot3.telemetry:4 robots=1
ts=2026-09-15T03:55:29.189Z level=warning event=stale_data groups=robot3.modules:11,robot3.position:3,robot3.telemetry:4 robots=1
ts=2026-09-15T03:55:30.190Z level=warning event=stale_data groups=robot3.modules:11,robot3.position:3 robots=1
ts=2026-09-15T03:55:30.940Z level=warning event=stale_data groups=event:3,robot3.telemetry:4 robots=1
ts=2026-09-15T03:55:31.191Z level=warning event=stale_data groups=event:3,robot3.modules:11,robot3.position:3,robot3.telemetry:4 robots=1
ts=2026-09-15T03:55:31.691Z level=warning event=stale_data groups=event:3,robot3.telemetry:4 robots=1
ts=2026-09-15T03:55:32.191Z level=warning event=stale_data groups=event:3,robot3.modules:11,robot3.position:3,robot3.telemetry:4 robots=1
ts=2026-09-15T03:55:32.691Z level=warning event=stale_data groups=event:3,robot3.telemetry:4 robots=1
ts=2026-09-15T03:55:33.191Z level=warning event=stale_data groups=robot3.modules:11,robot3.position:3,robot3.telemetry:4 robots=1
ts=2026-09-15T03:55:33.690Z level=warning event=stale_data groups=event:3,robot3.telemetry:4 robots=1
ts=2026-09-15T03:55:34.192Z level=warning event=stale_data groups=event:3,robot3.modules:11,robot3.position:3,robot3.telemetry:4 robots=1
ts=2026-09-15T03:55:34.692Z level=warning event=stale_data groups=event:3,robot3.telemetry:4 robots=1
ts=2026-09-15T03:55:35.192Z level=warning event=stale_data groups=event:3,robot3.modules:11,robot3.position:3,robot3.telemetry:4 robots=1
ts=2026-09-15T03:55:35.442Z level=warning event=stale_data groups=robot3.modules:11,robot3.position:3,robot3.telemetry:4 robots=1
ts=2026-09-15T03:55:35.693Z level=warning event=stale_data groups=robot3.telemetry:4 robots=1
ts=2026-09-15T03:55:35.943Z level=warning event=stale_data groups=event:3,robot3.telemetry:4 robots=1
ts=2026-09-15T03:55:36.193Z level=warning event=stale_data groups=event:3,robot3.modules:11,robot3.position:3,robot3.telemetry:4 robots=1
ts=2026-09-15T03:55:36.693Z level=warning event=stale_data groups=robot3.telemetry:4 robots=1
ts=2026-09-15T03:55:37.194Z level=warning event=stale_data groups=event:3,robot3.modules:11,robot3.position:3,robot3.telemetry:4 robots=1
ts=2026-09-15T03:55:37.693Z level=warning event=stale_data groups=robot3.telemetry:4 robots=1
ts=2026-09-15T03:55:38.194Z level=warning event=stale_data groups=robot3.modules:11,robot3.position:3,robot3.telemetry:4 robots=1
ts=2026-09-15T03:55:38.693Z level=warning event=stale_data groups=event:3,robot3.telemetry:4 robots=1
ts=2026-09-15T03:55:39.194Z level=warning event=stale_data groups=event:3,robot3.modules:11,robot3.position:3,robot3.telemetry:4 robots=1
ts=2026-09-15T03:55:39.694Z level=warning event=stale_data groups=event:3,robot3.telemetry:4 robots=1
ts=2026-09-15T03:55:40.194Z level=warning event=stale_data groups=event:3,robot3.modules:11,robot3.position:3,robot3.telemetry:4 robots=1
ts=2026-09-15T03:55:40.694Z level=warning event=stale_data groups=event:3,robot3.telemetry:4 robots=1
ts=2026-09-15T03:55:40.945Z level=info event=ui_mode_switch from=Video to=Info reason=BlindClearedHysteresis blind_freshness=Fresh
ts=2026-09-15T03:55:41.194Z level=warning event=stale_data groups=robot3.modules:11,robot3.position:3,robot3.telemetry:4 robots=1
ts=2026-09-15T03:55:41.695Z level=warning event=stale_data groups=event:3,robot3.telemetry:4 robots=1
ts=2026-09-15T03:55:41.942Z level=warning event=stale_data groups=robot3.telemetry:4 robots=1
ts=2026-09-15T03:55:42.194Z level=warning event=stale_data groups=robot3.modules:11,robot3.position:3,robot3.telemetry:4 robots=1
ts=2026-09-15T03:55:42.444Z level=warning event=stale_data groups=event:3,robot3.modules:11,robot3.position:3,robot3.telemetry:4 robots=1
ts=2026-09-15T03:55:42.694Z level=warning event=stale_data groups=event:3,robot3.telemetry:4 robots=1
ts=2026-09-15T03:55:43.194Z level=warning event=stale_data groups=event:3,robot3.modules:11,robot3.position:3,robot3.telemetry:4 robots=1
ts=2026-09-15T03:55:43.693Z level=warning event=stale_data groups=event:3,robot3.telemetry:4 robots=1
ts=2026-09-15T03:55:44.194Z level=warning event=stale_data groups=event:3,robot3.modules:11,robot3.position:3,robot3.telemetry:4 robots=1
ts=2026-09-15T03:55:44.695Z level=warning event=stale_data groups=event:3,robot3.telemetry:4 robots=1
ts=2026-09-15T03:55:45.194Z level=warning event=stale_data groups=event:3,robot3.modules:11,robot3.position:3,robot3.telemetry:4 robots=1
ts=2026-09-15T03:55:45.694Z level=warning event=stale_data groups=event:3,robot3.telemetry:4 robots=1
ts=2026-09-15T03:55:46.194Z level=warning event=stale_data groups=event:3,robot3.modules:11,robot3.position:3,robot3.telemetry:4 robots=1
ts=2026-09-15T03:55:46.694Z level=warning event=stale_data groups=event:3,robot3.telemetry:4 robots=1
ts=2026-09-15T03:55:47.195Z level=warning event=stale_data groups=event:3,robot3.modules:11,robot3.position:3,robot3.telemetry:4 robots=1
ts=2026-09-15T03:55:47.694Z level=warning event=stale_data groups=event:3,robot3.telemetry:4 robots=1
ts=2026-09-15T03:55:48.195Z level=warning event=stale_data groups=event:3,robot3.modules:11,robot3.position:3,robot3.telemetry:4 robots=1
ts=2026-09-15T03:55:48.695Z level=warning event=stale_data groups=event:3,robot3.telemetry:4 robots=1
ts=2026-09-15T03:55:49.195Z level=warning event=stale_data groups=robot3.modules:11,robot3.position:3,robot3.telemetry:4 robots=1
ts=2026-09-15T03:55:49.695Z level=warning event=stale_data groups=event:3,robot3.telemetry:4 robots=1
ts=2026-09-15T03:55:49.945Z level=warning event=stale_data groups=robot3.telemetry:4 robots=1
ts=2026-09-15T03:55:50.194Z level=warning event=stale_data groups=robot3.modules:11,robot3.position:3,robot3.telemetry:4 robots=1
ts=2026-09-15T03:55:50.445Z level=warning event=stale_data groups=event:3,robot3.modules:11,robot3.position:3,robot3.telemetry:4 robots=1
ts=2026-09-15T03:55:50.696Z level=warning event=stale_data groups=event:3,robot3.telemetry:4 robots=1
ts=2026-09-15T03:55:51.195Z level=warning event=stale_data groups=event:3,robot3.modules:11,robot3.position:3,robot3.telemetry:4 robots=1
ts=2026-09-15T03:55:51.696Z level=warning event=stale_data groups=robot3.telemetry:4 robots=1
ts=2026-09-15T03:55:52.195Z level=warning event=stale_data groups=event:3,robot3.modules:11,robot3.position:3,robot3.telemetry:4 robots=1
ts=2026-09-15T03:55:52.696Z level=warning event=stale_data groups=event:3,robot3.telemetry:4 robots=1
ts=2026-09-15T03:55:53.196Z level=warning event=stale_data groups=event:3,robot3.modules:11,robot3.position:3,robot3.telemetry:4 robots=1
ts=2026-09-15T03:55:53.696Z level=warning event=stale_data groups=event:3,robot3.telemetry:4 robots=1
ts=2026-09-15T03:55:54.196Z level=warning event=stale_data groups=event:3,robot3.modules:11,robot3.position:3,robot3.telemetry:4 robots=1
ts=2026-09-15T03:55:54.696Z level=warning event=stale_data groups=event:3,robot3.telemetry:4 robots=1
ts=2026-09-15T03:55:54.946Z level=warning event=stale_data groups=robot3.telemetry:4 robots=1
ts=2026-09-15T03:55:55.196Z level=warning event=stale_data groups=robot3.modules:11,robot3.position:3,robot3.telemetry:4 robots=1
ts=2026-09-15T03:55:55.445Z level=warning event=stale_data groups=event:3,robot3.modules:11,robot3.position:3,robot3.telemetry:4 robots=1
ts=2026-09-15T03:55:55.696Z level=warning event=stale_data groups=event:3,robot3.telemetry:4 robots=1
ts=2026-09-15T03:55:56.195Z level=warning event=stale_data groups=event:3,robot3.modules:11,robot3.position:3,robot3.telemetry:4 robots=1
ts=2026-09-15T03:55:56.695Z level=warning event=stale_data groups=event:3,robot3.telemetry:4 robots=1
ts=2026-09-15T03:55:57.196Z level=warning event=stale_data groups=robot3.modules:11,robot3.position:3,robot3.telemetry:4 robots=1
ts=2026-09-15T03:55:57.696Z level=warning event=stale_data groups=robot3.telemetry:4 robots=1
ts=2026-09-15T03:55:58.196Z level=warning event=stale_data groups=event:3,robot3.modules:11,robot3.position:3,robot3.telemetry:4 robots=1
ts=2026-09-15T03:55:58.446Z level=warning event=stale_data groups=robot3.modules:11,robot3.position:3,robot3.telemetry:4 robots=1
ts=2026-09-15T03:55:58.697Z level=warning event=stale_data groups=robot3.telemetry:4 robots=1
ts=2026-09-15T03:55:58.946Z level=warning event=stale_data groups=event:3,robot3.telemetry:4 robots=1
ts=2026-09-15T03:55:59.196Z level=warning event=stale_data groups=event:3,robot3.modules:11,robot3.position:3,robot3.telemetry:4 robots=1
ts=2026-09-15T03:55:59.446Z level=warning event=stale_data groups=robot3.modules:11,robot3.position:3,robot3.telemetry:4 robots=1
ts=2026-09-15T03:55:59.696Z level=warning event=stale_data groups=robot3.telemetry:4 robots=1
ts=2026-09-15T03:55:59.945Z level=warning event=stale_data groups=event:3,robot3.telemetry:4 robots=1
ts=2026-09-15T03:56:00.196Z level=warning event=stale_data groups=event:3,robot3.modules:11,robot3.position:3,robot3.telemetry:4 robots=1
ts=2026-09-15T03:56:00.696Z level=warning event=stale_data groups=robot3.telemetry:4 robots=1
ts=2026-09-15T03:56:01.197Z level=warning event=stale_data groups=robot3.modules:11,robot3.position:3 robots=1
ts=2026-09-15T03:56:01.697Z level=warning event=stale_data groups=event:3 robots=1
ts=2026-09-15T03:56:02.197Z level=warning event=stale_data groups=event:3,robot3.modules:11,robot3.position:3 robots=1
ts=2026-09-15T03:56:02.446Z level=warning event=stale_data groups=robot3.modules:11,robot3.position:3 robots=1
ts=2026-09-15T03:56:02.946Z level=warning event=stale_data groups=event:3 robots=1
ts=2026-09-15T03:56:03.197Z level=warning event=stale_data groups=event:3,robot3.modules:11,robot3.position:3 robots=1
ts=2026-09-15T03:56:03.447Z level=warning event=stale_data groups=robot3.modules:11,robot3.position:3 robots=1
ts=2026-09-15T03:56:03.947Z level=warning event=stale_data groups=robot3.telemetry:4 robots=1
ts=2026-09-15T03:56:04.197Z level=warning event=stale_data groups=robot3.modules:11,robot3.position:3,robot3.telemetry:4 robots=1
ts=2026-09-15T03:56:04.447Z level=warning event=stale_data groups=event:3,robot3.modules:11,robot3.position:3,robot3.telemetry:4 robots=1
ts=2026-09-15T03:56:04.697Z level=warning event=stale_data groups=event:3,robot3.telemetry:4 robots=1
ts=2026-09-15T03:56:05.196Z level=warning event=stale_data groups=event:3,robot3.modules:11,robot3.position:3,robot3.telemetry:4 robots=1
ts=2026-09-15T03:56:05.696Z level=warning event=stale_data groups=event:3,robot3.telemetry:4 robots=1
ts=2026-09-15T03:56:06.197Z level=warning event=stale_data groups=event:3,robot3.modules:11,robot3.position:3,robot3.telemetry:4 robots=1
ts=2026-09-15T03:56:06.696Z level=warning event=stale_data groups=event:3,robot3.telemetry:4 robots=1
ts=2026-09-15T03:56:06.947Z level=warning event=stale_data groups=robot3.telemetry:4 robots=1
ts=2026-09-15T03:56:07.197Z level=warning event=stale_data groups=robot3.modules:11,robot3.position:3,robot3.telemetry:4 robots=1
ts=2026-09-15T03:56:07.447Z level=warning event=stale_data groups=robot3.modules:11,robot3.position:3 robots=1
ts=2026-09-15T03:56:08.197Z level=warning event=stale_data groups=event:3,robot3.modules:11,robot3.position:3 robots=1
ts=2026-09-15T03:56:08.446Z level=warning event=stale_data groups=robot3.modules:11,robot3.position:3 robots=1
ts=2026-09-15T03:56:09.197Z level=warning event=stale_data groups=robot3.modules:11,robot3.position:3 robots=1
ts=2026-09-15T03:56:09.447Z level=warning event=stale_data groups=robot3.modules:11,robot3.position:3,robot3.telemetry:4 robots=1
ts=2026-09-15T03:56:09.697Z level=warning event=stale_data groups=robot3.telemetry:4 robots=1
ts=2026-09-15T03:56:10.197Z level=warning event=stale_data groups=event:3,robot3.modules:11,robot3.position:3,robot3.telemetry:4 robots=1
ts=2026-09-15T03:56:10.697Z level=warning event=stale_data groups=event:3,robot3.telemetry:4 robots=1
ts=2026-09-15T03:56:11.196Z level=warning event=stale_data groups=event:3,robot3.modules:11,robot3.position:3,robot3.telemetry:4 robots=1
ts=2026-09-15T03:56:11.697Z level=warning event=stale_data groups=event:3,robot3.telemetry:4 robots=1
ts=2026-09-15T03:56:12.197Z level=warning event=stale_data groups=event:3,robot3.modules:11,robot3.position:3,robot3.telemetry:4 robots=1
ts=2026-09-15T03:56:12.696Z level=warning event=stale_data groups=event:3,robot3.telemetry:4 robots=1
ts=2026-09-15T03:56:13.197Z level=warning event=stale_data groups=event:3,robot3.modules:11,robot3.position:3,robot3.telemetry:4 robots=1
ts=2026-09-15T03:56:13.697Z level=warning event=stale_data groups=robot3.telemetry:4 robots=1
ts=2026-09-15T03:56:14.198Z level=warning event=stale_data groups=robot3.modules:11,robot3.position:3,robot3.telemetry:4 robots=1
ts=2026-09-15T03:56:14.697Z level=warning event=stale_data groups=robot3.telemetry:4 robots=1
ts=2026-09-15T03:56:14.947Z level=warning event=stale_data groups=event:3,robot3.telemetry:4 robots=1
ts=2026-09-15T03:56:15.198Z level=warning event=stale_data groups=event:3,robot3.modules:11,robot3.position:3,robot3.telemetry:4 robots=1
ts=2026-09-15T03:56:15.697Z level=warning event=stale_data groups=event:3,robot3.telemetry:4 robots=1
ts=2026-09-15T03:56:15.948Z level=warning event=stale_data groups=robot3.telemetry:4 robots=1
ts=2026-09-15T03:56:16.197Z level=warning event=stale_data groups=robot3.modules:11,robot3.position:3,robot3.telemetry:4 robots=1
ts=2026-09-15T03:56:16.697Z level=warning event=stale_data groups=robot3.telemetry:4 robots=1
ts=2026-09-15T03:56:17.198Z level=warning event=stale_data groups=event:3,robot3.modules:11,robot3.position:3,robot3.telemetry:4 robots=1
ts=2026-09-15T03:56:17.697Z level=warning event=stale_data groups=event:3,robot3.telemetry:4 robots=1
ts=2026-09-15T03:56:18.196Z level=warning event=stale_data groups=event:3,robot3.modules:11,robot3.position:3,robot3.telemetry:4 robots=1
ts=2026-09-15T03:56:18.698Z level=warning event=stale_data groups=event:3,robot3.telemetry:4 robots=1
ts=2026-09-15T03:56:19.197Z level=warning event=stale_data groups=event:3,robot3.modules:11,robot3.position:3,robot3.telemetry:4 robots=1
ts=2026-09-15T03:56:19.697Z level=warning event=stale_data groups=event:3,robot3.telemetry:4 robots=1
ts=2026-09-15T03:56:20.197Z level=warning event=stale_data groups=event:3,robot3.modules:11,robot3.position:3,robot3.telemetry:4 robots=1
ts=2026-09-15T03:56:20.697Z level=warning event=stale_data groups=event:3,robot3.telemetry:4 robots=1
ts=2026-09-15T03:56:21.198Z level=warning event=stale_data groups=robot3.modules:11,robot3.position:3,robot3.telemetry:4 robots=1
ts=2026-09-15T03:56:21.697Z level=warning event=stale_data groups=event:3,robot3.telemetry:4 robots=1
ts=2026-09-15T03:56:22.197Z level=warning event=stale_data groups=event:3,robot3.modules:11,robot3.position:3,robot3.telemetry:4 robots=1
ts=2026-09-15T03:56:22.447Z level=warning event=stale_data groups=robot3.modules:11,robot3.position:3,robot3.telemetry:4 robots=1
ts=2026-09-15T03:56:22.698Z level=warning event=stale_data groups=robot3.telemetry:4 robots=1
ts=2026-09-15T03:56:22.947Z level=warning event=stale_data groups=event:3,robot3.telemetry:4 robots=1
ts=2026-09-15T03:56:23.196Z level=warning event=stale_data groups=event:3,robot3.modules:11,robot3.position:3,robot3.telemetry:4 robots=1
ts=2026-09-15T03:56:23.698Z level=warning event=stale_data groups=robot3.telemetry:4 robots=1
ts=2026-09-15T03:56:24.198Z level=warning event=stale_data groups=robot3.modules:11,robot3.position:3,robot3.telemetry:4 robots=1
ts=2026-09-15T03:56:24.697Z level=warning event=stale_data groups=event:3,robot3.telemetry:4 robots=1
ts=2026-09-15T03:56:25.198Z level=warning event=stale_data groups=event:3,robot3.modules:11,robot3.position:3,robot3.telemetry:4 robots=1
ts=2026-09-15T03:56:25.696Z level=warning event=stale_data groups=event:3,robot3.telemetry:4 robots=1
ts=2026-09-15T03:56:26.197Z level=warning event=stale_data groups=event:3,robot3.modules:11,robot3.position:3,robot3.telemetry:4 robots=1
ts=2026-09-15T03:56:26.697Z level=warning event=stale_data groups=event:3,robot3.telemetry:4 robots=1
ts=2026-09-15T03:56:27.197Z level=warning event=stale_data groups=event:3,robot3.modules:11,robot3.position:3,robot3.telemetry:4 robots=1
ts=2026-09-15T03:56:27.697Z level=warning event=stale_data groups=event:3,robot3.telemetry:4 robots=1
ts=2026-09-15T03:56:28.197Z level=warning event=stale_data groups=event:3,robot3.modules:11,robot3.position:3,robot3.telemetry:4 robots=1
ts=2026-09-15T03:56:28.698Z level=warning event=stale_data groups=event:3,robot3.telemetry:4 robots=1
ts=2026-09-15T03:56:29.197Z level=warning event=stale_data groups=event:3,robot3.modules:11,robot3.position:3,robot3.telemetry:4 robots=1
ts=2026-09-15T03:56:29.698Z level=warning event=stale_data groups=event:3,robot3.telemetry:4 robots=1
ts=2026-09-15T03:56:30.198Z level=warning event=stale_data groups=robot3.modules:11,robot3.position:3,robot3.telemetry:4 robots=1
ts=2026-09-15T03:56:30.697Z level=warning event=stale_data groups=robot3.telemetry:4 robots=1
ts=2026-09-15T03:56:31.198Z level=warning event=stale_data groups=robot3.modules:11,robot3.position:3 robots=1
ts=2026-09-15T03:56:32.197Z level=warning event=stale_data groups=robot3.modules:11,robot3.position:3 robots=1
ts=2026-09-15T03:56:33.197Z level=warning event=stale_data groups=robot3.modules:11,robot3.position:3 robots=1
ts=2026-09-15T03:56:33.448Z level=warning event=stale_data groups=event:3,robot3.modules:11,robot3.position:3 robots=1
ts=2026-09-15T03:56:33.696Z level=warning event=stale_data groups=event:3 robots=1
ts=2026-09-15T03:56:34.197Z level=warning event=stale_data groups=robot3.modules:11,robot3.position:3 robots=1
ts=2026-09-15T03:56:34.447Z level=warning event=stale_data groups=event:3,robot3.modules:11,robot3.position:3 robots=1
ts=2026-09-15T03:56:35.198Z level=warning event=stale_data groups=event:3,robot3.modules:11,robot3.position:3 robots=1
ts=2026-09-15T03:56:35.697Z level=warning event=stale_data groups=event:3 robots=1
ts=2026-09-15T03:56:36.198Z level=warning event=stale_data groups=event:3,robot3.modules:11,robot3.position:3 robots=1
ts=2026-09-15T03:56:36.448Z level=warning event=stale_data groups=robot3.modules:11,robot3.position:3 robots=1
ts=2026-09-15T03:56:36.948Z level=warning event=stale_data groups=event:3 robots=1
ts=2026-09-15T03:56:37.198Z level=warning event=stale_data groups=event:3,robot3.modules:11,robot3.position:3 robots=1
ts=2026-09-15T03:56:37.697Z level=warning event=stale_data groups=event:3 robots=1
ts=2026-09-15T03:56:38.197Z level=warning event=stale_data groups=event:3,robot3.modules:11,robot3.position:3 robots=1
ts=2026-09-15T03:56:39.198Z level=warning event=stale_data groups=event:3,robot3.modules:11,robot3.position:3 robots=1
ts=2026-09-15T03:56:39.697Z level=warning event=stale_data groups=event:3,robot3.telemetry:4 robots=1
ts=2026-09-15T03:56:40.197Z level=warning event=stale_data groups=robot3.modules:11,robot3.position:3 robots=1
ts=2026-09-15T03:56:40.447Z level=warning event=stale_data groups=event:3,robot3.modules:11,robot3.position:3 robots=1
ts=2026-09-15T03:56:40.697Z level=warning event=stale_data groups=event:3,robot3.telemetry:4 robots=1
ts=2026-09-15T03:56:41.197Z level=warning event=stale_data groups=robot3.modules:11,robot3.position:3 robots=1
ts=2026-09-15T03:56:42.198Z level=warning event=stale_data groups=event:3,robot3.modules:11,robot3.position:3 robots=1
ts=2026-09-15T03:56:42.698Z level=warning event=stale_data groups=event:3 robots=1
ts=2026-09-15T03:56:43.198Z level=warning event=stale_data groups=event:3,robot3.modules:11,robot3.position:3 robots=1
ts=2026-09-15T03:56:43.447Z level=warning event=stale_data groups=robot3.modules:11,robot3.position:3 robots=1
ts=2026-09-15T03:56:43.697Z level=warning event=stale_data groups=robot3.telemetry:4 robots=1
ts=2026-09-15T03:56:43.947Z level=warning event=stale_data groups=event:3,robot3.telemetry:4 robots=1
ts=2026-09-15T03:56:44.197Z level=warning event=stale_data groups=event:3,robot3.modules:11,robot3.position:3,robot3.telemetry:4 robots=1
ts=2026-09-15T03:56:44.448Z level=warning event=stale_data groups=robot3.modules:11,robot3.position:3,robot3.telemetry:4 robots=1
ts=2026-09-15T03:56:44.697Z level=warning event=stale_data groups=robot3.telemetry:4 robots=1
ts=2026-09-15T03:56:44.947Z level=warning event=stale_data groups=event:3,robot3.telemetry:4 robots=1
ts=2026-09-15T03:56:45.197Z level=warning event=stale_data groups=event:3,robot3.modules:11,robot3.position:3,robot3.telemetry:4 robots=1
ts=2026-09-15T03:56:45.698Z level=warning event=stale_data groups=robot3.telemetry:4 robots=1
ts=2026-09-15T03:56:46.197Z level=warning event=stale_data groups=event:3,robot3.modules:11,robot3.position:3,robot3.telemetry:4 robots=1
ts=2026-09-15T03:56:46.697Z level=warning event=stale_data groups=event:3,robot3.telemetry:4 robots=1
ts=2026-09-15T03:56:46.947Z level=warning event=stale_data groups=robot3.telemetry:4 robots=1
ts=2026-09-15T03:56:47.197Z level=warning event=stale_data groups=robot3.modules:11,robot3.position:3 robots=1
ts=2026-09-15T03:56:47.698Z level=warning event=stale_data groups=event:3 robots=1
ts=2026-09-15T03:56:48.198Z level=warning event=stale_data groups=event:3,robot3.modules:11,robot3.position:3 robots=1
ts=2026-09-15T03:56:48.697Z level=warning event=stale_data groups=event:3 robots=1
ts=2026-09-15T03:56:48.948Z level=warning event=stale_data groups=event:3,robot3.telemetry:4 robots=1
ts=2026-09-15T03:56:49.198Z level=warning event=stale_data groups=event:3,robot3.modules:11,robot3.position:3,robot3.telemetry:4 robots=1
ts=2026-09-15T03:56:49.447Z level=warning event=stale_data groups=robot3.modules:11,robot3.position:3 robots=1
ts=2026-09-15T03:56:49.947Z level=warning event=stale_data groups=event:3 robots=1
ts=2026-09-15T03:56:50.197Z level=warning event=stale_data groups=event:3,robot3.modules:11,robot3.position:3 robots=1
ts=2026-09-15T03:56:50.697Z level=warning event=stale_data groups=event:3 robots=1
ts=2026-09-15T03:56:51.197Z level=warning event=stale_data groups=event:3,robot3.modules:11,robot3.position:3 robots=1
ts=2026-09-15T03:56:51.697Z level=warning event=stale_data groups=robot3.telemetry:4 robots=1
ts=2026-09-15T03:56:52.197Z level=warning event=stale_data groups=event:3,robot3.modules:11,robot3.position:3,robot3.telemetry:4 robots=1
ts=2026-09-15T03:56:52.698Z level=warning event=stale_data groups=event:3,robot3.telemetry:4 robots=1
ts=2026-09-15T03:56:53.198Z level=warning event=stale_data groups=event:3,robot3.modules:11,robot3.position:3,robot3.telemetry:4 robots=1
ts=2026-09-15T03:56:53.697Z level=warning event=stale_data groups=event:3,robot3.telemetry:4 robots=1
ts=2026-09-15T03:56:54.197Z level=warning event=stale_data groups=event:3,robot3.modules:11,robot3.position:3,robot3.telemetry:4 robots=1
ts=2026-09-15T03:56:54.447Z level=warning event=stale_data groups=robot3.modules:11,robot3.position:3,robot3.telemetry:4 robots=1
ts=2026-09-15T03:56:54.697Z level=warning event=stale_data groups=robot3.telemetry:4 robots=1
ts=2026-09-15T03:56:55.198Z level=warning event=stale_data groups=event:3,robot3.modules:11,robot3.position:3,robot3.telemetry:4 robots=1
ts=2026-09-15T03:56:55.698Z level=warning event=stale_data groups=event:3,robot3.telemetry:4 robots=1
ts=2026-09-15T03:56:56.198Z level=warning event=stale_data groups=event:3,robot3.modules:11,robot3.position:3,robot3.telemetry:4 robots=1
ts=2026-09-15T03:56:56.697Z level=warning event=stale_data groups=event:3,robot3.telemetry:4 robots=1
ts=2026-09-15T03:56:57.197Z level=warning event=stale_data groups=event:3,robot3.modules:11,robot3.position:3,robot3.telemetry:4 robots=1
ts=2026-09-15T03:56:57.448Z level=warning event=stale_data groups=robot3.modules:11,robot3.position:3,robot3.telemetry:4 robots=1
ts=2026-09-15T03:56:57.697Z level=warning event=stale_data groups=robot3.telemetry:4 robots=1
ts=2026-09-15T03:56:57.948Z level=warning event=stale_data groups=event:3,robot3.telemetry:4 robots=1
ts=2026-09-15T03:56:58.198Z level=warning event=stale_data groups=event:3,robot3.modules:11,robot3.position:3,robot3.telemetry:4 robots=1
ts=2026-09-15T03:56:58.697Z level=warning event=stale_data groups=event:3,robot3.telemetry:4 robots=1
ts=2026-09-15T03:56:59.197Z level=warning event=stale_data groups=event:3,robot3.modules:11,robot3.position:3,robot3.telemetry:4 robots=1
ts=2026-09-15T03:56:59.698Z level=warning event=stale_data groups=event:3,robot3.telemetry:4 robots=1
ts=2026-09-15T03:56:59.948Z level=warning event=stale_data groups=robot3.telemetry:4 robots=1
ts=2026-09-15T03:57:00.198Z level=warning event=stale_data groups=robot3.modules:11,robot3.position:3,robot3.telemetry:4 robots=1
ts=2026-09-15T03:57:00.448Z level=warning event=stale_data groups=event:3,robot3.modules:11,robot3.position:3,robot3.telemetry:4 robots=1
ts=2026-09-15T03:57:00.698Z level=warning event=stale_data groups=event:3,robot3.telemetry:4 robots=1
ts=2026-09-15T03:57:01.198Z level=warning event=stale_data groups=event:3,robot3.modules:11,robot3.position:3,robot3.telemetry:4 robots=1
ts=2026-09-15T03:57:01.698Z level=warning event=stale_data groups=event:3,robot3.telemetry:4 robots=1
ts=2026-09-15T03:57:02.197Z level=warning event=stale_data groups=event:3,robot3.modules:11,robot3.position:3,robot3.telemetry:4 robots=1
ts=2026-09-15T03:57:02.698Z level=warning event=stale_data groups=event:3,robot3.telemetry:4 robots=1
ts=2026-09-15T03:57:03.198Z level=warning event=stale_data groups=event:3,robot3.modules:11,robot3.position:3,robot3.telemetry:4 robots=1
ts=2026-09-15T03:57:03.698Z level=warning event=stale_data groups=event:3,robot3.telemetry:4 robots=1
ts=2026-09-15T03:57:03.948Z level=warning event=stale_data groups=robot3.telemetry:4 robots=1
ts=2026-09-15T03:57:04.198Z level=warning event=stale_data groups=robot3.modules:11,robot3.position:3,robot3.telemetry:4 robots=1
ts=2026-09-15T03:57:04.698Z level=warning event=stale_data groups=robot3.telemetry:4 robots=1
ts=2026-09-15T03:57:04.948Z level=warning event=stale_data groups=event:3,robot3.telemetry:4 robots=1
ts=2026-09-15T03:57:05.197Z level=warning event=stale_data groups=event:3,robot3.modules:11,robot3.position:3,robot3.telemetry:4 robots=1
ts=2026-09-15T03:57:05.697Z level=warning event=stale_data groups=event:3,robot3.telemetry:4 robots=1
ts=2026-09-15T03:57:06.198Z level=warning event=stale_data groups=event:3,robot3.modules:11,robot3.position:3,robot3.telemetry:4 robots=1
ts=2026-09-15T03:57:06.698Z level=warning event=stale_data groups=event:3,robot3.telemetry:4 robots=1
ts=2026-09-15T03:57:07.198Z level=warning event=stale_data groups=event:3,robot3.modules:11,robot3.position:3,robot3.telemetry:4 robots=1
ts=2026-09-15T03:57:07.697Z level=warning event=stale_data groups=event:3,robot3.telemetry:4 robots=1
ts=2026-09-15T03:57:08.198Z level=warning event=stale_data groups=event:3,robot3.modules:11,robot3.position:3,robot3.telemetry:4 robots=1
ts=2026-09-15T03:57:08.697Z level=warning event=stale_data groups=event:3,robot3.telemetry:4 robots=1
ts=2026-09-15T03:57:09.198Z level=warning event=stale_data groups=robot3.modules:11,robot3.position:3 robots=1
ts=2026-09-15T03:57:09.697Z level=warning event=stale_data groups=event:3 robots=1
ts=2026-09-15T03:57:10.198Z level=warning event=stale_data groups=robot3.modules:11,robot3.position:3 robots=1
ts=2026-09-15T03:57:10.948Z level=warning event=stale_data groups=robot3.telemetry:4 robots=1
ts=2026-09-15T03:57:11.198Z level=warning event=stale_data groups=robot3.modules:11,robot3.position:3,robot3.telemetry:4 robots=1
ts=2026-09-15T03:57:11.448Z level=warning event=stale_data groups=robot3.modules:11,robot3.position:3 robots=1
ts=2026-09-15T03:57:11.947Z level=warning event=stale_data groups=event:3 robots=1
ts=2026-09-15T03:57:12.197Z level=warning event=stale_data groups=event:3,robot3.modules:11,robot3.position:3 robots=1
ts=2026-09-15T03:57:12.697Z level=warning event=stale_data groups=event:3 robots=1
ts=2026-09-15T03:57:13.198Z level=warning event=stale_data groups=event:3,robot3.modules:11,robot3.position:3 robots=1
ts=2026-09-15T03:57:14.198Z level=warning event=stale_data groups=event:3,robot3.modules:11,robot3.position:3 robots=1
ts=2026-09-15T03:57:14.448Z level=warning event=stale_data groups=event:3,robot3.modules:11,robot3.position:3,robot3.telemetry:4 robots=1
ts=2026-09-15T03:57:14.697Z level=warning event=stale_data groups=event:3,robot3.telemetry:4 robots=1
ts=2026-09-15T03:57:15.198Z level=warning event=stale_data groups=robot3.modules:11,robot3.position:3 robots=1
ts=2026-09-15T03:57:15.447Z level=warning event=stale_data groups=event:3,robot3.modules:11,robot3.position:3 robots=1
ts=2026-09-15T03:57:15.698Z level=warning event=stale_data groups=event:3 robots=1
ts=2026-09-15T03:57:16.197Z level=warning event=stale_data groups=robot3.modules:11,robot3.position:3 robots=1
ts=2026-09-15T03:57:16.697Z level=warning event=stale_data groups=event:3 robots=1
ts=2026-09-15T03:57:16.947Z level=warning event=stale_data groups=robot3.telemetry:4 robots=1
ts=2026-09-15T03:57:17.198Z level=warning event=stale_data groups=robot3.modules:11,robot3.position:3 robots=1
ts=2026-09-15T03:57:18.198Z level=warning event=stale_data groups=event:3,robot3.modules:11,robot3.position:3 robots=1
ts=2026-09-15T03:57:18.698Z level=warning event=stale_data groups=event:3 robots=1
ts=2026-09-15T03:57:19.198Z level=warning event=stale_data groups=event:3,robot3.modules:11,robot3.position:3 robots=1
ts=2026-09-15T03:57:19.448Z level=warning event=stale_data groups=robot3.modules:11,robot3.position:3 robots=1
ts=2026-09-15T03:57:20.198Z level=warning event=stale_data groups=robot3.modules:11,robot3.position:3 robots=1
ts=2026-09-15T03:57:20.447Z level=warning event=stale_data groups=event:3,robot3.modules:11,robot3.position:3 robots=1
ts=2026-09-15T03:57:20.697Z level=warning event=stale_data groups=event:3,robot3.telemetry:4 robots=1
ts=2026-09-15T03:57:21.197Z level=warning event=stale_data groups=robot3.modules:11,robot3.position:3 robots=1
ts=2026-09-15T03:57:21.448Z level=warning event=stale_data groups=event:3,robot3.modules:11,robot3.position:3 robots=1
ts=2026-09-15T03:57:21.697Z level=warning event=stale_data groups=event:3 robots=1
ts=2026-09-15T03:57:22.197Z level=warning event=stale_data groups=event:3,robot3.modules:11,robot3.position:3 robots=1
ts=2026-09-15T03:57:22.697Z level=warning event=stale_data groups=event:3 robots=1
ts=2026-09-15T03:57:23.198Z level=warning event=stale_data groups=event:3,robot3.modules:11,robot3.position:3 robots=1
ts=2026-09-15T03:57:23.448Z level=warning event=stale_data groups=event:3,robot3.modules:11,robot3.position:3,robot3.telemetry:4 robots=1
ts=2026-09-15T03:57:23.698Z level=warning event=stale_data groups=event:3,robot3.telemetry:4 robots=1
ts=2026-09-15T03:57:24.198Z level=warning event=stale_data groups=robot3.modules:11,robot3.position:3 robots=1
ts=2026-09-15T03:57:24.448Z level=warning event=stale_data groups=event:3,robot3.modules:11,robot3.position:3 robots=1
ts=2026-09-15T03:57:24.697Z level=warning event=stale_data groups=event:3 robots=1
ts=2026-09-15T03:57:25.198Z level=warning event=stale_data groups=event:3,robot3.modules:11,robot3.position:3 robots=1
ts=2026-09-15T03:57:25.447Z level=warning event=stale_data groups=robot3.modules:11,robot3.position:3 robots=1
ts=2026-09-15T03:57:25.948Z level=warning event=stale_data groups=event:3 robots=1
ts=2026-09-15T03:57:26.198Z level=warning event=stale_data groups=event:3,robot3.modules:11,robot3.position:3 robots=1
ts=2026-09-15T03:57:27.198Z level=warning event=stale_data groups=event:3,robot3.modules:11,robot3.position:3 robots=1
ts=2026-09-15T03:57:27.698Z level=warning event=stale_data groups=event:3 robots=1
ts=2026-09-15T03:57:28.196Z level=warning event=stale_data groups=robot3.modules:11,robot3.position:3 robots=1
ts=2026-09-15T03:57:28.447Z level=warning event=stale_data groups=event:3,robot3.modules:11,robot3.position:3,robot3.telemetry:4 robots=1
ts=2026-09-15T03:57:28.697Z level=warning event=stale_data groups=event:3,robot3.telemetry:4 robots=1
ts=2026-09-15T03:57:29.198Z level=warning event=stale_data groups=robot3.modules:11,robot3.position:3,robot3.telemetry:4 robots=1
ts=2026-09-15T03:57:29.698Z level=warning event=stale_data groups=event:3,robot3.telemetry:4 robots=1
ts=2026-09-15T03:57:30.198Z level=warning event=stale_data groups=event:3,robot3.modules:11,robot3.position:3,robot3.telemetry:4 robots=1
ts=2026-09-15T03:57:30.698Z level=warning event=stale_data groups=event:3,robot3.telemetry:4 robots=1
ts=2026-09-15T03:57:31.198Z level=warning event=stale_data groups=event:3,robot3.modules:11,robot3.position:3,robot3.telemetry:4 robots=1
ts=2026-09-15T03:57:31.698Z level=warning event=stale_data groups=robot3.telemetry:4 robots=1
ts=2026-09-15T03:57:32.198Z level=warning event=stale_data groups=robot3.modules:11,robot3.position:3 robots=1
ts=2026-09-15T03:57:32.697Z level=warning event=stale_data groups=event:3 robots=1
ts=2026-09-15T03:57:33.197Z level=warning event=stale_data groups=robot3.modules:11,robot3.position:3 robots=1
ts=2026-09-15T03:57:33.948Z level=warning event=stale_data groups=event:3 robots=1
ts=2026-09-15T03:57:34.198Z level=warning event=stale_data groups=event:3,robot3.modules:11,robot3.position:3 robots=1
ts=2026-09-15T03:57:34.448Z level=warning event=stale_data groups=robot3.modules:11,robot3.position:3,robot3.telemetry:4 robots=1
ts=2026-09-15T03:57:34.697Z level=warning event=stale_data groups=robot3.telemetry:4 robots=1
ts=2026-09-15T03:57:34.948Z level=warning event=stale_data groups=event:3,robot3.telemetry:4 robots=1
ts=2026-09-15T03:57:35.198Z level=warning event=stale_data groups=event:3,robot3.modules:11,robot3.position:3,robot3.telemetry:4 robots=1
ts=2026-09-15T03:57:36.197Z level=warning event=stale_data groups=robot3.modules:11,robot3.position:3 robots=1
ts=2026-09-15T03:57:37.198Z level=warning event=stale_data groups=event:3,robot3.modules:11,robot3.position:3 robots=1
ts=2026-09-15T03:57:37.698Z level=warning event=stale_data groups=event:3 robots=1
ts=2026-09-15T03:57:37.948Z level=warning event=stale_data groups=event:3,robot3.telemetry:4 robots=1
ts=2026-09-15T03:57:38.198Z level=warning event=stale_data groups=robot3.modules:11,robot3.position:3 robots=1
ts=2026-09-15T03:57:38.698Z level=warning event=stale_data groups=event:3 robots=1
ts=2026-09-15T03:57:39.197Z level=warning event=stale_data groups=event:3,robot3.modules:11,robot3.position:3 robots=1
ts=2026-09-15T03:57:39.448Z level=warning event=stale_data groups=robot3.modules:11,robot3.position:3 robots=1
ts=2026-09-15T03:57:39.948Z level=warning event=stale_data groups=event:3,robot3.telemetry:4 robots=1
ts=2026-09-15T03:57:40.197Z level=warning event=stale_data groups=event:3,robot3.modules:11,robot3.position:3,robot3.telemetry:4 robots=1
ts=2026-09-15T03:57:40.697Z level=warning event=stale_data groups=event:3,robot3.telemetry:4 robots=1
ts=2026-09-15T03:57:41.198Z level=warning event=stale_data groups=robot3.modules:11,robot3.position:3,robot3.telemetry:4 robots=1
ts=2026-09-15T03:57:41.697Z level=warning event=stale_data groups=event:3,robot3.telemetry:4 robots=1
ts=2026-09-15T03:57:41.948Z level=warning event=stale_data groups=robot3.telemetry:4 robots=1
ts=2026-09-15T03:57:42.197Z level=warning event=stale_data groups=robot3.modules:11,robot3.position:3,robot3.telemetry:4 robots=1
ts=2026-09-15T03:57:42.448Z level=warning event=stale_data groups=event:3,robot3.modules:11,robot3.position:3,robot3.telemetry:4 robots=1
ts=2026-09-15T03:57:42.697Z level=warning event=stale_data groups=event:3,robot3.telemetry:4 robots=1
ts=2026-09-15T03:57:43.198Z level=warning event=stale_data groups=event:3,robot3.modules:11,robot3.position:3,robot3.telemetry:4 robots=1
ts=2026-09-15T03:57:43.698Z level=warning event=stale_data groups=event:3,robot3.telemetry:4 robots=1
ts=2026-09-15T03:57:43.948Z level=warning event=stale_data groups=robot3.telemetry:4 robots=1
ts=2026-09-15T03:57:44.198Z level=warning event=stale_data groups=robot3.modules:11,robot3.position:3,robot3.telemetry:4 robots=1
ts=2026-09-15T03:57:44.448Z level=warning event=stale_data groups=event:3,robot3.modules:11,robot3.position:3,robot3.telemetry:4 robots=1
ts=2026-09-15T03:57:44.697Z level=warning event=stale_data groups=event:3,robot3.telemetry:4 robots=1
ts=2026-09-15T03:57:45.198Z level=warning event=stale_data groups=robot3.modules:11,robot3.position:3,robot3.telemetry:4 robots=1
ts=2026-09-15T03:57:45.698Z level=warning event=stale_data groups=robot3.telemetry:4 robots=1
ts=2026-09-15T03:57:46.198Z level=warning event=stale_data groups=robot3.modules:11,robot3.position:3,robot3.telemetry:4 robots=1
ts=2026-09-15T03:57:46.448Z level=warning event=stale_data groups=event:3,robot3.modules:11,robot3.position:3,robot3.telemetry:4 robots=1
ts=2026-09-15T03:57:46.698Z level=warning event=stale_data groups=event:3,robot3.telemetry:4 robots=1
ts=2026-09-15T03:57:47.198Z level=warning event=stale_data groups=robot3.modules:11,robot3.position:3,robot3.telemetry:4 robots=1
ts=2026-09-15T03:57:48.197Z level=warning event=stale_data groups=event:3,robot3.modules:11,robot3.position:3,robot3.telemetry:4 robots=1
ts=2026-09-15T03:57:48.698Z level=warning event=stale_data groups=event:3,robot3.telemetry:4 robots=1
ts=2026-09-15T03:57:49.198Z level=warning event=stale_data groups=event:3,robot3.modules:11,robot3.position:3,robot3.telemetry:4 robots=1
ts=2026-09-15T03:57:49.448Z level=warning event=stale_data groups=robot3.modules:11,robot3.position:3,robot3.telemetry:4 robots=1
ts=2026-09-15T03:57:49.697Z level=warning event=stale_data groups=robot3.telemetry:4 robots=1
ts=2026-09-15T03:57:49.948Z level=warning event=stale_data groups=event:3,robot3.telemetry:4 robots=1
ts=2026-09-15T03:57:50.198Z level=warning event=stale_data groups=event:3,robot3.modules:11,robot3.position:3,robot3.telemetry:4 robots=1
ts=2026-09-15T03:57:50.698Z level=warning event=stale_data groups=event:3,robot3.telemetry:4 robots=1
ts=2026-09-15T03:57:51.198Z level=warning event=stale_data groups=event:3,robot3.modules:11,robot3.position:3,robot3.telemetry:4 robots=1
ts=2026-09-15T03:57:51.448Z level=warning event=stale_data groups=robot3.modules:11,robot3.position:3 robots=1
ts=2026-09-15T03:57:51.947Z level=warning event=stale_data groups=event:3 robots=1
ts=2026-09-15T03:57:52.198Z level=warning event=stale_data groups=event:3,robot3.modules:11,robot3.position:3,robot3.telemetry:4 robots=1
ts=2026-09-15T03:57:53.198Z level=warning event=stale_data groups=event:3,robot3.modules:11,robot3.position:3 robots=1
ts=2026-09-15T03:57:53.698Z level=warning event=stale_data groups=event:3 robots=1
ts=2026-09-15T03:57:53.947Z level=warning event=stale_data groups=event:3,robot3.telemetry:4 robots=1
ts=2026-09-15T03:57:54.198Z level=warning event=stale_data groups=event:3,robot3.modules:11,robot3.position:3,robot3.telemetry:4 robots=1
ts=2026-09-15T03:57:54.448Z level=warning event=stale_data groups=robot3.modules:11,robot3.position:3 robots=1
ts=2026-09-15T03:57:55.197Z level=warning event=stale_data groups=robot3.modules:11,robot3.position:3 robots=1
ts=2026-09-15T03:57:55.448Z level=warning event=stale_data groups=event:3,robot3.modules:11,robot3.position:3 robots=1
ts=2026-09-15T03:57:55.698Z level=warning event=stale_data groups=event:3 robots=1
ts=2026-09-15T03:57:56.198Z level=warning event=stale_data groups=event:3,robot3.modules:11,robot3.position:3 robots=1
ts=2026-09-15T03:57:56.698Z level=warning event=stale_data groups=event:3,robot3.telemetry:4 robots=1
ts=2026-09-15T03:57:57.198Z level=warning event=stale_data groups=robot3.modules:11,robot3.position:3 robots=1
ts=2026-09-15T03:57:57.948Z level=warning event=stale_data groups=robot3.telemetry:4 robots=1
ts=2026-09-15T03:57:58.197Z level=warning event=stale_data groups=robot3.modules:11,robot3.position:3,robot3.telemetry:4 robots=1
ts=2026-09-15T03:57:58.448Z level=warning event=stale_data groups=event:3,robot3.modules:11,robot3.position:3,robot3.telemetry:4 robots=1
ts=2026-09-15T03:57:58.698Z level=warning event=stale_data groups=event:3,robot3.telemetry:4 robots=1
ts=2026-09-15T03:57:59.197Z level=warning event=stale_data groups=event:3,robot3.modules:11,robot3.position:3,robot3.telemetry:4 robots=1
ts=2026-09-15T03:57:59.698Z level=warning event=stale_data groups=robot3.telemetry:4 robots=1
ts=2026-09-15T03:58:00.198Z level=warning event=stale_data groups=event:3,robot3.modules:11,robot3.position:3,robot3.telemetry:4 robots=1
ts=2026-09-15T03:58:00.697Z level=warning event=stale_data groups=event:3,robot3.telemetry:4 robots=1
ts=2026-09-15T03:58:01.198Z level=warning event=stale_data groups=event:3,robot3.modules:11,robot3.position:3,robot3.telemetry:4 robots=1
ts=2026-09-15T03:58:01.698Z level=warning event=stale_data groups=robot3.telemetry:4 robots=1
ts=2026-09-15T03:58:02.198Z level=warning event=stale_data groups=event:3,robot3.modules:11,robot3.position:3,robot3.telemetry:4 robots=1
ts=2026-09-15T03:58:02.697Z level=warning event=stale_data groups=event:3,robot3.telemetry:4 robots=1
ts=2026-09-15T03:58:02.948Z level=warning event=stale_data groups=robot3.telemetry:4 robots=1
ts=2026-09-15T03:58:03.198Z level=warning event=stale_data groups=robot3.modules:11,robot3.position:3,robot3.telemetry:4 robots=1
ts=2026-09-15T03:58:03.698Z level=warning event=stale_data groups=event:3,robot3.telemetry:4 robots=1
ts=2026-09-15T03:58:04.198Z level=warning event=stale_data groups=event:3,robot3.modules:11,robot3.position:3,robot3.telemetry:4 robots=1
ts=2026-09-15T03:58:04.696Z level=warning event=stale_data groups=event:3,robot3.telemetry:4 robots=1
ts=2026-09-15T03:58:05.197Z level=warning event=stale_data groups=event:3,robot3.modules:11,robot3.position:3,robot3.telemetry:4 robots=1
ts=2026-09-15T03:58:05.448Z level=warning event=stale_data groups=robot3.modules:11,robot3.position:3,robot3.telemetry:4 robots=1
ts=2026-09-15T03:58:05.698Z level=warning event=stale_data groups=robot3.telemetry:4 robots=1
ts=2026-09-15T03:58:05.947Z level=warning event=stale_data groups=event:3,robot3.telemetry:4 robots=1
ts=2026-09-15T03:58:06.197Z level=warning event=stale_data groups=event:3,robot3.modules:11,robot3.position:3,robot3.telemetry:4 robots=1
ts=2026-09-15T03:58:07.198Z level=warning event=stale_data groups=robot3.modules:11,robot3.position:3,robot3.telemetry:4 robots=1
ts=2026-09-15T03:58:08.198Z level=warning event=stale_data groups=robot3.modules:11,robot3.position:3,robot3.telemetry:4 robots=1
ts=2026-09-15T03:58:08.448Z level=warning event=stale_data groups=event:3,robot3.modules:11,robot3.position:3,robot3.telemetry:4 robots=1
ts=2026-09-15T03:58:09.198Z level=warning event=stale_data groups=robot3.modules:11,robot3.position:3 robots=1
ts=2026-09-15T03:58:09.948Z level=warning event=stale_data groups=event:3 robots=1
ts=2026-09-15T03:58:10.197Z level=warning event=stale_data groups=robot3.modules:11,robot3.position:3 robots=1
ts=2026-09-15T03:58:10.448Z level=warning event=stale_data groups=robot3.modules:11,robot3.position:3,robot3.telemetry:4 robots=1
ts=2026-09-15T03:58:10.697Z level=warning event=stale_data groups=event:3,robot3.telemetry:4 robots=1
ts=2026-09-15T03:58:11.198Z level=warning event=stale_data groups=event:3,robot3.modules:11,robot3.position:3,robot3.telemetry:4 robots=1
ts=2026-09-15T03:58:11.448Z level=warning event=stale_data groups=robot3.modules:11,robot3.position:3 robots=1
ts=2026-09-15T03:58:11.948Z level=warning event=stale_data groups=event:3 robots=1
ts=2026-09-15T03:58:12.197Z level=warning event=stale_data groups=event:3,robot3.modules:11,robot3.position:3 robots=1
ts=2026-09-15T03:58:13.198Z level=warning event=stale_data groups=robot3.modules:11,robot3.position:3 robots=1
ts=2026-09-15T03:58:13.697Z level=warning event=stale_data groups=event:3 robots=1
ts=2026-09-15T03:58:14.197Z level=warning event=stale_data groups=event:3,robot3.modules:11,robot3.position:3 robots=1
ts=2026-09-15T03:58:14.448Z level=warning event=stale_data groups=robot3.modules:11,robot3.position:3 robots=1
ts=2026-09-15T03:58:14.948Z level=warning event=stale_data groups=robot3.telemetry:4 robots=1
ts=2026-09-15T03:58:15.198Z level=warning event=stale_data groups=robot3.modules:11,robot3.position:3,robot3.telemetry:4 robots=1
ts=2026-09-15T03:58:15.698Z level=warning event=stale_data groups=event:3,robot3.telemetry:4 robots=1
ts=2026-09-15T03:58:16.198Z level=warning event=stale_data groups=robot3.modules:11,robot3.position:3 robots=1
ts=2026-09-15T03:58:16.698Z level=warning event=stale_data groups=event:3 robots=1
ts=2026-09-15T03:58:17.197Z level=warning event=stale_data groups=robot3.modules:11,robot3.position:3 robots=1
ts=2026-09-15T03:58:17.698Z level=warning event=stale_data groups=event:3,robot3.telemetry:4 robots=1
ts=2026-09-15T03:58:18.198Z level=warning event=stale_data groups=event:3,robot3.modules:11,robot3.position:3,robot3.telemetry:4 robots=1
ts=2026-09-15T03:58:18.698Z level=warning event=stale_data groups=event:3,robot3.telemetry:4 robots=1
ts=2026-09-15T03:58:19.198Z level=warning event=stale_data groups=event:3,robot3.modules:11,robot3.position:3,robot3.telemetry:4 robots=1
ts=2026-09-15T03:58:19.448Z level=warning event=stale_data groups=robot3.modules:11,robot3.position:3,robot3.telemetry:4 robots=1
ts=2026-09-15T03:58:19.698Z level=warning event=stale_data groups=robot3.telemetry:4 robots=1
ts=2026-09-15T03:58:20.198Z level=warning event=stale_data groups=robot3.modules:11,robot3.position:3 robots=1
ts=2026-09-15T03:58:20.448Z level=warning event=stale_data groups=event:3,robot3.modules:11,robot3.position:3 robots=1
ts=2026-09-15T03:58:20.697Z level=warning event=stale_data groups=event:3 robots=1
ts=2026-09-15T03:58:20.948Z level=warning event=stale_data groups=robot3.telemetry:4 robots=1
ts=2026-09-15T03:58:21.198Z level=warning event=stale_data groups=robot3.modules:11,robot3.position:3,robot3.telemetry:4 robots=1
ts=2026-09-15T03:58:21.447Z level=warning event=stale_data groups=robot3.modules:11,robot3.position:3 robots=1
ts=2026-09-15T03:58:21.948Z level=warning event=stale_data groups=event:3 robots=1
ts=2026-09-15T03:58:22.198Z level=warning event=stale_data groups=robot3.modules:11,robot3.position:3 robots=1
ts=2026-09-15T03:58:22.448Z level=warning event=stale_data groups=robot3.modules:11,robot3.position:3,robot3.telemetry:4 robots=1
ts=2026-09-15T03:58:22.698Z level=warning event=stale_data groups=robot3.telemetry:4 robots=1
ts=2026-09-15T03:58:23.198Z level=warning event=stale_data groups=robot3.modules:11,robot3.position:3 robots=1
ts=2026-09-15T03:58:24.198Z level=warning event=stale_data groups=robot3.modules:11,robot3.position:3,robot3.telemetry:4 robots=1
ts=2026-09-15T03:58:24.698Z level=warning event=stale_data groups=event:3,robot3.telemetry:4 robots=1
ts=2026-09-15T03:58:25.198Z level=warning event=stale_data groups=event:3,robot3.modules:11,robot3.position:3,robot3.telemetry:4 robots=1
ts=2026-09-15T03:58:25.698Z level=warning event=stale_data groups=robot3.telemetry:4 robots=1
ts=2026-09-15T03:58:26.198Z level=warning event=stale_data groups=event:3,robot3.modules:11,robot3.position:3,robot3.telemetry:4 robots=1
ts=2026-09-15T03:58:26.448Z level=warning event=stale_data groups=robot3.modules:11,robot3.position:3 robots=1
ts=2026-09-15T03:58:26.948Z level=warning event=stale_data groups=event:3,robot3.telemetry:4 robots=1
ts=2026-09-15T03:58:27.198Z level=warning event=stale_data groups=event:3,robot3.modules:11,robot3.position:3,robot3.telemetry:4 robots=1
ts=2026-09-15T03:58:28.198Z level=warning event=stale_data groups=robot3.modules:11,robot3.position:3 robots=1
ts=2026-09-15T03:58:28.948Z level=warning event=stale_data groups=robot3.telemetry:4 robots=1
ts=2026-09-15T03:58:29.198Z level=warning event=stale_data groups=robot3.modules:11,robot3.position:3,robot3.telemetry:4 robots=1
ts=2026-09-15T03:58:29.698Z level=warning event=stale_data groups=event:3,robot3.telemetry:4 robots=1
ts=2026-09-15T03:58:30.198Z level=warning event=stale_data groups=event:3,robot3.modules:11,robot3.position:3,robot3.telemetry:4 robots=1
ts=2026-09-15T03:58:30.697Z level=warning event=stale_data groups=event:3,robot3.telemetry:4 robots=1
ts=2026-09-15T03:58:31.198Z level=warning event=stale_data groups=event:3,robot3.modules:11,robot3.position:3,robot3.telemetry:4 robots=1
ts=2026-09-15T03:58:31.698Z level=warning event=stale_data groups=event:3,robot3.telemetry:4 robots=1
ts=2026-09-15T03:58:32.198Z level=warning event=stale_data groups=event:3,robot3.modules:11,robot3.position:3,robot3.telemetry:4 robots=1
ts=2026-09-15T03:58:32.697Z level=warning event=stale_data groups=event:3,robot3.telemetry:4 robots=1
ts=2026-09-15T03:58:33.197Z level=warning event=stale_data groups=robot3.modules:11,robot3.position:3,robot3.telemetry:4 robots=1
ts=2026-09-15T03:58:33.698Z level=warning event=stale_data groups=event:3,robot3.telemetry:4 robots=1
ts=2026-09-15T03:58:34.198Z level=warning event=stale_data groups=event:3,robot3.modules:11,robot3.position:3,robot3.telemetry:4 robots=1
ts=2026-09-15T03:58:34.697Z level=warning event=stale_data groups=event:3,robot3.telemetry:4 robots=1
ts=2026-09-15T03:58:35.198Z level=warning event=stale_data groups=event:3,robot3.modules:11,robot3.position:3,robot3.telemetry:4 robots=1
ts=2026-09-15T03:58:35.698Z level=warning event=stale_data groups=event:3,robot3.telemetry:4 robots=1
ts=2026-09-15T03:58:36.198Z level=warning event=stale_data groups=robot3.modules:11,robot3.position:3 robots=1
ts=2026-09-15T03:58:36.448Z level=warning event=stale_data groups=event:3,robot3.modules:11,robot3.position:3 robots=1
ts=2026-09-15T03:58:37.198Z level=warning event=stale_data groups=robot3.modules:11,robot3.position:3,robot3.telemetry:4 robots=1
ts=2026-09-15T03:58:37.698Z level=warning event=stale_data groups=event:3,robot3.telemetry:4 robots=1
ts=2026-09-15T03:58:38.198Z level=warning event=stale_data groups=event:3,robot3.modules:11,robot3.position:3,robot3.telemetry:4 robots=1
ts=2026-09-15T03:58:38.697Z level=warning event=stale_data groups=event:3,robot3.telemetry:4 robots=1
ts=2026-09-15T03:58:39.198Z level=warning event=stale_data groups=event:3,robot3.modules:11,robot3.position:3,robot3.telemetry:4 robots=1
ts=2026-09-15T03:58:39.698Z level=warning event=stale_data groups=event:3,robot3.telemetry:4 robots=1
ts=2026-09-15T03:58:40.197Z level=warning event=stale_data groups=event:3,robot3.modules:11,robot3.position:3,robot3.telemetry:4 robots=1
ts=2026-09-15T03:58:40.697Z level=warning event=stale_data groups=event:3,robot3.telemetry:4 robots=1
ts=2026-09-15T03:58:40.948Z level=warning event=stale_data groups=robot3.telemetry:4 robots=1
ts=2026-09-15T03:58:41.198Z level=warning event=stale_data groups=robot3.modules:11,robot3.position:3 robots=1
ts=2026-09-15T03:58:41.698Z level=warning event=stale_data groups=event:3 robots=1
ts=2026-09-15T03:58:42.198Z level=warning event=stale_data groups=event:3,robot3.modules:11,robot3.position:3 robots=1
ts=2026-09-15T03:58:42.697Z level=warning event=stale_data groups=event:3 robots=1
ts=2026-09-15T03:58:43.197Z level=warning event=stale_data groups=robot3.modules:11,robot3.position:3,robot3.telemetry:4 robots=1
ts=2026-09-15T03:58:43.448Z level=warning event=stale_data groups=event:3,robot3.modules:11,robot3.position:3,robot3.telemetry:4 robots=1
ts=2026-09-15T03:58:43.698Z level=warning event=stale_data groups=event:3,robot3.telemetry:4 robots=1
ts=2026-09-15T03:58:44.197Z level=warning event=stale_data groups=event:3,robot3.modules:11,robot3.position:3,robot3.telemetry:4 robots=1
ts=2026-09-15T03:58:44.448Z level=warning event=stale_data groups=robot3.modules:11,robot3.position:3 robots=1
ts=2026-09-15T03:58:44.948Z level=warning event=stale_data groups=event:3 robots=1
ts=2026-09-15T03:58:45.198Z level=warning event=stale_data groups=event:3,robot3.modules:11,robot3.position:3 robots=1
ts=2026-09-15T03:58:45.448Z level=warning event=stale_data groups=robot3.modules:11,robot3.position:3 robots=1
ts=2026-09-15T03:58:45.948Z level=warning event=stale_data groups=event:3,robot3.telemetry:4 robots=1
ts=2026-09-15T03:58:46.198Z level=warning event=stale_data groups=robot3.modules:11,robot3.position:3 robots=1
ts=2026-09-15T03:58:46.697Z level=warning event=stale_data groups=event:3 robots=1
ts=2026-09-15T03:58:47.198Z level=warning event=stale_data groups=event:3,robot3.modules:11,robot3.position:3 robots=1
ts=2026-09-15T03:58:47.449Z level=warning event=stale_data groups=robot3.modules:11,robot3.position:3,robot3.telemetry:4 robots=1
ts=2026-09-15T03:58:47.698Z level=warning event=stale_data groups=robot3.telemetry:4 robots=1
ts=2026-09-15T03:58:47.948Z level=warning event=stale_data groups=event:3,robot3.telemetry:4 robots=1
ts=2026-09-15T03:58:48.198Z level=warning event=stale_data groups=event:3,robot3.modules:11,robot3.position:3,robot3.telemetry:4 robots=1
ts=2026-09-15T03:58:48.697Z level=warning event=stale_data groups=event:3,robot3.telemetry:4 robots=1
ts=2026-09-15T03:58:49.198Z level=warning event=stale_data groups=event:3,robot3.modules:11,robot3.position:3,robot3.telemetry:4 robots=1
ts=2026-09-15T03:58:49.698Z level=warning event=stale_data groups=event:3,robot3.telemetry:4 robots=1
ts=2026-09-15T03:58:50.197Z level=warning event=stale_data groups=event:3,robot3.modules:11,robot3.position:3,robot3.telemetry:4 robots=1
ts=2026-09-15T03:58:50.698Z level=warning event=stale_data groups=event:3,robot3.telemetry:4 robots=1
ts=2026-09-15T03:58:50.947Z level=warning event=stale_data groups=robot3.telemetry:4 robots=1
ts=2026-09-15T03:58:51.198Z level=warning event=stale_data groups=robot3.modules:11,robot3.position:3,robot3.telemetry:4 robots=1
ts=2026-09-15T03:58:51.697Z level=warning event=stale_data groups=robot3.telemetry:4 robots=1
ts=2026-09-15T03:58:52.198Z level=warning event=stale_data groups=robot3.modules:11,robot3.position:3 robots=1
ts=2026-09-15T03:58:52.448Z level=warning event=stale_data groups=event:3,robot3.modules:11,robot3.position:3 robots=1
ts=2026-09-15T03:58:52.697Z level=warning event=stale_data groups=event:3,robot3.telemetry:4 robots=1
ts=2026-09-15T03:58:52.948Z level=warning event=stale_data groups=robot3.telemetry:4 robots=1
ts=2026-09-15T03:58:53.198Z level=warning event=stale_data groups=robot3.modules:11,robot3.position:3,robot3.telemetry:4 robots=1
ts=2026-09-15T03:58:53.697Z level=warning event=stale_data groups=robot3.telemetry:4 robots=1
ts=2026-09-15T03:58:54.198Z level=warning event=stale_data groups=robot3.modules:11,robot3.position:3 robots=1
ts=2026-09-15T03:58:54.447Z level=warning event=stale_data groups=event:3,robot3.modules:11,robot3.position:3 robots=1
ts=2026-09-15T03:58:54.698Z level=warning event=stale_data groups=event:3 robots=1
ts=2026-09-15T03:58:54.948Z level=warning event=stale_data groups=robot3.telemetry:4 robots=1
ts=2026-09-15T03:58:55.197Z level=warning event=stale_data groups=robot3.modules:11,robot3.position:3,robot3.telemetry:4 robots=1
ts=2026-09-15T03:58:55.448Z level=warning event=stale_data groups=event:3,robot3.modules:11,robot3.position:3,robot3.telemetry:4 robots=1
ts=2026-09-15T03:58:55.698Z level=warning event=stale_data groups=event:3,robot3.telemetry:4 robots=1
ts=2026-09-15T03:58:56.198Z level=warning event=stale_data groups=event:3,robot3.modules:11,robot3.position:3,robot3.telemetry:4 robots=1
ts=2026-09-15T03:58:56.697Z level=warning event=stale_data groups=event:3,robot3.telemetry:4 robots=1
ts=2026-09-15T03:58:56.948Z level=warning event=stale_data groups=robot3.telemetry:4 robots=1
ts=2026-09-15T03:58:57.198Z level=warning event=stale_data groups=robot3.modules:11,robot3.position:3,robot3.telemetry:4 robots=1
ts=2026-09-15T03:58:57.448Z level=warning event=stale_data groups=event:3,robot3.modules:11,robot3.position:3,robot3.telemetry:4 robots=1
ts=2026-09-15T03:58:57.697Z level=warning event=stale_data groups=robot3.telemetry:4 robots=1
ts=2026-09-15T03:58:58.198Z level=warning event=stale_data groups=robot3.modules:11,robot3.position:3,robot3.telemetry:4 robots=1
ts=2026-09-15T03:58:58.447Z level=warning event=stale_data groups=event:3,robot3.modules:11,robot3.position:3,robot3.telemetry:4 robots=1
ts=2026-09-15T03:58:58.698Z level=warning event=stale_data groups=robot3.telemetry:4 robots=1
ts=2026-09-15T03:58:59.198Z level=warning event=stale_data groups=event:3,robot3.modules:11,robot3.position:3,robot3.telemetry:4 robots=1
ts=2026-09-15T03:58:59.448Z level=warning event=stale_data groups=robot3.modules:11,robot3.position:3,robot3.telemetry:4 robots=1
ts=2026-09-15T03:58:59.698Z level=warning event=stale_data groups=robot3.telemetry:4 robots=1
ts=2026-09-15T03:58:59.948Z level=warning event=stale_data groups=event:3,robot3.telemetry:4 robots=1
ts=2026-09-15T03:59:00.198Z level=warning event=stale_data groups=event:3,robot3.modules:11,robot3.position:3,robot3.telemetry:4 robots=1
ts=2026-09-15T03:59:00.448Z level=warning event=stale_data groups=robot3.modules:11,robot3.position:3,robot3.telemetry:4 robots=1
ts=2026-09-15T03:59:00.697Z level=warning event=stale_data groups=robot3.telemetry:4 robots=1
ts=2026-09-15T03:59:01.198Z level=warning event=stale_data groups=robot3.modules:11,robot3.position:3,robot3.telemetry:4 robots=1
ts=2026-09-15T03:59:01.448Z level=warning event=stale_data groups=event:3,robot3.modules:11,robot3.position:3,robot3.telemetry:4 robots=1
ts=2026-09-15T03:59:01.698Z level=warning event=stale_data groups=event:3,robot3.telemetry:4 robots=1
ts=2026-09-15T03:59:02.198Z level=warning event=stale_data groups=event:3,robot3.modules:11,robot3.position:3,robot3.telemetry:4 robots=1
ts=2026-09-15T03:59:02.698Z level=warning event=stale_data groups=event:3,robot3.telemetry:4 robots=1
ts=2026-09-15T03:59:03.197Z level=warning event=stale_data groups=event:3,robot3.modules:11,robot3.position:3,robot3.telemetry:4 robots=1
ts=2026-09-15T03:59:03.698Z level=warning event=stale_data groups=event:3,robot3.telemetry:4 robots=1
ts=2026-09-15T03:59:04.198Z level=warning event=stale_data groups=event:3,robot3.modules:11,robot3.position:3,robot3.telemetry:4 robots=1
ts=2026-09-15T03:59:04.448Z level=warning event=stale_data groups=robot3.modules:11,robot3.position:3,robot3.telemetry:4 robots=1
ts=2026-09-15T03:59:04.697Z level=warning event=stale_data groups=robot3.telemetry:4 robots=1
ts=2026-09-15T03:59:04.948Z level=warning event=stale_data groups=event:3,robot3.telemetry:4 robots=1
ts=2026-09-15T03:59:05.198Z level=warning event=stale_data groups=event:3,robot3.modules:11,robot3.position:3,robot3.telemetry:4 robots=1
ts=2026-09-15T03:59:05.698Z level=warning event=stale_data groups=event:3,robot3.telemetry:4 robots=1
ts=2026-09-15T03:59:06.198Z level=warning event=stale_data groups=event:3,robot3.modules:11,robot3.position:3,robot3.telemetry:4 robots=1
ts=2026-09-15T03:59:06.448Z level=warning event=stale_data groups=robot3.modules:11,robot3.position:3,robot3.telemetry:4 robots=1
ts=2026-09-15T03:59:06.697Z level=warning event=stale_data groups=robot3.telemetry:4 robots=1
ts=2026-09-15T03:59:06.948Z level=warning event=stale_data groups=event:3,robot3.telemetry:4 robots=1
ts=2026-09-15T03:59:07.197Z level=warning event=stale_data groups=event:3,robot3.modules:11,robot3.position:3,robot3.telemetry:4 robots=1
ts=2026-09-15T03:59:07.447Z level=warning event=stale_data groups=robot3.modules:11,robot3.position:3,robot3.telemetry:4 robots=1
ts=2026-09-15T03:59:07.698Z level=warning event=stale_data groups=robot3.telemetry:4 robots=1
ts=2026-09-15T03:59:08.198Z level=warning event=stale_data groups=robot3.modules:11,robot3.position:3,robot3.telemetry:4 robots=1
ts=2026-09-15T03:59:08.697Z level=warning event=stale_data groups=robot3.telemetry:4 robots=1
ts=2026-09-15T03:59:08.948Z level=warning event=stale_data groups=event:3,robot3.telemetry:4 robots=1
ts=2026-09-15T03:59:09.197Z level=warning event=stale_data groups=event:3,robot3.modules:11,robot3.position:3,robot3.telemetry:4 robots=1
ts=2026-09-15T03:59:09.447Z level=warning event=stale_data groups=robot3.modules:11,robot3.position:3,robot3.telemetry:4 robots=1
ts=2026-09-15T03:59:10.198Z level=warning event=stale_data groups=robot3.modules:11,robot3.position:3,robot3.telemetry:4 robots=1
ts=2026-09-15T03:59:10.448Z level=warning event=stale_data groups=event:3,robot3.modules:11,robot3.position:3,robot3.telemetry:4 robots=1
ts=2026-09-15T03:59:10.698Z level=warning event=stale_data groups=robot3.telemetry:4 robots=1
ts=2026-09-15T03:59:11.198Z level=warning event=stale_data groups=robot3.modules:11,robot3.position:3,robot3.telemetry:4 robots=1
ts=2026-09-15T03:59:11.447Z level=warning event=stale_data groups=event:3,robot3.modules:11,robot3.position:3,robot3.telemetry:4 robots=1
ts=2026-09-15T03:59:11.698Z level=warning event=stale_data groups=event:3,robot3.telemetry:4 robots=1
ts=2026-09-15T03:59:12.199Z level=warning event=stale_data groups=event:3,robot3.modules:11,robot3.position:3,robot3.telemetry:4 robots=1
ts=2026-09-15T03:59:12.699Z level=warning event=stale_data groups=robot3.telemetry:4 robots=1
ts=2026-09-15T03:59:13.198Z level=warning event=stale_data groups=event:3,robot3.modules:11,robot3.position:3,robot3.telemetry:4 robots=1
ts=2026-09-15T03:59:13.698Z level=warning event=stale_data groups=event:3,robot3.telemetry:4 robots=1
ts=2026-09-15T03:59:14.198Z level=warning event=stale_data groups=robot3.modules:11,robot3.position:3 robots=1
ts=2026-09-15T03:59:14.448Z level=warning event=stale_data groups=event:3,robot3.modules:11,robot3.position:3 robots=1
ts=2026-09-15T03:59:14.697Z level=warning event=stale_data groups=event:3 robots=1
ts=2026-09-15T03:59:14.948Z level=warning event=stale_data groups=event:3,robot3.telemetry:4 robots=1
ts=2026-09-15T03:59:15.198Z level=warning event=stale_data groups=event:3,robot3.modules:11,robot3.position:3,robot3.telemetry:4 robots=1
ts=2026-09-15T03:59:15.699Z level=warning event=stale_data groups=robot3.telemetry:4 robots=1
ts=2026-09-15T03:59:16.198Z level=warning event=stale_data groups=robot3.modules:11,robot3.position:3,robot3.telemetry:4 robots=1
ts=2026-09-15T03:59:16.698Z level=warning event=stale_data groups=event:3,robot3.telemetry:4 robots=1
ts=2026-09-15T03:59:17.198Z level=warning event=stale_data groups=event:3,robot3.modules:11,robot3.position:3,robot3.telemetry:4 robots=1
ts=2026-09-15T03:59:17.698Z level=warning event=stale_data groups=event:3,robot3.telemetry:4 robots=1
ts=2026-09-15T03:59:17.948Z level=warning event=stale_data groups=robot3.telemetry:4 robots=1
ts=2026-09-15T03:59:18.199Z level=warning event=stale_data groups=robot3.modules:11,robot3.position:3,robot3.telemetry:4 robots=1
ts=2026-09-15T03:59:18.698Z level=warning event=stale_data groups=event:3,robot3.telemetry:4 robots=1
ts=2026-09-15T03:59:19.198Z level=warning event=stale_data groups=robot3.modules:11,robot3.position:3 robots=1
ts=2026-09-15T03:59:19.448Z level=warning event=stale_data groups=event:3,robot3.modules:11,robot3.position:3,robot3.telemetry:4 robots=1
ts=2026-09-15T03:59:20.197Z level=warning event=stale_data groups=event:3,robot3.modules:11,robot3.position:3 robots=1
ts=2026-09-15T03:59:20.448Z level=warning event=stale_data groups=robot3.modules:11,robot3.position:3 robots=1
ts=2026-09-15T03:59:20.948Z level=warning event=stale_data groups=event:3,robot3.telemetry:4 robots=1
ts=2026-09-15T03:59:21.199Z level=warning event=stale_data groups=event:3,robot3.modules:11,robot3.position:3,robot3.telemetry:4 robots=1
ts=2026-09-15T03:59:21.698Z level=warning event=stale_data groups=event:3,robot3.telemetry:4 robots=1
ts=2026-09-15T03:59:22.198Z level=warning event=stale_data groups=event:3,robot3.modules:11,robot3.position:3,robot3.telemetry:4 robots=1
ts=2026-09-15T03:59:22.698Z level=warning event=stale_data groups=event:3,robot3.telemetry:4 robots=1
ts=2026-09-15T03:59:22.948Z level=warning event=stale_data groups=robot3.telemetry:4 robots=1
ts=2026-09-15T03:59:23.199Z level=warning event=stale_data groups=robot3.modules:11,robot3.position:3,robot3.telemetry:4 robots=1
ts=2026-09-15T03:59:23.698Z level=warning event=stale_data groups=robot3.telemetry:4 robots=1
ts=2026-09-15T03:59:23.948Z level=warning event=stale_data groups=event:3,robot3.telemetry:4 robots=1
ts=2026-09-15T03:59:24.198Z level=warning event=stale_data groups=event:3,robot3.modules:11,robot3.position:3,robot3.telemetry:4 robots=1
ts=2026-09-15T03:59:24.448Z level=warning event=stale_data groups=robot3.modules:11,robot3.position:3,robot3.telemetry:4 robots=1
ts=2026-09-15T03:59:24.697Z level=warning event=stale_data groups=robot3.telemetry:4 robots=1
ts=2026-09-15T03:59:24.947Z level=warning event=stale_data groups=event:3,robot3.telemetry:4 robots=1
ts=2026-09-15T03:59:25.198Z level=warning event=stale_data groups=event:3,robot3.modules:11,robot3.position:3,robot3.telemetry:4 robots=1
ts=2026-09-15T03:59:25.698Z level=warning event=stale_data groups=event:3,robot3.telemetry:4 robots=1
ts=2026-09-15T03:59:26.198Z level=warning event=stale_data groups=robot3.modules:11,robot3.position:3,robot3.telemetry:4 robots=1
ts=2026-09-15T03:59:26.697Z level=warning event=stale_data groups=event:3,robot3.telemetry:4 robots=1
ts=2026-09-15T03:59:26.948Z level=warning event=stale_data groups=robot3.telemetry:4 robots=1
ts=2026-09-15T03:59:27.197Z level=warning event=stale_data groups=robot3.modules:11,robot3.position:3,robot3.telemetry:4 robots=1
ts=2026-09-15T03:59:27.449Z level=warning event=stale_data groups=event:3,robot3.modules:11,robot3.position:3,robot3.telemetry:4 robots=1
ts=2026-09-15T03:59:27.698Z level=warning event=stale_data groups=event:3,robot3.telemetry:4 robots=1
ts=2026-09-15T03:59:28.199Z level=warning event=stale_data groups=event:3,robot3.modules:11,robot3.position:3,robot3.telemetry:4 robots=1
ts=2026-09-15T03:59:28.698Z level=warning event=stale_data groups=event:3,robot3.telemetry:4 robots=1
ts=2026-09-15T03:59:29.197Z level=warning event=stale_data groups=event:3,robot3.modules:11,robot3.position:3,robot3.telemetry:4 robots=1
ts=2026-09-15T03:59:29.447Z level=warning event=stale_data groups=robot3.modules:11,robot3.position:3 robots=1
ts=2026-09-15T03:59:29.948Z level=warning event=stale_data groups=event:3,robot3.telemetry:4 robots=1
ts=2026-09-15T03:59:30.198Z level=warning event=stale_data groups=event:3,robot3.modules:11,robot3.position:3,robot3.telemetry:4 robots=1
ts=2026-09-15T03:59:30.697Z level=warning event=stale_data groups=robot3.telemetry:4 robots=1
ts=2026-09-15T03:59:31.198Z level=warning event=stale_data groups=robot3.modules:11,robot3.position:3,robot3.telemetry:4 robots=1
ts=2026-09-15T03:59:31.447Z level=warning event=stale_data groups=event:3,robot3.modules:11,robot3.position:3,robot3.telemetry:4 robots=1
ts=2026-09-15T03:59:31.698Z level=warning event=stale_data groups=event:3,robot3.telemetry:4 robots=1
ts=2026-09-15T03:59:31.949Z level=warning event=stale_data groups=robot3.telemetry:4 robots=1
ts=2026-09-15T03:59:32.199Z level=warning event=stale_data groups=robot3.modules:11,robot3.position:3,robot3.telemetry:4 robots=1
ts=2026-09-15T03:59:32.448Z level=warning event=stale_data groups=robot3.modules:11,robot3.position:3 robots=1
ts=2026-09-15T03:59:32.948Z level=warning event=stale_data groups=event:3,robot3.telemetry:4 robots=1
ts=2026-09-15T03:59:33.198Z level=warning event=stale_data groups=event:3,robot3.modules:11,robot3.position:3,robot3.telemetry:4 robots=1
ts=2026-09-15T03:59:33.448Z level=warning event=stale_data groups=robot3.modules:11,robot3.position:3,robot3.telemetry:4 robots=1
ts=2026-09-15T03:59:33.698Z level=warning event=stale_data groups=robot3.telemetry:4 robots=1
ts=2026-09-15T03:59:33.948Z level=warning event=stale_data groups=event:3,robot3.telemetry:4 robots=1
ts=2026-09-15T03:59:34.198Z level=warning event=stale_data groups=robot3.modules:11,robot3.position:3 robots=1
ts=2026-09-15T03:59:35.199Z level=warning event=stale_data groups=robot3.modules:11,robot3.position:3 robots=1
ts=2026-09-15T03:59:35.449Z level=warning event=stale_data groups=event:3,robot3.modules:11,robot3.position:3,robot3.telemetry:4 robots=1
ts=2026-09-15T03:59:35.698Z level=warning event=stale_data groups=event:3,robot3.telemetry:4 robots=1
ts=2026-09-15T03:59:36.199Z level=warning event=stale_data groups=event:3,robot3.modules:11,robot3.position:3,robot3.telemetry:4 robots=1
ts=2026-09-15T03:59:36.699Z level=warning event=stale_data groups=event:3,robot3.telemetry:4 robots=1
ts=2026-09-15T03:59:37.198Z level=warning event=stale_data groups=event:3,robot3.modules:11,robot3.position:3,robot3.telemetry:4 robots=1
ts=2026-09-15T03:59:37.698Z level=warning event=stale_data groups=robot3.telemetry:4 robots=1
ts=2026-09-15T03:59:38.198Z level=warning event=stale_data groups=event:3,robot3.modules:11,robot3.position:3,robot3.telemetry:4 robots=1
ts=2026-09-15T03:59:38.697Z level=warning event=stale_data groups=event:3,robot3.telemetry:4 robots=1
ts=2026-09-15T03:59:39.198Z level=warning event=stale_data groups=event:3,robot3.modules:11,robot3.position:3,robot3.telemetry:4 robots=1
ts=2026-09-15T03:59:39.698Z level=warning event=stale_data groups=event:3,robot3.telemetry:4 robots=1
ts=2026-09-15T03:59:40.198Z level=warning event=stale_data groups=event:3,robot3.modules:11,robot3.position:3,robot3.telemetry:4 robots=1
ts=2026-09-15T03:59:40.698Z level=warning event=stale_data groups=event:3,robot3.telemetry:4 robots=1
ts=2026-09-15T03:59:41.198Z level=warning event=stale_data groups=event:3,robot3.modules:11,robot3.position:3,robot3.telemetry:4 robots=1
ts=2026-09-15T03:59:41.698Z level=warning event=stale_data groups=event:3,robot3.telemetry:4 robots=1
ts=2026-09-15T03:59:42.198Z level=warning event=stale_data groups=event:3,robot3.modules:11,robot3.position:3,robot3.telemetry:4 robots=1
ts=2026-09-15T03:59:42.449Z level=warning event=stale_data groups=robot3.modules:11,robot3.position:3,robot3.telemetry:4 robots=1
ts=2026-09-15T03:59:42.698Z level=warning event=stale_data groups=robot3.telemetry:4 robots=1
ts=2026-09-15T03:59:43.198Z level=warning event=stale_data groups=robot3.modules:11,robot3.position:3,robot3.telemetry:4 robots=1
ts=2026-09-15T03:59:43.448Z level=warning event=stale_data groups=event:3,robot3.modules:11,robot3.position:3,robot3.telemetry:4 robots=1
ts=2026-09-15T03:59:43.699Z level=warning event=stale_data groups=event:3,robot3.telemetry:4 robots=1
ts=2026-09-15T03:59:44.198Z level=warning event=stale_data groups=robot3.modules:11,robot3.position:3,robot3.telemetry:4 robots=1
ts=2026-09-15T03:59:44.697Z level=warning event=stale_data groups=event:3,robot3.telemetry:4 robots=1
ts=2026-09-15T03:59:45.198Z level=warning event=stale_data groups=event:3,robot3.modules:11,robot3.position:3,robot3.telemetry:4 robots=1
ts=2026-09-15T03:59:45.698Z level=warning event=stale_data groups=event:3,robot3.telemetry:4 robots=1
ts=2026-09-15T03:59:46.198Z level=warning event=stale_data groups=event:3,robot3.modules:11,robot3.position:3,robot3.telemetry:4 robots=1
ts=2026-09-15T03:59:46.697Z level=warning event=stale_data groups=event:3,robot3.telemetry:4 robots=1
ts=2026-09-15T03:59:46.948Z level=warning event=stale_data groups=robot3.telemetry:4 robots=1
ts=2026-09-15T03:59:47.198Z level=warning event=stale_data groups=robot3.modules:11,robot3.position:3,robot3.telemetry:4 robots=1
ts=2026-09-15T03:59:47.699Z level=warning event=stale_data groups=event:3,robot3.telemetry:4 robots=1
ts=2026-09-15T03:59:48.198Z level=warning event=stale_data groups=robot3.modules:11,robot3.position:3 robots=1
ts=2026-09-15T03:59:49.198Z level=warning event=stale_data groups=event:3,robot3.modules:11,robot3.position:3 robots=1
ts=2026-09-15T03:59:49.699Z level=warning event=stale_data groups=event:3 robots=1
ts=2026-09-15T03:59:50.197Z level=warning event=stale_data groups=event:3,robot3.modules:11,robot3.position:3 robots=1
ts=2026-09-15T03:59:50.697Z level=warning event=stale_data groups=event:3 robots=1
ts=2026-09-15T03:59:51.199Z level=warning event=stale_data groups=robot3.modules:11,robot3.position:3 robots=1
ts=2026-09-15T03:59:51.448Z level=warning event=stale_data groups=robot3.modules:11,robot3.position:3,robot3.telemetry:4 robots=1
ts=2026-09-15T03:59:51.698Z level=warning event=stale_data groups=robot3.telemetry:4 robots=1
ts=2026-09-15T03:59:52.198Z level=warning event=stale_data groups=event:3,robot3.modules:11,robot3.position:3,robot3.telemetry:4 robots=1
ts=2026-09-15T03:59:52.448Z level=warning event=stale_data groups=robot3.modules:11,robot3.position:3,robot3.telemetry:4 robots=1
ts=2026-09-15T03:59:52.699Z level=warning event=stale_data groups=robot3.telemetry:4 robots=1
ts=2026-09-15T03:59:53.198Z level=warning event=stale_data groups=event:3,robot3.modules:11,robot3.position:3,robot3.telemetry:4 robots=1
ts=2026-09-15T03:59:53.698Z level=warning event=stale_data groups=robot3.telemetry:4 robots=1
ts=2026-09-15T03:59:54.198Z level=warning event=stale_data groups=robot3.modules:11,robot3.position:3 robots=1
ts=2026-09-15T03:59:55.198Z level=warning event=stale_data groups=event:3,robot3.modules:11,robot3.position:3 robots=1
ts=2026-09-15T03:59:55.698Z level=warning event=stale_data groups=event:3 robots=1
ts=2026-09-15T03:59:56.198Z level=warning event=stale_data groups=event:3,robot3.modules:11,robot3.position:3 robots=1
ts=2026-09-15T03:59:56.448Z level=warning event=stale_data groups=event:3,robot3.modules:11,robot3.position:3,robot3.telemetry:4 robots=1
ts=2026-09-15T03:59:56.699Z level=warning event=stale_data groups=event:3,robot3.telemetry:4 robots=1
ts=2026-09-15T03:59:57.199Z level=warning event=stale_data groups=event:3,robot3.modules:11,robot3.position:3,robot3.telemetry:4 robots=1
ts=2026-09-15T03:59:57.698Z level=warning event=stale_data groups=event:3,robot3.telemetry:4 robots=1
ts=2026-09-15T03:59:58.198Z level=warning event=stale_data groups=robot3.modules:11,robot3.position:3 robots=1
ts=2026-09-15T03:59:58.948Z level=warning event=stale_data groups=event:3,robot3.telemetry:4 robots=1
ts=2026-09-15T03:59:59.199Z level=warning event=stale_data groups=event:3,robot3.modules:11,robot3.position:3,robot3.telemetry:4 robots=1
ts=2026-09-15T03:59:59.699Z level=warning event=stale_data groups=event:3,robot3.telemetry:4 robots=1
ts=2026-09-15T04:00:00.198Z level=warning event=stale_data groups=robot3.modules:11,robot3.position:3,robot3.telemetry:4 robots=1
ts=2026-09-15T04:00:00.698Z level=warning event=stale_data groups=robot3.telemetry:4 robots=1
ts=2026-09-15T04:00:00.949Z level=warning event=stale_data groups=event:3,robot3.telemetry:4 robots=1
ts=2026-09-15T04:00:01.199Z level=warning event=stale_data groups=event:3,robot3.modules:11,robot3.position:3,robot3.telemetry:4 robots=1
ts=2026-09-15T04:00:01.449Z level=warning event=stale_data groups=robot3.modules:11,robot3.position:3 robots=1
ts=2026-09-15T04:00:02.198Z level=warning event=stale_data groups=robot3.modules:11,robot3.position:3,robot3.telemetry:4 robots=1
ts=2026-09-15T04:00:02.449Z level=warning event=stale_data groups=robot3.modules:11,robot3.position:3 robots=1
ts=2026-09-15T04:00:02.948Z level=warning event=stale_data groups=event:3,robot3.telemetry:4 robots=1
ts=2026-09-15T04:00:03.198Z level=warning event=stale_data groups=event:3,robot3.modules:11,robot3.position:3,robot3.telemetry:4 robots=1
ts=2026-09-15T04:00:03.448Z level=warning event=stale_data groups=robot3.modules:11,robot3.position:3,robot3.telemetry:4 robots=1
ts=2026-09-15T04:00:03.699Z level=warning event=stale_data groups=robot3.telemetry:4 robots=1
ts=2026-09-15T04:00:03.949Z level=warning event=stale_data groups=event:3,robot3.telemetry:4 robots=1
ts=2026-09-15T04:00:04.198Z level=warning event=stale_data groups=event:3,robot3.modules:11,robot3.position:3,robot3.telemetry:4 robots=1
ts=2026-09-15T04:00:04.697Z level=warning event=stale_data groups=event:3,robot3.telemetry:4 robots=1
ts=2026-09-15T04:00:05.199Z level=warning event=stale_data groups=robot3.modules:11,robot3.position:3,robot3.telemetry:4 robots=1
ts=2026-09-15T04:00:05.698Z level=warning event=stale_data groups=robot3.telemetry:4 robots=1
ts=2026-09-15T04:00:05.948Z level=warning event=stale_data groups=event:3,robot3.telemetry:4 robots=1
ts=2026-09-15T04:00:06.198Z level=warning event=stale_data groups=event:3,robot3.modules:11,robot3.position:3,robot3.telemetry:4 robots=1
ts=2026-09-15T04:00:06.699Z level=warning event=stale_data groups=event:3,robot3.telemetry:4 robots=1
ts=2026-09-15T04:00:07.198Z level=warning event=stale_data groups=event:3,robot3.modules:11,robot3.position:3,robot3.telemetry:4 robots=1
ts=2026-09-15T04:00:07.698Z level=warning event=stale_data groups=robot3.telemetry:4 robots=1
ts=2026-09-15T04:00:08.199Z level=warning event=stale_data groups=event:3,robot3.modules:11,robot3.position:3,robot3.telemetry:4 robots=1
ts=2026-09-15T04:00:08.699Z level=warning event=stale_data groups=event:3,robot3.telemetry:4 robots=1
ts=2026-09-15T04:00:09.199Z level=warning event=stale_data groups=event:3,robot3.modules:11,robot3.position:3,robot3.telemetry:4 robots=1
ts=2026-09-15T04:00:09.698Z level=warning event=stale_data groups=event:3,robot3.telemetry:4 robots=1
ts=2026-09-15T04:00:10.198Z level=warning event=stale_data groups=robot3.modules:11,robot3.position:3,robot3.telemetry:4 robots=1
ts=2026-09-15T04:00:10.699Z level=warning event=stale_data groups=robot3.telemetry:4 robots=1
ts=2026-09-15T04:00:10.948Z level=warning event=stale_data groups=event:3,robot3.telemetry:4 robots=1
ts=2026-09-15T04:00:11.199Z level=warning event=stale_data groups=robot3.modules:11,robot3.position:3,robot3.telemetry:4 robots=1
ts=2026-09-15T04:00:11.698Z level=warning event=stale_data groups=event:3,robot3.telemetry:4 robots=1
ts=2026-09-15T04:00:12.199Z level=warning event=stale_data groups=event:3,robot3.modules:11,robot3.position:3,robot3.telemetry:4 robots=1
ts=2026-09-15T04:00:12.698Z level=warning event=stale_data groups=event:3,robot3.telemetry:4 robots=1
ts=2026-09-15T04:00:13.198Z level=warning event=stale_data groups=robot3.modules:11,robot3.position:3 robots=1
ts=2026-09-15T04:00:14.198Z level=warning event=stale_data groups=event:3,robot3.modules:11,robot3.position:3 robots=1
ts=2026-09-15T04:00:14.699Z level=warning event=stale_data groups=event:3 robots=1
ts=2026-09-15T04:00:15.199Z level=warning event=stale_data groups=robot3.modules:11,robot3.position:3 robots=1
ts=2026-09-15T04:00:15.448Z level=warning event=stale_data groups=event:3,robot3.modules:11,robot3.position:3 robots=1
ts=2026-09-15T04:00:16.199Z level=warning event=stale_data groups=event:3,robot3.modules:11,robot3.position:3,robot3.telemetry:4 robots=1
ts=2026-09-15T04:00:16.698Z level=warning event=stale_data groups=event:3,robot3.telemetry:4 robots=1
ts=2026-09-15T04:00:16.949Z level=warning event=stale_data groups=robot3.telemetry:4 robots=1
ts=2026-09-15T04:00:17.197Z level=warning event=stale_data groups=robot3.modules:11,robot3.position:3,robot3.telemetry:4 robots=1
ts=2026-09-15T04:00:17.448Z level=warning event=stale_data groups=event:3,robot3.modules:11,robot3.position:3,robot3.telemetry:4 robots=1
ts=2026-09-15T04:00:17.698Z level=warning event=stale_data groups=event:3,robot3.telemetry:4 robots=1
ts=2026-09-15T04:00:18.198Z level=warning event=stale_data groups=event:3,robot3.modules:11,robot3.position:3,robot3.telemetry:4 robots=1
ts=2026-09-15T04:00:19.199Z level=warning event=stale_data groups=robot3.modules:11,robot3.position:3 robots=1
ts=2026-09-15T04:00:19.699Z level=warning event=stale_data groups=event:3,robot3.telemetry:4 robots=1
ts=2026-09-15T04:00:20.198Z level=warning event=stale_data groups=robot3.modules:11,robot3.position:3,robot3.telemetry:4 robots=1
ts=2026-09-15T04:00:20.698Z level=warning event=stale_data groups=event:3,robot3.telemetry:4 robots=1
ts=2026-09-15T04:00:21.198Z level=warning event=stale_data groups=event:3,robot3.modules:11,robot3.position:3,robot3.telemetry:4 robots=1
ts=2026-09-15T04:00:21.698Z level=warning event=stale_data groups=event:3,robot3.telemetry:4 robots=1
ts=2026-09-15T04:00:21.948Z level=warning event=stale_data groups=robot3.telemetry:4 robots=1
ts=2026-09-15T04:00:22.198Z level=warning event=stale_data groups=robot3.modules:11,robot3.position:3,robot3.telemetry:4 robots=1
ts=2026-09-15T04:00:22.448Z level=warning event=stale_data groups=event:3,robot3.modules:11,robot3.position:3,robot3.telemetry:4 robots=1
ts=2026-09-15T04:00:22.698Z level=warning event=stale_data groups=event:3,robot3.telemetry:4 robots=1
ts=2026-09-15T04:00:22.948Z level=warning event=stale_data groups=robot3.telemetry:4 robots=1
ts=2026-09-15T04:00:23.198Z level=warning event=stale_data groups=robot3.modules:11,robot3.position:3,robot3.telemetry:4 robots=1
ts=2026-09-15T04:00:23.448Z level=warning event=stale_data groups=event:3,robot3.modules:11,robot3.position:3,robot3.telemetry:4 robots=1
ts=2026-09-15T04:00:23.698Z level=warning event=stale_data groups=event:3,robot3.telemetry:4 robots=1
ts=2026-09-15T04:00:24.198Z level=warning event=stale_data groups=event:3,robot3.modules:11,robot3.position:3,robot3.telemetry:4 robots=1
ts=2026-09-15T04:00:24.697Z level=warning event=stale_data groups=robot3.telemetry:4 robots=1
ts=2026-09-15T04:00:25.198Z level=warning event=stale_data groups=robot3.modules:11,robot3.position:3,robot3.telemetry:4 robots=1
ts=2026-09-15T04:00:25.698Z level=warning event=stale_data groups=robot3.telemetry:4 robots=1
ts=2026-09-15T04:00:25.698Z level=info event=ui_mode_switch from=Info to=Video reason=BlindAsserted blind_freshness=Fresh
ts=2026-09-15T04:00:26.198Z level=warning event=stale_data groups=event:3,robot3.modules:11,robot3.position:3,robot3.telemetry:4 robots=1
ts=2026-09-15T04:00:26.699Z level=warning event=stale_data groups=event:3,robot3.telemetry:4 robots=1
ts=2026-09-15T04:00:27.198Z level=warning event=stale_data groups=event:3,robot3.modules:11,robot3.position:3,robot3.telemetry:4 robots=1
ts=2026-09-15T04:00:27.699Z level=warning event=stale_data groups=event:3,robot3.telemetry:4 robots=1
ts=2026-09-15T04:00:28.199Z level=warning event=stale_data groups=event:3,robot3.modules:11,robot3.position:3,robot3.telemetry:4 robots=1
ts=2026-09-15T04:00:28.698Z level=warning event=stale_data groups=event:3,robot3.telemetry:4 robots=1
ts=2026-09-15T04:00:29.199Z level=warning event=stale_data groups=event:3,robot3.modules:11,robot3.position:3,robot3.telemetry:4 robots=1
ts=2026-09-15T04:00:29.699Z level=warning event=stale_data groups=event:3,robot3.telemetry:4 robots=1
ts=2026-09-15T04:00:29.949Z level=warning event=stale_data groups=robot3.telemetry:4 robots=1
ts=2026-09-15T04:00:30.199Z level=warning event=stale_data groups=robot3.modules:11,robot3.position:3,robot3.telemetry:4 robots=1
ts=2026-09-15T04:00:30.449Z level=warning event=stale_data groups=event:3,robot3.modules:11,robot3.position:3,robot3.telemetry:4 robots=1
ts=2026-09-15T04:00:30.697Z level=warning event=stale_data groups=robot3.telemetry:4 robots=1
ts=2026-09-15T04:00:31.199Z level=warning event=stale_data groups=event:3,robot3.modules:11,robot3.position:3,robot3.telemetry:4 robots=1
ts=2026-09-15T04:00:31.698Z level=warning event=stale_data groups=event:3,robot3.telemetry:4 robots=1
ts=2026-09-15T04:00:32.198Z level=warning event=stale_data groups=event:3,robot3.modules:11,robot3.position:3,robot3.telemetry:4 robots=1
ts=2026-09-15T04:00:32.698Z level=warning event=stale_data groups=event:3,robot3.telemetry:4 robots=1
ts=2026-09-15T04:00:33.198Z level=warning event=stale_data groups=event:3,robot3.modules:11,robot3.position:3,robot3.telemetry:4 robots=1
ts=2026-09-15T04:00:33.698Z level=warning event=stale_data groups=event:3,robot3.telemetry:4 robots=1
ts=2026-09-15T04:00:34.199Z level=warning event=stale_data groups=event:3,robot3.modules:11,robot3.position:3,robot3.telemetry:4 robots=1
ts=2026-09-15T04:00:34.449Z level=warning event=stale_data groups=robot3.modules:11,robot3.position:3,robot3.telemetry:4 robots=1
ts=2026-09-15T04:00:34.698Z level=warning event=stale_data groups=robot3.telemetry:4 robots=1
ts=2026-09-15T04:00:35.198Z level=warning event=stale_data groups=robot3.modules:11,robot3.position:3,robot3.telemetry:4 robots=1
ts=2026-09-15T04:00:35.699Z level=warning event=stale_data groups=event:3,robot3.telemetry:4 robots=1
ts=2026-09-15T04:00:36.198Z level=warning event=stale_data groups=event:3,robot3.modules:11,robot3.position:3,robot3.telemetry:4 robots=1
ts=2026-09-15T04:00:36.697Z level=warning event=stale_data groups=event:3,robot3.telemetry:4 robots=1
ts=2026-09-15T04:00:37.199Z level=warning event=stale_data groups=robot3.modules:11,robot3.position:3 robots=1
ts=2026-09-15T04:00:38.198Z level=warning event=stale_data groups=event:3,robot3.modules:11,robot3.position:3 robots=1
ts=2026-09-15T04:00:38.698Z level=warning event=stale_data groups=event:3,robot3.telemetry:4 robots=1
ts=2026-09-15T04:00:39.198Z level=warning event=stale_data groups=robot3.modules:11,robot3.position:3,robot3.telemetry:4 robots=1
ts=2026-09-15T04:00:39.699Z level=warning event=stale_data groups=event:3,robot3.telemetry:4 robots=1
ts=2026-09-15T04:00:39.949Z level=warning event=stale_data groups=robot3.telemetry:4 robots=1
ts=2026-09-15T04:00:40.199Z level=warning event=stale_data groups=robot3.modules:11,robot3.position:3,robot3.telemetry:4 robots=1
ts=2026-09-15T04:00:40.449Z level=warning event=stale_data groups=event:3,robot3.modules:11,robot3.position:3,robot3.telemetry:4 robots=1
ts=2026-09-15T04:00:40.699Z level=warning event=stale_data groups=robot3.telemetry:4 robots=1
ts=2026-09-15T04:00:40.699Z level=info event=ui_mode_switch from=Video to=Info reason=BlindClearedHysteresis blind_freshness=Fresh
ts=2026-09-15T04:00:41.199Z level=warning event=stale_data groups=robot3.modules:11,robot3.position:3 robots=1
ts=2026-09-15T04:00:41.949Z level=warning event=stale_data groups=robot3.telemetry:4 robots=1
ts=2026-09-15T04:00:42.199Z level=warning event=stale_data groups=robot3.modules:11,robot3.position:3,robot3.telemetry:4 robots=1
ts=2026-09-15T04:00:42.449Z level=warning event=stale_data groups=event:3,robot3.modules:11,robot3.position:3,robot3.telemetry:4 robots=1
ts=2026-09-15T04:00:42.699Z level=warning event=stale_data groups=event:3,robot3.telemetry:4 robots=1
ts=2026-09-15T04:00:43.199Z level=warning event=stale_data groups=event:3,robot3.modules:11,robot3.position:3,robot3.telemetry:4 robots=1
ts=2026-09-15T04:00:43.699Z level=warning event=stale_data groups=event:3,robot3.telemetry:4 robots=1
ts=2026-09-15T04:00:43.948Z level=warning event=stale_data groups=robot3.telemetry:4 robots=1
ts=2026-09-15T04:00:44.198Z level=warning event=stale_data groups=robot3.modules:11,robot3.position:3,robot3.telemetry:4 robots=1
ts=2026-09-15T04:00:44.448Z level=warning event=stale_data groups=event:3,robot3.modules:11,robot3.position:3,robot3.telemetry:4 robots=1
ts=2026-09-15T04:00:44.698Z level=warning event=stale_data groups=event:3,robot3.telemetry:4 robots=1
ts=2026-09-15T04:00:45.198Z level=warning event=stale_data groups=robot3.modules:11,robot3.position:3 robots=1
ts=2026-09-15T04:00:46.198Z level=warning event=stale_data groups=robot3.modules:11,robot3.position:3 robots=1
ts=2026-09-15T04:00:46.697Z level=warning event=stale_data groups=event:3 robots=1
ts=2026-09-15T04:00:46.949Z level=warning event=stale_data groups=event:3,robot3.telemetry:4 robots=1
ts=2026-09-15T04:00:47.199Z level=warning event=stale_data groups=event:3,robot3.modules:11,robot3.position:3,robot3.telemetry:4 robots=1
ts=2026-09-15T04:00:47.698Z level=warning event=stale_data groups=event:3,robot3.telemetry:4 robots=1
ts=2026-09-15T04:00:48.199Z level=warning event=stale_data groups=robot3.modules:11,robot3.position:3 robots=1
ts=2026-09-15T04:00:49.198Z level=warning event=stale_data groups=robot3.modules:11,robot3.position:3 robots=1
ts=2026-09-15T04:00:49.449Z level=warning event=stale_data groups=event:3,robot3.modules:11,robot3.position:3 robots=1
ts=2026-09-15T04:00:49.698Z level=warning event=stale_data groups=event:3 robots=1
ts=2026-09-15T04:00:50.199Z level=warning event=stale_data groups=event:3,robot3.modules:11,robot3.position:3 robots=1
ts=2026-09-15T04:00:50.698Z level=warning event=stale_data groups=event:3 robots=1
ts=2026-09-15T04:00:51.199Z level=warning event=stale_data groups=robot3.modules:11,robot3.position:3 robots=1
ts=2026-09-15T04:00:52.197Z level=warning event=stale_data groups=robot3.modules:11,robot3.position:3 robots=1
ts=2026-09-15T04:00:52.698Z level=warning event=stale_data groups=robot3.telemetry:4 robots=1
ts=2026-09-15T04:00:53.198Z level=warning event=stale_data groups=event:3,robot3.modules:11,robot3.position:3,robot3.telemetry:4 robots=1
ts=2026-09-15T04:00:54.197Z level=warning event=stale_data groups=event:3,robot3.modules:11,robot3.position:3 robots=1
ts=2026-09-15T04:00:54.699Z level=warning event=stale_data groups=event:3 robots=1
ts=2026-09-15T04:00:55.198Z level=warning event=stale_data groups=robot3.modules:11,robot3.position:3 robots=1
ts=2026-09-15T04:00:55.949Z level=warning event=stale_data groups=robot3.telemetry:4 robots=1
ts=2026-09-15T04:00:56.198Z level=warning event=stale_data groups=event:3,robot3.modules:11,robot3.position:3,robot3.telemetry:4 robots=1
ts=2026-09-15T04:00:56.698Z level=warning event=stale_data groups=event:3,robot3.telemetry:4 robots=1
ts=2026-09-15T04:00:57.198Z level=warning event=stale_data groups=robot3.modules:11,robot3.position:3 robots=1
ts=2026-09-15T04:00:57.698Z level=warning event=stale_data groups=robot3.telemetry:4 robots=1
ts=2026-09-15T04:00:57.949Z level=warning event=stale_data groups=event:3,robot3.telemetry:4 robots=1
ts=2026-09-15T04:00:58.198Z level=warning event=stale_data groups=event:3,robot3.modules:11,robot3.position:3,robot3.telemetry:4 robots=1
ts=2026-09-15T04:00:58.698Z level=warning event=stale_data groups=event:3,robot3.telemetry:4 robots=1
ts=2026-09-15T04:00:58.948Z level=warning event=stale_data groups=robot3.telemetry:4 robots=1
ts=2026-09-15T04:00:59.198Z level=warning event=stale_data groups=robot3.modules:11,robot3.position:3,robot3.telemetry:4 robots=1
ts=2026-09-15T04:00:59.449Z level=warning event=stale_data groups=event:3,robot3.modules:11,robot3.position:3,robot3.telemetry:4 robots=1
ts=2026-09-15T04:00:59.698Z level=warning event=stale_data groups=event:3,robot3.telemetry:4 robots=1
ts=2026-09-15T04:01:00.198Z level=warning event=stale_data groups=event:3,robot3.modules:11,robot3.position:3,robot3.telemetry:4 robots=1
ts=2026-09-15T04:01:00.697Z level=warning event=stale_data groups=event:3,robot3.telemetry:4 robots=1
ts=2026-09-15T04:01:01.198Z level=warning event=stale_data groups=event:3,robot3.modules:11,robot3.position:3,robot3.telemetry:4 robots=1
ts=2026-09-15T04:01:01.698Z level=warning event=stale_data groups=event:3,robot3.telemetry:4 robots=1
ts=2026-09-15T04:01:02.197Z level=warning event=stale_data groups=robot3.modules:11,robot3.position:3,robot3.telemetry:4 robots=1
ts=2026-09-15T04:01:02.698Z level=warning event=stale_data groups=robot3.telemetry:4 robots=1
ts=2026-09-15T04:01:03.198Z level=warning event=stale_data groups=event:3,robot3.modules:11,robot3.position:3,robot3.telemetry:4 robots=1
ts=2026-09-15T04:01:03.698Z level=warning event=stale_data groups=event:3,robot3.telemetry:4 robots=1
ts=2026-09-15T04:01:04.198Z level=warning event=stale_data groups=event:3,robot3.modules:11,robot3.position:3,robot3.telemetry:4 robots=1
ts=2026-09-15T04:01:04.447Z level=warning event=stale_data groups=robot3.modules:11,robot3.position:3 robots=1
ts=2026-09-15T04:01:04.948Z level=warning event=stale_data groups=event:3 robots=1
ts=2026-09-15T04:01:05.198Z level=warning event=stale_data groups=event:3,robot3.modules:11,robot3.position:3 robots=1
ts=2026-09-15T04:01:05.698Z level=warning event=stale_data groups=event:3,robot3.telemetry:4 robots=1
ts=2026-09-15T04:01:06.198Z level=warning event=stale_data groups=robot3.modules:11,robot3.position:3 robots=1
ts=2026-09-15T04:01:06.448Z level=warning event=stale_data groups=event:3,robot3.modules:11,robot3.position:3,robot3.telemetry:4 robots=1
ts=2026-09-15T04:01:06.697Z level=warning event=stale_data groups=event:3,robot3.telemetry:4 robots=1
ts=2026-09-15T04:01:07.198Z level=warning event=stale_data groups=event:3,robot3.modules:11,robot3.position:3,robot3.telemetry:4 robots=1
ts=2026-09-15T04:01:07.448Z level=warning event=stale_data groups=event:3,robot3.modules:11,robot3.position:3 robots=1
ts=2026-09-15T04:01:08.199Z level=warning event=stale_data groups=event:3,robot3.modules:11,robot3.position:3 robots=1
ts=2026-09-15T04:01:08.448Z level=warning event=stale_data groups=robot3.modules:11,robot3.position:3,robot3.telemetry:4 robots=1
ts=2026-09-15T04:01:09.198Z level=warning event=stale_data groups=robot3.modules:11,robot3.position:3 robots=1
ts=2026-09-15T04:01:09.448Z level=warning event=stale_data groups=event:3,robot3.modules:11,robot3.position:3 robots=1
ts=2026-09-15T04:01:10.198Z level=warning event=stale_data groups=event:3,robot3.modules:11,robot3.position:3 robots=1
ts=2026-09-15T04:01:10.448Z level=warning event=stale_data groups=event:3,robot3.modules:11,robot3.position:3,robot3.telemetry:4 robots=1
ts=2026-09-15T04:01:10.698Z level=warning event=stale_data groups=robot3.telemetry:4 robots=1
ts=2026-09-15T04:01:11.198Z level=warning event=stale_data groups=robot3.modules:11,robot3.position:3,robot3.telemetry:4 robots=1
ts=2026-09-15T04:01:11.449Z level=warning event=stale_data groups=event:3,robot3.modules:11,robot3.position:3,robot3.telemetry:4 robots=1
ts=2026-09-15T04:01:11.698Z level=warning event=stale_data groups=robot3.telemetry:4 robots=1
ts=2026-09-15T04:01:12.198Z level=warning event=stale_data groups=event:3,robot3.modules:11,robot3.position:3,robot3.telemetry:4 robots=1
ts=2026-09-15T04:01:12.698Z level=warning event=stale_data groups=event:3,robot3.telemetry:4 robots=1
ts=2026-09-15T04:01:13.198Z level=warning event=stale_data groups=event:3,robot3.modules:11,robot3.position:3,robot3.telemetry:4 robots=1
ts=2026-09-15T04:01:13.448Z level=warning event=stale_data groups=robot3.modules:11,robot3.position:3 robots=1
ts=2026-09-15T04:01:13.948Z level=warning event=stale_data groups=event:3 robots=1
ts=2026-09-15T04:01:14.198Z level=warning event=stale_data groups=event:3,robot3.modules:11,robot3.position:3 robots=1
ts=2026-09-15T04:01:14.698Z level=warning event=stale_data groups=event:3 robots=1
ts=2026-09-15T04:01:15.199Z level=warning event=stale_data groups=robot3.modules:11,robot3.position:3,robot3.telemetry:4 robots=1
ts=2026-09-15T04:01:15.699Z level=warning event=stale_data groups=robot3.telemetry:4 robots=1
ts=2026-09-15T04:01:16.198Z level=warning event=stale_data groups=event:3,robot3.modules:11,robot3.position:3,robot3.telemetry:4 robots=1
ts=2026-09-15T04:01:16.698Z level=warning event=stale_data groups=event:3,robot3.telemetry:4 robots=1
ts=2026-09-15T04:01:17.198Z level=warning event=stale_data groups=event:3,robot3.modules:11,robot3.position:3,robot3.telemetry:4 robots=1
ts=2026-09-15T04:01:17.698Z level=warning event=stale_data groups=event:3,robot3.telemetry:4 robots=1
ts=2026-09-15T04:01:18.199Z level=warning event=stale_data groups=event:3,robot3.modules:11,robot3.position:3,robot3.telemetry:4 robots=1
ts=2026-09-15T04:01:18.697Z level=warning event=stale_data groups=event:3,robot3.telemetry:4 robots=1
ts=2026-09-15T04:01:19.198Z level=warning event=stale_data groups=event:3,robot3.modules:11,robot3.position:3,robot3.telemetry:4 robots=1
ts=2026-09-15T04:01:19.449Z level=warning event=stale_data groups=robot3.modules:11,robot3.position:3,robot3.telemetry:4 robots=1
ts=2026-09-15T04:01:19.698Z level=warning event=stale_data groups=robot3.telemetry:4 robots=1
ts=2026-09-15T04:01:20.199Z level=warning event=stale_data groups=robot3.modules:11,robot3.position:3,robot3.telemetry:4 robots=1
ts=2026-09-15T04:01:20.448Z level=warning event=stale_data groups=event:3,robot3.modules:11,robot3.position:3,robot3.telemetry:4 robots=1
ts=2026-09-15T04:01:20.698Z level=warning event=stale_data groups=robot3.telemetry:4 robots=1
ts=2026-09-15T04:01:21.199Z level=warning event=stale_data groups=event:3,robot3.modules:11,robot3.position:3,robot3.telemetry:4 robots=1
ts=2026-09-15T04:01:21.699Z level=warning event=stale_data groups=event:3,robot3.telemetry:4 robots=1
ts=2026-09-15T04:01:22.198Z level=warning event=stale_data groups=event:3,robot3.modules:11,robot3.position:3,robot3.telemetry:4 robots=1
ts=2026-09-15T04:01:22.698Z level=warning event=stale_data groups=event:3,robot3.telemetry:4 robots=1
ts=2026-09-15T04:01:23.198Z level=warning event=stale_data groups=event:3,robot3.modules:11,robot3.position:3,robot3.telemetry:4 robots=1
ts=2026-09-15T04:01:23.698Z level=warning event=stale_data groups=event:3,robot3.telemetry:4 robots=1
ts=2026-09-15T04:01:23.948Z level=warning event=stale_data groups=robot3.telemetry:4 robots=1
ts=2026-09-15T04:01:24.198Z level=warning event=stale_data groups=robot3.modules:11,robot3.position:3,robot3.telemetry:4 robots=1
ts=2026-09-15T04:01:25.198Z level=warning event=stale_data groups=event:3,robot3.modules:11,robot3.position:3 robots=1
ts=2026-09-15T04:01:25.698Z level=warning event=stale_data groups=event:3 robots=1
ts=2026-09-15T04:01:26.198Z level=warning event=stale_data groups=event:3,robot3.modules:11,robot3.position:3 robots=1
ts=2026-09-15T04:01:26.698Z level=warning event=stale_data groups=event:3 robots=1
ts=2026-09-15T04:01:27.198Z level=warning event=stale_data groups=event:3,robot3.modules:11,robot3.position:3 robots=1
ts=2026-09-15T04:01:28.198Z level=warning event=stale_data groups=event:3,robot3.modules:11,robot3.position:3 robots=1
ts=2026-09-15T04:01:28.698Z level=warning event=stale_data groups=event:3 robots=1
ts=2026-09-15T04:01:29.198Z level=warning event=stale_data groups=robot3.modules:11,robot3.position:3 robots=1
ts=2026-09-15T04:01:29.948Z level=warning event=stale_data groups=event:3 robots=1
ts=2026-09-15T04:01:30.198Z level=warning event=stale_data groups=event:3,robot3.modules:11,robot3.position:3,robot3.telemetry:4 robots=1
ts=2026-09-15T04:01:30.448Z level=warning event=stale_data groups=robot3.modules:11,robot3.position:3,robot3.telemetry:4 robots=1
ts=2026-09-15T04:01:30.698Z level=warning event=stale_data groups=robot3.telemetry:4 robots=1
ts=2026-09-15T04:01:31.199Z level=warning event=stale_data groups=robot3.modules:11,robot3.position:3 robots=1
ts=2026-09-15T04:01:31.698Z level=warning event=stale_data groups=event:3 robots=1
ts=2026-09-15T04:01:32.198Z level=warning event=stale_data groups=event:3,robot3.modules:11,robot3.position:3 robots=1
ts=2026-09-15T04:01:32.698Z level=warning event=stale_data groups=event:3 robots=1
ts=2026-09-15T04:01:32.948Z level=warning event=stale_data groups=event:3,robot3.telemetry:4 robots=1
ts=2026-09-15T04:01:33.198Z level=warning event=stale_data groups=event:3,robot3.modules:11,robot3.position:3,robot3.telemetry:4 robots=1
ts=2026-09-15T04:01:33.698Z level=warning event=stale_data groups=robot3.telemetry:4 robots=1
ts=2026-09-15T04:01:34.198Z level=warning event=stale_data groups=event:3,robot3.modules:11,robot3.position:3,robot3.telemetry:4 robots=1
ts=2026-09-15T04:01:34.698Z level=warning event=stale_data groups=event:3,robot3.telemetry:4 robots=1
ts=2026-09-15T04:01:35.198Z level=warning event=stale_data groups=event:3,robot3.modules:11,robot3.position:3,robot3.telemetry:4 robots=1
ts=2026-09-15T04:01:35.448Z level=warning event=stale_data groups=robot3.modules:11,robot3.position:3,robot3.telemetry:4 robots=1
ts=2026-09-15T04:01:35.698Z level=warning event=stale_data groups=robot3.telemetry:4 robots=1
ts=2026-09-15T04:01:35.948Z level=warning event=stale_data groups=event:3,robot3.telemetry:4 robots=1
ts=2026-09-15T04:01:36.198Z level=warning event=stale_data groups=event:3,robot3.modules:11,robot3.position:3,robot3.telemetry:4 robots=1
ts=2026-09-15T04:01:36.698Z level=warning event=stale_data groups=event:3,robot3.telemetry:4 robots=1
ts=2026-09-15T04:01:37.198Z level=warning event=stale_data groups=robot3.modules:11,robot3.position:3,robot3.telemetry:4 robots=1
ts=2026-09-15T04:01:37.698Z level=warning event=stale_data groups=robot3.telemetry:4 robots=1
ts=2026-09-15T04:01:37.948Z level=warning event=stale_data groups=event:3,robot3.telemetry:4 robots=1
ts=2026-09-15T04:01:38.198Z level=warning event=stale_data groups=event:3,robot3.modules:11,robot3.position:3,robot3.telemetry:4 robots=1
ts=2026-09-15T04:01:38.698Z level=warning event=stale_data groups=robot3.telemetry:4 robots=1
ts=2026-09-15T04:01:39.198Z level=warning event=stale_data groups=robot3.modules:11,robot3.position:3,robot3.telemetry:4 robots=1
ts=2026-09-15T04:01:39.698Z level=warning event=stale_data groups=robot3.telemetry:4 robots=1
ts=2026-09-15T04:01:39.948Z level=warning event=stale_data groups=event:3,robot3.telemetry:4 robots=1
ts=2026-09-15T04:01:40.198Z level=warning event=stale_data groups=event:3,robot3.modules:11,robot3.position:3,robot3.telemetry:4 robots=1
ts=2026-09-15T04:01:40.698Z level=warning event=stale_data groups=event:3,robot3.telemetry:4 robots=1
ts=2026-09-15T04:01:41.198Z level=warning event=stale_data groups=robot3.modules:11,robot3.position:3,robot3.telemetry:4 robots=1
ts=2026-09-15T04:01:41.698Z level=warning event=stale_data groups=event:3,robot3.telemetry:4 robots=1
ts=2026-09-15T04:01:42.198Z level=warning event=stale_data groups=robot3.modules:11,robot3.position:3,robot3.telemetry:4 robots=1
ts=2026-09-15T04:01:42.698Z level=warning event=stale_data groups=robot3.telemetry:4 robots=1
ts=2026-09-15T04:01:42.948Z level=warning event=stale_data groups=event:3,robot3.telemetry:4 robots=1
ts=2026-09-15T04:01:43.199Z level=warning event=stale_data groups=event:3,robot3.modules:11,robot3.position:3,robot3.telemetry:4 robots=1
ts=2026-09-15T04:01:43.698Z level=warning event=stale_data groups=event:3,robot3.telemetry:4 robots=1
ts=2026-09-15T04:01:44.198Z level=warning event=stale_data groups=event:3,robot3.modules:11,robot3.position:3,robot3.telemetry:4 robots=1
ts=2026-09-15T04:01:44.698Z level=warning event=stale_data groups=robot3.telemetry:4 robots=1
ts=2026-09-15T04:01:45.198Z level=warning event=stale_data groups=robot3.modules:11,robot3.position:3,robot3.telemetry:4 robots=1
ts=2026-09-15T04:01:45.448Z level=warning event=stale_data groups=event:3,robot3.modules:11,robot3.position:3,robot3.telemetry:4 robots=1
ts=2026-09-15T04:01:45.698Z level=warning event=stale_data groups=event:3,robot3.telemetry:4 robots=1
ts=2026-09-15T04:01:46.198Z level=warning event=stale_data groups=event:3,robot3.modules:11,robot3.position:3,robot3.telemetry:4 robots=1
ts=2026-09-15T04:01:46.698Z level=warning event=stale_data groups=robot3.telemetry:4 robots=1
ts=2026-09-15T04:01:47.198Z level=warning event=stale_data groups=event:3,robot3.modules:11,robot3.position:3,robot3.telemetry:4 robots=1
ts=2026-09-15T04:01:47.698Z level=warning event=stale_data groups=event:3,robot3.telemetry:4 robots=1
ts=2026-09-15T04:01:47.948Z level=warning event=stale_data groups=robot3.telemetry:4 robots=1
ts=2026-09-15T04:01:48.198Z level=warning event=stale_data groups=robot3.modules:11,robot3.position:3,robot3.telemetry:4 robots=1
ts=2026-09-15T04:01:48.448Z level=warning event=stale_data groups=event:3,robot3.modules:11,robot3.position:3,robot3.telemetry:4 robots=1
ts=2026-09-15T04:01:48.698Z level=warning event=stale_data groups=robot3.telemetry:4 robots=1
ts=2026-09-15T04:01:49.198Z level=warning event=stale_data groups=event:3,robot3.modules:11,robot3.position:3,robot3.telemetry:4 robots=1
ts=2026-09-15T04:01:49.698Z level=warning event=stale_data groups=event:3,robot3.telemetry:4 robots=1
ts=2026-09-15T04:01:49.948Z level=warning event=stale_data groups=robot3.telemetry:4 robots=1
ts=2026-09-15T04:01:50.198Z level=warning event=stale_data groups=robot3.modules:11,robot3.position:3 robots=1
ts=2026-09-15T04:01:50.698Z level=warning event=stale_data groups=event:3,robot3.telemetry:4 robots=1
ts=2026-09-15T04:01:51.198Z level=warning event=stale_data groups=robot3.modules:11,robot3.position:3,robot3.telemetry:4 robots=1
ts=2026-09-15T04:01:52.198Z level=warning event=stale_data groups=event:3,robot3.modules:11,robot3.position:3 robots=1
ts=2026-09-15T04:01:52.698Z level=warning event=stale_data groups=event:3 robots=1
ts=2026-09-15T04:01:53.198Z level=warning event=stale_data groups=event:3,robot3.modules:11,robot3.position:3 robots=1
ts=2026-09-15T04:01:53.448Z level=warning event=stale_data groups=robot3.modules:11,robot3.position:3 robots=1
ts=2026-09-15T04:01:53.948Z level=warning event=stale_data groups=event:3 robots=1
ts=2026-09-15T04:01:54.198Z level=warning event=stale_data groups=event:3,robot3.modules:11,robot3.position:3 robots=1
ts=2026-09-15T04:01:54.698Z level=warning event=stale_data groups=event:3,robot3.telemetry:4 robots=1
ts=2026-09-15T04:01:55.198Z level=warning event=stale_data groups=event:3,robot3.modules:11,robot3.position:3,robot3.telemetry:4 robots=1
ts=2026-09-15T04:01:55.698Z level=warning event=stale_data groups=robot3.telemetry:4 robots=1
ts=2026-09-15T04:01:56.198Z level=warning event=stale_data groups=robot3.modules:11,robot3.position:3 robots=1
ts=2026-09-15T04:01:56.448Z level=warning event=stale_data groups=event:3,robot3.modules:11,robot3.position:3 robots=1
ts=2026-09-15T04:01:56.698Z level=warning event=stale_data groups=event:3,robot3.telemetry:4 robots=1
ts=2026-09-15T04:01:56.948Z level=warning event=stale_data groups=robot3.telemetry:4 robots=1
ts=2026-09-15T04:01:57.198Z level=warning event=stale_data groups=robot3.modules:11,robot3.position:3,robot3.telemetry:4 robots=1
ts=2026-09-15T04:01:57.448Z level=warning event=stale_data groups=event:3,robot3.modules:11,robot3.position:3,robot3.telemetry:4 robots=1
ts=2026-09-15T04:01:57.698Z level=warning event=stale_data groups=event:3,robot3.telemetry:4 robots=1
ts=2026-09-15T04:01:58.198Z level=warning event=stale_data groups=robot3.modules:11,robot3.position:3,robot3.telemetry:4 robots=1
ts=2026-09-15T04:01:58.698Z level=warning event=stale_data groups=event:3,robot3.telemetry:4 robots=1
ts=2026-09-15T04:01:59.198Z level=warning event=stale_data groups=event:3,robot3.modules:11,robot3.position:3,robot3.telemetry:4 robots=1
ts=2026-09-15T04:01:59.698Z level=warning event=stale_data groups=event:3,robot3.telemetry:4 robots=1
ts=2026-09-15T04:02:00.198Z level=warning event=stale_data groups=event:3,robot3.modules:11,robot3.position:3,robot3.telemetry:4 robots=1
ts=2026-09-15T04:02:00.698Z level=warning event=stale_data groups=event:3,robot3.telemetry:4 robots=1
ts=2026-09-15T04:02:01.198Z level=warning event=stale_data groups=event:3,robot3.modules:11,robot3.position:3,robot3.telemetry:4 robots=1
ts=2026-09-15T04:02:01.698Z level=warning event=stale_data groups=event:3,robot3.telemetry:4 robots=1
ts=2026-09-15T04:02:02.198Z level=warning event=stale_data groups=event:3,robot3.modules:11,robot3.position:3,robot3.telemetry:4 robots=1
ts=2026-09-15T04:02:02.698Z level=warning event=stale_data groups=event:3,robot3.telemetry:4 robots=1
ts=2026-09-15T04:02:03.198Z level=warning event=stale_data groups=event:3,robot3.modules:11,robot3.position:3,robot3.telemetry:4 robots=1
ts=2026-09-15T04:02:03.448Z level=warning event=stale_data groups=robot3.modules:11,robot3.position:3,robot3.telemetry:4 robots=1
ts=2026-09-15T04:02:03.698Z level=warning event=stale_data groups=robot3.telemetry:4 robots=1
ts=2026-09-15T04:02:03.948Z level=warning event=stale_data groups=event:3,robot3.telemetry:4 robots=1
ts=2026-09-15T04:02:04.198Z level=warning event=stale_data groups=event:3,robot3.modules:11,robot3.position:3,robot3.telemetry:4 robots=1
ts=2026-09-15T04:02:04.698Z level=warning event=stale_data groups=event:3,robot3.telemetry:4 robots=1
ts=2026-09-15T04:02:05.198Z level=warning event=stale_data groups=event:3,robot3.modules:11,robot3.position:3,robot3.telemetry:4 robots=1
ts=2026-09-15T04:02:05.698Z level=warning event=stale_data groups=event:3,robot3.telemetry:4 robots=1
ts=2026-09-15T04:02:06.198Z level=warning event=stale_data groups=event:3,robot3.modules:11,robot3.position:3,robot3.telemetry:4 robots=1
ts=2026-09-15T04:02:06.698Z level=warning event=stale_data groups=event:3,robot3.telemetry:4 robots=1
ts=2026-09-15T04:02:07.198Z level=warning event=stale_data groups=event:3,robot3.modules:11,robot3.position:3,robot3.telemetry:4 robots=1
ts=2026-09-15T04:02:07.698Z level=warning event=stale_data groups=event:3,robot3.telemetry:4 robots=1
ts=2026-09-15T04:02:08.198Z level=warning event=stale_data groups=event:3,robot3.modules:11,robot3.position:3,robot3.telemetry:4 robots=1
ts=2026-09-15T04:02:08.698Z level=warning event=stale_data groups=event:3,robot3.telemetry:4 robots=1
ts=2026-09-15T04:02:08.948Z level=warning event=stale_data groups=robot3.telemetry:4 robots=1
ts=2026-09-15T04:02:09.198Z level=warning event=stale_data groups=robot3.modules:11,robot3.position:3,robot3.telemetry:4 robots=1
ts=2026-09-15T04:02:09.698Z level=warning event=stale_data groups=event:3,robot3.telemetry:4 robots=1
ts=2026-09-15T04:02:10.198Z level=warning event=stale_data groups=event:3,robot3.modules:11,robot3.position:3,robot3.telemetry:4 robots=1
ts=2026-09-15T04:02:10.698Z level=warning event=stale_data groups=event:3,robot3.telemetry:4 robots=1
ts=2026-09-15T04:02:11.198Z level=warning event=stale_data groups=event:3,robot3.modules:11,robot3.position:3,robot3.telemetry:4 robots=1
ts=2026-09-15T04:02:11.698Z level=warning event=stale_data groups=event:3,robot3.telemetry:4 robots=1
ts=2026-09-15T04:02:12.198Z level=warning event=stale_data groups=event:3,robot3.modules:11,robot3.position:3,robot3.telemetry:4 robots=1
ts=2026-09-15T04:02:12.698Z level=warning event=stale_data groups=event:3,robot3.telemetry:4 robots=1
ts=2026-09-15T04:02:13.198Z level=warning event=stale_data groups=robot3.modules:11,robot3.position:3,robot3.telemetry:4 robots=1
ts=2026-09-15T04:02:13.698Z level=warning event=stale_data groups=event:3,robot3.telemetry:4 robots=1
ts=2026-09-15T04:02:14.198Z level=warning event=stale_data groups=event:3,robot3.modules:11,robot3.position:3,robot3.telemetry:4 robots=1
ts=2026-09-15T04:02:14.698Z level=warning event=stale_data groups=event:3,robot3.telemetry:4 robots=1
ts=2026-09-15T04:02:14.948Z level=warning event=stale_data groups=robot3.telemetry:4 robots=1
ts=2026-09-15T04:02:15.198Z level=warning event=stale_data groups=robot3.modules:11,robot3.position:3,robot3.telemetry:4 robots=1
ts=2026-09-15T04:02:15.448Z level=warning event=stale_data groups=event:3,robot3.modules:11,robot3.position:3,robot3.telemetry:4 robots=1
ts=2026-09-15T04:02:15.698Z level=warning event=stale_data groups=event:3,robot3.telemetry:4 robots=1
ts=2026-09-15T04:02:16.198Z level=warning event=stale_data groups=event:3,robot3.modules:11,robot3.position:3,robot3.telemetry:4 robots=1
ts=2026-09-15T04:02:16.698Z level=warning event=stale_data groups=event:3,robot3.telemetry:4 robots=1
ts=2026-09-15T04:02:17.198Z level=warning event=stale_data groups=event:3,robot3.modules:11,robot3.position:3,robot3.telemetry:4 robots=1
ts=2026-09-15T04:02:17.448Z level=warning event=stale_data groups=robot3.modules:11,robot3.position:3,robot3.telemetry:4 robots=1
ts=2026-09-15T04:02:17.698Z level=warning event=stale_data groups=robot3.telemetry:4 robots=1
ts=2026-09-15T04:02:17.948Z level=warning event=stale_data groups=event:3,robot3.telemetry:4 robots=1
ts=2026-09-15T04:02:18.198Z level=warning event=stale_data groups=event:3,robot3.modules:11,robot3.position:3,robot3.telemetry:4 robots=1
ts=2026-09-15T04:02:19.198Z level=warning event=stale_data groups=event:3,robot3.modules:11,robot3.position:3 robots=1
ts=2026-09-15T04:02:19.698Z level=warning event=stale_data groups=robot3.telemetry:4 robots=1
ts=2026-09-15T04:02:20.198Z level=warning event=stale_data groups=event:3,robot3.modules:11,robot3.position:3,robot3.telemetry:4 robots=1
ts=2026-09-15T04:02:20.698Z level=warning event=stale_data groups=event:3,robot3.telemetry:4 robots=1
ts=2026-09-15T04:02:21.198Z level=warning event=stale_data groups=robot3.modules:11,robot3.position:3 robots=1
ts=2026-09-15T04:02:21.448Z level=warning event=stale_data groups=event:3,robot3.modules:11,robot3.position:3 robots=1
ts=2026-09-15T04:02:21.698Z level=warning event=stale_data groups=event:3,robot3.telemetry:4 robots=1
ts=2026-09-15T04:02:22.198Z level=warning event=stale_data groups=event:3,robot3.modules:11,robot3.position:3,robot3.telemetry:4 robots=1
ts=2026-09-15T04:02:22.698Z level=warning event=stale_data groups=event:3,robot3.telemetry:4 robots=1
ts=2026-09-15T04:02:23.198Z level=warning event=stale_data groups=event:3,robot3.modules:11,robot3.position:3,robot3.telemetry:4 robots=1
ts=2026-09-15T04:02:23.698Z level=warning event=stale_data groups=event:3,robot3.telemetry:4 robots=1
ts=2026-09-15T04:02:24.198Z level=warning event=stale_data groups=robot3.modules:11,robot3.position:3 robots=1
ts=2026-09-15T04:02:24.698Z level=warning event=stale_data groups=event:3 robots=1
ts=2026-09-15T04:02:25.198Z level=warning event=stale_data groups=robot3.modules:11,robot3.position:3 robots=1
ts=2026-09-15T04:02:25.448Z level=warning event=stale_data groups=event:3,robot3.modules:11,robot3.position:3 robots=1
ts=2026-09-15T04:02:25.698Z level=info event=ui_mode_switch from=Info to=Video reason=BlindAsserted blind_freshness=Fresh
ts=2026-09-15T04:02:26.198Z level=warning event=stale_data groups=robot3.modules:11,robot3.position:3,robot3.telemetry:4 robots=1
ts=2026-09-15T04:02:26.448Z level=warning event=stale_data groups=event:3,robot3.modules:11,robot3.position:3,robot3.telemetry:4 robots=1
ts=2026-09-15T04:02:26.698Z level=warning event=stale_data groups=event:3,robot3.telemetry:4 robots=1
ts=2026-09-15T04:02:27.198Z level=warning event=stale_data groups=event:3,robot3.modules:11,robot3.position:3,robot3.telemetry:4 robots=1
ts=2026-09-15T04:02:27.698Z level=warning event=stale_data groups=event:3,robot3.telemetry:4 robots=1
ts=2026-09-15T04:02:27.948Z level=warning event=stale_data groups=robot3.telemetry:4 robots=1
ts=2026-09-15T04:02:28.198Z level=warning event=stale_data groups=robot3.modules:11,robot3.position:3,robot3.telemetry:4 robots=1
ts=2026-09-15T04:02:28.448Z level=warning event=stale_data groups=event:3,robot3.modules:11,robot3.position:3,robot3.telemetry:4 robots=1
ts=2026-09-15T04:02:28.698Z level=warning event=stale_data groups=event:3,robot3.telemetry:4 robots=1
ts=2026-09-15T04:02:28.948Z level=warning event=stale_data groups=robot3.telemetry:4 robots=1
ts=2026-09-15T04:02:29.198Z level=warning event=stale_data groups=robot3.modules:11,robot3.position:3 robots=1
ts=2026-09-15T04:02:29.698Z level=warning event=stale_data groups=event:3 robots=1
ts=2026-09-15T04:02:30.198Z level=warning event=stale_data groups=event:3,robot3.modules:11,robot3.position:3 robots=1
ts=2026-09-15T04:02:30.698Z level=warning event=stale_data groups=event:3 robots=1
ts=2026-09-15T04:02:31.198Z level=warning event=stale_data groups=event:3,robot3.modules:11,robot3.position:3 robots=1
ts=2026-09-15T04:02:31.698Z level=warning event=stale_data groups=event:3 robots=1
ts=2026-09-15T04:02:32.198Z level=warning event=stale_data groups=robot3.modules:11,robot3.position:3 robots=1
ts=2026-09-15T04:02:32.448Z level=warning event=stale_data groups=event:3,robot3.modules:11,robot3.position:3 robots=1
ts=2026-09-15T04:02:33.198Z level=warning event=stale_data groups=event:3,robot3.modules:11,robot3.position:3 robots=1
ts=2026-09-15T04:02:33.448Z level=warning event=stale_data groups=event:3,robot3.modules:11,robot3.position:3,robot3.telemetry:4 robots=1
ts=2026-09-15T04:02:34.198Z level=warning event=stale_data groups=robot3.modules:11,robot3.position:3 robots=1
ts=2026-09-15T04:02:34.698Z level=warning event=stale_data groups=event:3 robots=1
ts=2026-09-15T04:02:34.948Z level=warning event=stale_data groups=event:3,robot3.telemetry:4 robots=1
ts=2026-09-15T04:02:35.198Z level=warning event=stale_data groups=event:3,robot3.modules:11,robot3.position:3,robot3.telemetry:4 robots=1
ts=2026-09-15T04:02:35.448Z level=warning event=stale_data groups=robot3.modules:11,robot3.position:3,robot3.telemetry:4 robots=1
ts=2026-09-15T04:02:36.198Z level=warning event=stale_data groups=event:3,robot3.modules:11,robot3.position:3 robots=1
ts=2026-09-15T04:02:36.448Z level=warning event=stale_data groups=robot3.modules:11,robot3.position:3 robots=1
ts=2026-09-15T04:02:36.948Z level=warning event=stale_data groups=event:3,robot3.telemetry:4 robots=1
ts=2026-09-15T04:02:37.198Z level=warning event=stale_data groups=event:3,robot3.modules:11,robot3.position:3,robot3.telemetry:4 robots=1
ts=2026-09-15T04:02:37.698Z level=warning event=stale_data groups=robot3.telemetry:4 robots=1
ts=2026-09-15T04:02:38.198Z level=warning event=stale_data groups=robot3.modules:11,robot3.position:3,robot3.telemetry:4 robots=1
ts=2026-09-15T04:02:38.448Z level=warning event=stale_data groups=event:3,robot3.modules:11,robot3.position:3 robots=1
ts=2026-09-15T04:02:39.198Z level=warning event=stale_data groups=event:3,robot3.modules:11,robot3.position:3 robots=1
ts=2026-09-15T04:02:40.198Z level=warning event=stale_data groups=event:3,robot3.modules:11,robot3.position:3 robots=1
ts=2026-09-15T04:02:40.448Z level=warning event=stale_data groups=robot3.modules:11,robot3.position:3 robots=1
ts=2026-09-15T04:02:40.698Z level=info event=ui_mode_switch from=Video to=Info reason=BlindClearedHysteresis blind_freshness=Fresh
ts=2026-09-15T04:02:40.948Z level=warning event=stale_data groups=event:3 robots=1
ts=2026-09-15T04:02:41.198Z level=warning event=stale_data groups=event:3,robot3.modules:11,robot3.position:3 robots=1
ts=2026-09-15T04:02:41.448Z level=warning event=stale_data groups=robot3.modules:11,robot3.position:3 robots=1
ts=2026-09-15T04:02:41.698Z level=warning event=stale_data groups=robot3.telemetry:4 robots=1
ts=2026-09-15T04:02:42.198Z level=warning event=stale_data groups=robot3.modules:11,robot3.position:3,robot3.telemetry:4 robots=1
ts=2026-09-15T04:02:43.199Z level=warning event=stale_data groups=event:3,robot3.modules:11,robot3.position:3 robots=1
ts=2026-09-15T04:02:43.698Z level=warning event=stale_data groups=event:3 robots=1
ts=2026-09-15T04:02:44.198Z level=warning event=stale_data groups=event:3,robot3.modules:11,robot3.position:3,robot3.telemetry:4 robots=1
ts=2026-09-15T04:02:44.698Z level=warning event=stale_data groups=event:3,robot3.telemetry:4 robots=1
ts=2026-09-15T04:02:45.198Z level=warning event=stale_data groups=event:3,robot3.modules:11,robot3.position:3,robot3.telemetry:4 robots=1
ts=2026-09-15T04:02:46.198Z level=warning event=stale_data groups=robot3.modules:11,robot3.position:3,robot3.telemetry:4 robots=1
ts=2026-09-15T04:02:46.698Z level=warning event=stale_data groups=robot3.telemetry:4 robots=1
ts=2026-09-15T04:02:46.948Z level=warning event=stale_data groups=event:3,robot3.telemetry:4 robots=1
ts=2026-09-15T04:02:47.198Z level=warning event=stale_data groups=event:3,robot3.modules:11,robot3.position:3,robot3.telemetry:4 robots=1
ts=2026-09-15T04:02:47.448Z level=warning event=stale_data groups=robot3.modules:11,robot3.position:3 robots=1
ts=2026-09-15T04:02:48.198Z level=warning event=stale_data groups=robot3.modules:11,robot3.position:3 robots=1
ts=2026-09-15T04:02:48.448Z level=warning event=stale_data groups=event:3,robot3.modules:11,robot3.position:3 robots=1
ts=2026-09-15T04:02:48.698Z level=warning event=stale_data groups=event:3,robot3.telemetry:4 robots=1
ts=2026-09-15T04:02:49.198Z level=warning event=stale_data groups=event:3,robot3.modules:11,robot3.position:3,robot3.telemetry:4 robots=1
ts=2026-09-15T04:02:49.448Z level=warning event=stale_data groups=robot3.modules:11,robot3.position:3 robots=1
ts=2026-09-15T04:02:49.948Z level=warning event=stale_data groups=event:3 robots=1
ts=2026-09-15T04:02:50.198Z level=warning event=stale_data groups=event:3,robot3.modules:11,robot3.position:3 robots=1
ts=2026-09-15T04:02:50.698Z level=warning event=stale_data groups=event:3 robots=1
ts=2026-09-15T04:02:50.948Z level=warning event=stale_data groups=event:3,robot3.telemetry:4 robots=1
ts=2026-09-15T04:02:51.198Z level=warning event=stale_data groups=event:3,robot3.modules:11,robot3.position:3,robot3.telemetry:4 robots=1
ts=2026-09-15T04:02:51.698Z level=warning event=stale_data groups=event:3,robot3.telemetry:4 robots=1
ts=2026-09-15T04:02:51.948Z level=warning event=stale_data groups=robot3.telemetry:4 robots=1
ts=2026-09-15T04:02:52.198Z level=warning event=stale_data groups=robot3.modules:11,robot3.position:3,robot3.telemetry:4 robots=1
ts=2026-09-15T04:02:52.698Z level=warning event=stale_data groups=robot3.telemetry:4 robots=1
ts=2026-09-15T04:02:53.198Z level=warning event=stale_data groups=robot3.modules:11,robot3.position:3,robot3.telemetry:4 robots=1
ts=2026-09-15T04:02:53.448Z level=warning event=stale_data groups=event:3,robot3.modules:11,robot3.position:3,robot3.telemetry:4 robots=1
ts=2026-09-15T04:02:53.698Z level=warning event=stale_data groups=event:3,robot3.telemetry:4 robots=1
ts=2026-09-15T04:02:54.198Z level=warning event=stale_data groups=event:3,robot3.modules:11,robot3.position:3,robot3.telemetry:4 robots=1
ts=2026-09-15T04:02:54.698Z level=warning event=stale_data groups=event:3,robot3.telemetry:4 robots=1
ts=2026-09-15T04:02:55.198Z level=warning event=stale_data groups=robot3.modules:11,robot3.position:3,robot3.telemetry:4 robots=1
ts=2026-09-15T04:02:55.698Z level=warning event=stale_data groups=event:3,robot3.telemetry:4 robots=1
ts=2026-09-15T04:02:56.198Z level=warning event=stale_data groups=event:3,robot3.modules:11,robot3.position:3,robot3.telemetry:4 robots=1
ts=2026-09-15T04:02:56.448Z level=warning event=stale_data groups=robot3.modules:11,robot3.position:3,robot3.telemetry:4 robots=1
ts=2026-09-15T04:02:56.698Z level=warning event=stale_data groups=robot3.telemetry:4 robots=1
ts=2026-09-15T04:02:56.948Z level=warning event=stale_data groups=event:3,robot3.telemetry:4 robots=1
ts=2026-09-15T04:02:57.198Z level=warning event=stale_data groups=event:3,robot3.modules:11,robot3.position:3,robot3.telemetry:4 robots=1
ts=2026-09-15T04:02:57.698Z level=warning event=stale_data groups=event:3,robot3.telemetry:4 robots=1
ts=2026-09-15T04:02:58.198Z level=warning event=stale_data groups=robot3.modules:11,robot3.position:3,robot3.telemetry:4 robots=1
ts=2026-09-15T04:02:58.448Z level=warning event=stale_data groups=robot3.modules:11,robot3.position:3 robots=1
ts=2026-09-15T04:02:58.948Z level=warning event=stale_data groups=event:3 robots=1
ts=2026-09-15T04:02:59.198Z level=warning event=stale_data groups=event:3,robot3.modules:11,robot3.position:3 robots=1
ts=2026-09-15T04:03:00.198Z level=warning event=stale_data groups=event:3,robot3.modules:11,robot3.position:3 robots=1
ts=2026-09-15T04:03:00.698Z level=warning event=stale_data groups=robot3.telemetry:4 robots=1
ts=2026-09-15T04:03:01.198Z level=warning event=stale_data groups=event:3,robot3.modules:11,robot3.position:3,robot3.telemetry:4 robots=1
ts=2026-09-15T04:03:01.698Z level=warning event=stale_data groups=event:3,robot3.telemetry:4 robots=1
ts=2026-09-15T04:03:02.198Z level=warning event=stale_data groups=robot3.modules:11,robot3.position:3,robot3.telemetry:4 robots=1
ts=2026-09-15T04:03:02.698Z level=warning event=stale_data groups=event:3,robot3.telemetry:4 robots=1
ts=2026-09-15T04:03:03.198Z level=warning event=stale_data groups=robot3.modules:11,robot3.position:3 robots=1
ts=2026-09-15T04:03:03.698Z level=warning event=stale_data groups=event:3 robots=1
ts=2026-09-15T04:03:04.198Z level=warning event=stale_data groups=robot3.modules:11,robot3.position:3 robots=1
ts=2026-09-15T04:03:04.948Z level=warning event=stale_data groups=event:3 robots=1
ts=2026-09-15T04:03:05.198Z level=warning event=stale_data groups=event:3,robot3.modules:11,robot3.position:3 robots=1
ts=2026-09-15T04:03:05.448Z level=warning event=stale_data groups=event:3,robot3.modules:11,robot3.position:3,robot3.telemetry:4 robots=1
ts=2026-09-15T04:03:06.198Z level=warning event=stale_data groups=event:3,robot3.modules:11,robot3.position:3 robots=1
ts=2026-09-15T04:03:06.448Z level=warning event=stale_data groups=robot3.modules:11,robot3.position:3 robots=1
ts=2026-09-15T04:03:07.199Z level=warning event=stale_data groups=robot3.modules:11,robot3.position:3 robots=1
ts=2026-09-15T04:03:07.448Z level=warning event=stale_data groups=event:3,robot3.modules:11,robot3.position:3,robot3.telemetry:4 robots=1
ts=2026-09-15T04:03:07.698Z level=warning event=stale_data groups=robot3.telemetry:4 robots=1
ts=2026-09-15T04:03:08.198Z level=warning event=stale_data groups=event:3,robot3.modules:11,robot3.position:3,robot3.telemetry:4 robots=1
ts=2026-09-15T04:03:08.698Z level=warning event=stale_data groups=robot3.telemetry:4 robots=1
ts=2026-09-15T04:03:09.198Z level=warning event=stale_data groups=robot3.modules:11,robot3.position:3,robot3.telemetry:4 robots=1
ts=2026-09-15T04:03:09.699Z level=warning event=stale_data groups=robot3.telemetry:4 robots=1
ts=2026-09-15T04:03:10.198Z level=warning event=stale_data groups=robot3.modules:11,robot3.position:3,robot3.telemetry:4 robots=1
ts=2026-09-15T04:03:10.448Z level=warning event=stale_data groups=event:3,robot3.modules:11,robot3.position:3,robot3.telemetry:4 robots=1
ts=2026-09-15T04:03:10.698Z level=warning event=stale_data groups=robot3.telemetry:4 robots=1
ts=2026-09-15T04:03:11.198Z level=warning event=stale_data groups=robot3.modules:11,robot3.position:3,robot3.telemetry:4 robots=1
ts=2026-09-15T04:03:11.698Z level=warning event=stale_data groups=robot3.telemetry:4 robots=1
ts=2026-09-15T04:03:11.948Z level=warning event=stale_data groups=event:3,robot3.telemetry:4 robots=1
ts=2026-09-15T04:03:12.198Z level=warning event=stale_data groups=event:3,robot3.modules:11,robot3.position:3,robot3.telemetry:4 robots=1
ts=2026-09-15T04:03:12.698Z level=warning event=stale_data groups=event:3,robot3.telemetry:4 robots=1
ts=2026-09-15T04:03:13.198Z level=warning event=stale_data groups=event:3,robot3.modules:11,robot3.position:3,robot3.telemetry:4 robots=1
ts=2026-09-15T04:03:13.698Z level=warning event=stale_data groups=event:3,robot3.telemetry:4 robots=1
ts=2026-09-15T04:03:14.198Z level=warning event=stale_data groups=event:3,robot3.modules:11,robot3.position:3,robot3.telemetry:4 robots=1
ts=2026-09-15T04:03:14.698Z level=warning event=stale_data groups=event:3,robot3.telemetry:4 robots=1
ts=2026-09-15T04:03:14.948Z level=warning event=stale_data groups=robot3.telemetry:4 robots=1
ts=2026-09-15T04:03:15.198Z level=warning event=stale_data groups=robot3.modules:11,robot3.position:3,robot3.telemetry:4 robots=1
ts=2026-09-15T04:03:15.448Z level=warning event=stale_data groups=event:3,robot3.modules:11,robot3.position:3,robot3.telemetry:4 robots=1
ts=2026-09-15T04:03:15.698Z level=warning event=stale_data groups=event:3,robot3.telemetry:4 robots=1
ts=2026-09-15T04:03:16.198Z level=warning event=stale_data groups=event:3,robot3.modules:11,robot3.position:3,robot3.telemetry:4 robots=1
ts=2026-09-15T04:03:16.698Z level=warning event=stale_data groups=event:3,robot3.telemetry:4 robots=1
ts=2026-09-15T04:03:17.198Z level=warning event=stale_data groups=event:3,robot3.modules:11,robot3.position:3,robot3.telemetry:4 robots=1
ts=2026-09-15T04:03:17.698Z level=warning event=stale_data groups=event:3,robot3.telemetry:4 robots=1
ts=2026-09-15T04:03:18.198Z level=warning event=stale_data groups=event:3,robot3.modules:11,robot3.position:3,robot3.telemetry:4 robots=1
ts=2026-09-15T04:03:18.698Z level=warning event=stale_data groups=event:3,robot3.telemetry:4 robots=1
ts=2026-09-15T04:03:19.198Z level=warning event=stale_data groups=event:3,robot3.modules:11,robot3.position:3,robot3.telemetry:4 robots=1
ts=2026-09-15T04:03:19.698Z level=warning event=stale_data groups=event:3,robot3.telemetry:4 robots=1
ts=2026-09-15T04:03:20.198Z level=warning event=stale_data groups=event:3,robot3.modules:11,robot3.position:3,robot3.telemetry:4 robots=1
ts=2026-09-15T04:03:20.698Z level=warning event=stale_data groups=event:3,robot3.telemetry:4 robots=1
ts=2026-09-15T04:03:20.948Z level=warning event=stale_data groups=robot3.telemetry:4 robots=1
ts=2026-09-15T04:03:21.198Z level=warning event=stale_data groups=robot3.modules:11,robot3.position:3,robot3.telemetry:4 robots=1
ts=2026-09-15T04:03:21.448Z level=warning event=stale_data groups=event:3,robot3.modules:11,robot3.position:3,robot3.telemetry:4 robots=1
ts=2026-09-15T04:03:21.698Z level=warning event=stale_data groups=event:3,robot3.telemetry:4 robots=1
ts=2026-09-15T04:03:22.198Z level=warning event=stale_data groups=robot3.modules:11,robot3.position:3 robots=1
ts=2026-09-15T04:03:23.198Z level=warning event=stale_data groups=robot3.modules:11,robot3.position:3 robots=1
ts=2026-09-15T04:03:23.448Z level=warning event=stale_data groups=event:3,robot3.modules:11,robot3.position:3 robots=1
ts=2026-09-15T04:03:23.698Z level=warning event=stale_data groups=event:3 robots=1
ts=2026-09-15T04:03:24.198Z level=warning event=stale_data groups=robot3.modules:11,robot3.position:3 robots=1
ts=2026-09-15T04:03:24.448Z level=warning event=stale_data groups=event:3,robot3.modules:11,robot3.position:3 robots=1
ts=2026-09-15T04:03:24.698Z level=warning event=stale_data groups=event:3 robots=1
ts=2026-09-15T04:03:25.198Z level=warning event=stale_data groups=event:3,robot3.modules:11,robot3.position:3,robot3.telemetry:4 robots=1
ts=2026-09-15T04:03:25.698Z level=warning event=stale_data groups=robot3.telemetry:4 robots=1
ts=2026-09-15T04:03:26.198Z level=warning event=stale_data groups=robot3.modules:11,robot3.position:3,robot3.telemetry:4 robots=1
ts=2026-09-15T04:03:26.448Z level=warning event=stale_data groups=event:3,robot3.modules:11,robot3.position:3,robot3.telemetry:4 robots=1
ts=2026-09-15T04:03:26.698Z level=warning event=stale_data groups=event:3,robot3.telemetry:4 robots=1
ts=2026-09-15T04:03:27.198Z level=warning event=stale_data groups=event:3,robot3.modules:11,robot3.position:3,robot3.telemetry:4 robots=1
ts=2026-09-15T04:03:28.198Z level=warning event=stale_data groups=event:3,robot3.modules:11,robot3.position:3 robots=1
ts=2026-09-15T04:03:28.698Z level=warning event=stale_data groups=event:3 robots=1
ts=2026-09-15T04:03:29.198Z level=warning event=stale_data groups=event:3,robot3.modules:11,robot3.position:3 robots=1
ts=2026-09-15T04:03:29.448Z level=warning event=stale_data groups=robot3.modules:11,robot3.position:3 robots=1
ts=2026-09-15T04:03:29.948Z level=warning event=stale_data groups=event:3,robot3.telemetry:4 robots=1
ts=2026-09-15T04:03:30.198Z level=warning event=stale_data groups=event:3,robot3.modules:11,robot3.position:3,robot3.telemetry:4 robots=1
ts=2026-09-15T04:03:30.698Z level=warning event=stale_data groups=event:3,robot3.telemetry:4 robots=1
ts=2026-09-15T04:03:31.198Z level=warning event=stale_data groups=event:3,robot3.modules:11,robot3.position:3,robot3.telemetry:4 robots=1
ts=2026-09-15T04:03:31.698Z level=warning event=stale_data groups=event:3,robot3.telemetry:4 robots=1
ts=2026-09-15T04:03:32.198Z level=warning event=stale_data groups=event:3,robot3.modules:11,robot3.position:3,robot3.telemetry:4 robots=1
ts=2026-09-15T04:03:32.698Z level=warning event=stale_data groups=event:3,robot3.telemetry:4 robots=1
ts=2026-09-15T04:03:32.948Z level=warning event=stale_data groups=robot3.telemetry:4 robots=1
ts=2026-09-15T04:03:33.198Z level=warning event=stale_data groups=robot3.modules:11,robot3.position:3,robot3.telemetry:4 robots=1
ts=2026-09-15T04:03:33.448Z level=warning event=stale_data groups=event:3,robot3.modules:11,robot3.position:3,robot3.telemetry:4 robots=1
ts=2026-09-15T04:03:33.698Z level=warning event=stale_data groups=event:3,robot3.telemetry:4 robots=1
ts=2026-09-15T04:03:34.198Z level=warning event=stale_data groups=event:3,robot3.modules:11,robot3.position:3,robot3.telemetry:4 robots=1
ts=2026-09-15T04:03:34.698Z level=warning event=stale_data groups=event:3,robot3.telemetry:4 robots=1
ts=2026-09-15T04:03:35.198Z level=warning event=stale_data groups=event:3,robot3.modules:11,robot3.position:3,robot3.telemetry:4 robots=1
ts=2026-09-15T04:03:35.698Z level=warning event=stale_data groups=event:3,robot3.telemetry:4 robots=1
ts=2026-09-15T04:03:36.198Z level=warning event=stale_data groups=event:3,robot3.modules:11,robot3.position:3,robot3.telemetry:4 robots=1
ts=2026-09-15T04:03:36.448Z level=warning event=stale_data groups=robot3.modules:11,robot3.position:3 robots=1
ts=2026-09-15T04:03:36.948Z level=warning event=stale_data groups=event:3,robot3.telemetry:4 robots=1
ts=2026-09-15T04:03:37.198Z level=warning event=stale_data groups=event:3,robot3.modules:11,robot3.position:3,robot3.telemetry:4 robots=1
ts=2026-09-15T04:03:37.698Z level=warning event=stale_data groups=event:3,robot3.telemetry:4 robots=1
ts=2026-09-15T04:03:38.198Z level=warning event=stale_data groups=event:3,robot3.modules:11,robot3.position:3,robot3.telemetry:4 robots=1
ts=2026-09-15T04:03:39.199Z level=warning event=stale_data groups=robot3.modules:11,robot3.position:3,robot3.telemetry:4 robots=1
ts=2026-09-15T04:03:39.448Z level=warning event=stale_data groups=event:3,robot3.modules:11,robot3.position:3,robot3.telemetry:4 robots=1
ts=2026-09-15T04:03:39.698Z level=warning event=stale_data groups=event:3,robot3.telemetry:4 robots=1
ts=2026-09-15T04:03:39.948Z level=warning event=stale_data groups=robot3.telemetry:4 robots=1
ts=2026-09-15T04:03:40.198Z level=warning event=stale_data groups=robot3.modules:11,robot3.position:3,robot3.telemetry:4 robots=1
ts=2026-09-15T04:03:40.698Z level=warning event=stale_data groups=robot3.telemetry:4 robots=1
ts=2026-09-15T04:03:40.948Z level=warning event=stale_data groups=event:3,robot3.telemetry:4 robots=1
ts=2026-09-15T04:03:41.198Z level=warning event=stale_data groups=robot3.modules:11,robot3.position:3 robots=1
ts=2026-09-15T04:03:41.698Z level=warning event=stale_data groups=event:3 robots=1
ts=2026-09-15T04:03:41.948Z level=warning event=stale_data groups=event:3,robot3.telemetry:4 robots=1
ts=2026-09-15T04:03:42.198Z level=warning event=stale_data groups=robot3.modules:11,robot3.position:3 robots=1
ts=2026-09-15T04:03:43.198Z level=warning event=stale_data groups=event:3,robot3.modules:11,robot3.position:3 robots=1
ts=2026-09-15T04:03:43.698Z level=warning event=stale_data groups=event:3 robots=1
ts=2026-09-15T04:03:44.199Z level=warning event=stale_data groups=event:3,robot3.modules:11,robot3.position:3,robot3.telemetry:4 robots=1
ts=2026-09-15T04:03:44.699Z level=warning event=stale_data groups=event:3,robot3.telemetry:4 robots=1
ts=2026-09-15T04:03:44.948Z level=warning event=stale_data groups=robot3.telemetry:4 robots=1
ts=2026-09-15T04:03:45.199Z level=warning event=stale_data groups=robot3.modules:11,robot3.position:3,robot3.telemetry:4 robots=1
ts=2026-09-15T04:03:45.449Z level=warning event=stale_data groups=robot3.modules:11,robot3.position:3 robots=1
ts=2026-09-15T04:03:45.948Z level=warning event=stale_data groups=event:3 robots=1
ts=2026-09-15T04:03:46.198Z level=warning event=stale_data groups=event:3,robot3.modules:11,robot3.position:3 robots=1
ts=2026-09-15T04:03:46.448Z level=warning event=stale_data groups=robot3.modules:11,robot3.position:3 robots=1
ts=2026-09-15T04:03:47.198Z level=warning event=stale_data groups=event:3,robot3.modules:11,robot3.position:3 robots=1
ts=2026-09-15T04:03:47.698Z level=warning event=stale_data groups=event:3 robots=1
ts=2026-09-15T04:03:48.199Z level=warning event=stale_data groups=robot3.modules:11,robot3.position:3 robots=1
ts=2026-09-15T04:03:48.448Z level=warning event=stale_data groups=robot3.modules:11,robot3.position:3,robot3.telemetry:4 robots=1
ts=2026-09-15T04:03:48.699Z level=warning event=stale_data groups=event:3,robot3.telemetry:4 robots=1
ts=2026-09-15T04:03:48.948Z level=warning event=stale_data groups=robot3.telemetry:4 robots=1
ts=2026-09-15T04:03:49.199Z level=warning event=stale_data groups=robot3.modules:11,robot3.position:3,robot3.telemetry:4 robots=1
ts=2026-09-15T04:03:49.448Z level=warning event=stale_data groups=event:3,robot3.modules:11,robot3.position:3,robot3.telemetry:4 robots=1
ts=2026-09-15T04:03:49.698Z level=warning event=stale_data groups=event:3,robot3.telemetry:4 robots=1
ts=2026-09-15T04:03:49.948Z level=warning event=stale_data groups=robot3.telemetry:4 robots=1
ts=2026-09-15T04:03:50.198Z level=warning event=stale_data groups=robot3.modules:11,robot3.position:3,robot3.telemetry:4 robots=1
ts=2026-09-15T04:03:50.448Z level=warning event=stale_data groups=event:3,robot3.modules:11,robot3.position:3,robot3.telemetry:4 robots=1
ts=2026-09-15T04:03:50.698Z level=warning event=stale_data groups=event:3,robot3.telemetry:4 robots=1
ts=2026-09-15T04:03:51.199Z level=warning event=stale_data groups=event:3,robot3.modules:11,robot3.position:3,robot3.telemetry:4 robots=1
ts=2026-09-15T04:03:51.698Z level=warning event=stale_data groups=event:3,robot3.telemetry:4 robots=1
ts=2026-09-15T04:03:52.198Z level=warning event=stale_data groups=event:3,robot3.modules:11,robot3.position:3,robot3.telemetry:4 robots=1
ts=2026-09-15T04:03:52.698Z level=warning event=stale_data groups=event:3,robot3.telemetry:4 robots=1
ts=2026-09-15T04:03:53.198Z level=warning event=stale_data groups=event:3,robot3.modules:11,robot3.position:3,robot3.telemetry:4 robots=1
ts=2026-09-15T04:03:53.699Z level=warning event=stale_data groups=event:3,robot3.telemetry:4 robots=1
ts=2026-09-15T04:03:54.199Z level=warning event=stale_data groups=robot3.modules:11,robot3.position:3,robot3.telemetry:4 robots=1
ts=2026-09-15T04:03:54.699Z level=warning event=stale_data groups=robot3.telemetry:4 robots=1
ts=2026-09-15T04:03:55.199Z level=warning event=stale_data groups=robot3.modules:11,robot3.position:3,robot3.telemetry:4 robots=1
ts=2026-09-15T04:03:55.699Z level=warning event=stale_data groups=event:3,robot3.telemetry:4 robots=1
ts=2026-09-15T04:03:55.949Z level=warning event=stale_data groups=robot3.telemetry:4 robots=1
ts=2026-09-15T04:03:56.199Z level=warning event=stale_data groups=robot3.modules:11,robot3.position:3,robot3.telemetry:4 robots=1
ts=2026-09-15T04:03:56.449Z level=warning event=stale_data groups=event:3,robot3.modules:11,robot3.position:3,robot3.telemetry:4 robots=1
ts=2026-09-15T04:03:56.699Z level=warning event=stale_data groups=event:3,robot3.telemetry:4 robots=1
ts=2026-09-15T04:03:57.199Z level=warning event=stale_data groups=robot3.modules:11,robot3.position:3,robot3.telemetry:4 robots=1
ts=2026-09-15T04:03:57.699Z level=warning event=stale_data groups=event:3,robot3.telemetry:4 robots=1
ts=2026-09-15T04:03:57.949Z level=warning event=stale_data groups=robot3.telemetry:4 robots=1
ts=2026-09-15T04:03:58.199Z level=warning event=stale_data groups=robot3.modules:11,robot3.position:3,robot3.telemetry:4 robots=1
ts=2026-09-15T04:03:58.449Z level=warning event=stale_data groups=event:3,robot3.modules:11,robot3.position:3,robot3.telemetry:4 robots=1
ts=2026-09-15T04:03:58.699Z level=warning event=stale_data groups=event:3,robot3.telemetry:4 robots=1
ts=2026-09-15T04:03:59.199Z level=warning event=stale_data groups=event:3,robot3.modules:11,robot3.position:3,robot3.telemetry:4 robots=1
ts=2026-09-15T04:03:59.448Z level=warning event=stale_data groups=robot3.modules:11,robot3.position:3 robots=1
ts=2026-09-15T04:03:59.949Z level=warning event=stale_data groups=event:3 robots=1
ts=2026-09-15T04:04:00.199Z level=warning event=stale_data groups=event:3,robot3.modules:11,robot3.position:3 robots=1
ts=2026-09-15T04:04:00.449Z level=warning event=stale_data groups=event:3,robot3.modules:11,robot3.position:3,robot3.telemetry:4 robots=1
ts=2026-09-15T04:04:01.198Z level=warning event=stale_data groups=robot3.modules:11,robot3.position:3 robots=1
ts=2026-09-15T04:04:01.698Z level=warning event=stale_data groups=robot3.telemetry:4 robots=1
ts=2026-09-15T04:04:01.949Z level=warning event=stale_data groups=event:3,robot3.telemetry:4 robots=1
ts=2026-09-15T04:04:02.199Z level=warning event=stale_data groups=event:3,robot3.modules:11,robot3.position:3,robot3.telemetry:4 robots=1
ts=2026-09-15T04:04:02.699Z level=warning event=stale_data groups=event:3,robot3.telemetry:4 robots=1
ts=2026-09-15T04:04:03.198Z level=warning event=stale_data groups=event:3,robot3.modules:11,robot3.position:3,robot3.telemetry:4 robots=1
ts=2026-09-15T04:04:03.448Z level=warning event=stale_data groups=robot3.modules:11,robot3.position:3,robot3.telemetry:4 robots=1
ts=2026-09-15T04:04:03.698Z level=warning event=stale_data groups=robot3.telemetry:4 robots=1
ts=2026-09-15T04:04:04.200Z level=warning event=stale_data groups=event:3,robot3.modules:11,robot3.position:3,robot3.telemetry:4 robots=1
ts=2026-09-15T04:04:04.449Z level=warning event=stale_data groups=robot3.modules:11,robot3.position:3,robot3.telemetry:4 robots=1
ts=2026-09-15T04:04:04.699Z level=warning event=stale_data groups=robot3.telemetry:4 robots=1
ts=2026-09-15T04:04:04.949Z level=warning event=stale_data groups=event:3,robot3.telemetry:4 robots=1
ts=2026-09-15T04:04:05.198Z level=warning event=stale_data groups=event:3,robot3.modules:11,robot3.position:3,robot3.telemetry:4 robots=1
ts=2026-09-15T04:04:05.700Z level=warning event=stale_data groups=event:3,robot3.telemetry:4 robots=1
ts=2026-09-15T04:04:06.200Z level=warning event=stale_data groups=event:3,robot3.modules:11,robot3.position:3,robot3.telemetry:4 robots=1
ts=2026-09-15T04:04:06.699Z level=warning event=stale_data groups=event:3,robot3.telemetry:4 robots=1
ts=2026-09-15T04:04:06.949Z level=warning event=stale_data groups=robot3.telemetry:4 robots=1
ts=2026-09-15T04:04:07.198Z level=warning event=stale_data groups=robot3.modules:11,robot3.position:3,robot3.telemetry:4 robots=1
ts=2026-09-15T04:04:07.448Z level=warning event=stale_data groups=event:3,robot3.modules:11,robot3.position:3,robot3.telemetry:4 robots=1
ts=2026-09-15T04:04:07.699Z level=warning event=stale_data groups=event:3,robot3.telemetry:4 robots=1
ts=2026-09-15T04:04:07.948Z level=warning event=stale_data groups=robot3.telemetry:4 robots=1
ts=2026-09-15T04:04:08.198Z level=warning event=stale_data groups=robot3.modules:11,robot3.position:3,robot3.telemetry:4 robots=1
ts=2026-09-15T04:04:08.448Z level=warning event=stale_data groups=event:3,robot3.modules:11,robot3.position:3,robot3.telemetry:4 robots=1
ts=2026-09-15T04:04:09.199Z level=warning event=stale_data groups=event:3,robot3.modules:11,robot3.position:3 robots=1
ts=2026-09-15T04:04:09.449Z level=warning event=stale_data groups=event:3,robot3.modules:11,robot3.position:3,robot3.telemetry:4 robots=1
ts=2026-09-15T04:04:09.699Z level=warning event=stale_data groups=event:3,robot3.telemetry:4 robots=1
ts=2026-09-15T04:04:10.198Z level=warning event=stale_data groups=event:3,robot3.modules:11,robot3.position:3,robot3.telemetry:4 robots=1
ts=2026-09-15T04:04:10.699Z level=warning event=stale_data groups=event:3,robot3.telemetry:4 robots=1
ts=2026-09-15T04:04:11.198Z level=warning event=stale_data groups=robot3.modules:11,robot3.position:3,robot3.telemetry:4 robots=1
ts=2026-09-15T04:04:11.699Z level=warning event=stale_data groups=robot3.telemetry:4 robots=1
ts=2026-09-15T04:04:11.949Z level=warning event=stale_data groups=event:3,robot3.telemetry:4 robots=1
ts=2026-09-15T04:04:12.198Z level=warning event=stale_data groups=robot3.modules:11,robot3.position:3,robot3.telemetry:4 robots=1
ts=2026-09-15T04:04:12.449Z level=warning event=stale_data groups=robot3.modules:11,robot3.position:3 robots=1
ts=2026-09-15T04:04:12.949Z level=warning event=stale_data groups=robot3.telemetry:4 robots=1
ts=2026-09-15T04:04:13.198Z level=warning event=stale_data groups=event:3,robot3.modules:11,robot3.position:3,robot3.telemetry:4 robots=1
ts=2026-09-15T04:04:14.198Z level=warning event=stale_data groups=event:3,robot3.modules:11,robot3.position:3 robots=1
ts=2026-09-15T04:04:14.449Z level=warning event=stale_data groups=robot3.modules:11,robot3.position:3 robots=1
ts=2026-09-15T04:04:15.199Z level=warning event=stale_data groups=robot3.modules:11,robot3.position:3,robot3.telemetry:4 robots=1
ts=2026-09-15T04:04:16.198Z level=warning event=stale_data groups=robot3.modules:11,robot3.position:3,robot3.telemetry:4 robots=1
ts=2026-09-15T04:04:16.448Z level=warning event=stale_data groups=event:3,robot3.modules:11,robot3.position:3,robot3.telemetry:4 robots=1
ts=2026-09-15T04:04:17.198Z level=warning event=stale_data groups=event:3,robot3.modules:11,robot3.position:3 robots=1
ts=2026-09-15T04:04:17.699Z level=warning event=stale_data groups=event:3,robot3.telemetry:4 robots=1
ts=2026-09-15T04:04:18.199Z level=warning event=stale_data groups=event:3,robot3.modules:11,robot3.position:3,robot3.telemetry:4 robots=1
ts=2026-09-15T04:04:18.699Z level=warning event=stale_data groups=event:3,robot3.telemetry:4 robots=1
ts=2026-09-15T04:04:19.199Z level=warning event=stale_data groups=robot3.modules:11,robot3.position:3,robot3.telemetry:4 robots=1
ts=2026-09-15T04:04:20.198Z level=warning event=stale_data groups=robot3.modules:11,robot3.position:3 robots=1
ts=2026-09-15T04:04:20.700Z level=warning event=stale_data groups=robot3.telemetry:4 robots=1
ts=2026-09-15T04:04:21.198Z level=warning event=stale_data groups=robot3.modules:11,robot3.position:3,robot3.telemetry:4 robots=1
ts=2026-09-15T04:04:21.699Z level=warning event=stale_data groups=robot3.telemetry:4 robots=1
ts=2026-09-15T04:04:21.948Z level=warning event=stale_data groups=event:3,robot3.telemetry:4 robots=1
ts=2026-09-15T04:04:22.199Z level=warning event=stale_data groups=robot3.modules:11,robot3.position:3,robot3.telemetry:4 robots=1
ts=2026-09-15T04:04:22.699Z level=warning event=stale_data groups=robot3.telemetry:4 robots=1
ts=2026-09-15T04:04:22.949Z level=warning event=stale_data groups=event:3,robot3.telemetry:4 robots=1
ts=2026-09-15T04:04:23.199Z level=warning event=stale_data groups=event:3,robot3.modules:11,robot3.position:3,robot3.telemetry:4 robots=1
ts=2026-09-15T04:04:23.698Z level=warning event=stale_data groups=event:3,robot3.telemetry:4 robots=1
ts=2026-09-15T04:04:23.949Z level=warning event=stale_data groups=robot3.telemetry:4 robots=1
ts=2026-09-15T04:04:24.199Z level=warning event=stale_data groups=robot3.modules:11,robot3.position:3,robot3.telemetry:4 robots=1
ts=2026-09-15T04:04:24.449Z level=warning event=stale_data groups=event:3,robot3.modules:11,robot3.position:3,robot3.telemetry:4 robots=1
ts=2026-09-15T04:04:24.699Z level=warning event=stale_data groups=event:3,robot3.telemetry:4 robots=1
ts=2026-09-15T04:04:24.949Z level=warning event=stale_data groups=robot3.telemetry:4 robots=1
ts=2026-09-15T04:04:25.199Z level=warning event=stale_data groups=robot3.modules:11,robot3.position:3,robot3.telemetry:4 robots=1
ts=2026-09-15T04:04:25.449Z level=warning event=stale_data groups=event:3,robot3.modules:11,robot3.position:3,robot3.telemetry:4 robots=1
ts=2026-09-15T04:04:25.699Z level=warning event=stale_data groups=robot3.telemetry:4 robots=1
ts=2026-09-15T04:04:26.199Z level=warning event=stale_data groups=robot3.modules:11,robot3.position:3 robots=1
ts=2026-09-15T04:04:26.699Z level=warning event=stale_data groups=event:3 robots=1
ts=2026-09-15T04:04:27.199Z level=warning event=stale_data groups=event:3,robot3.modules:11,robot3.position:3 robots=1
ts=2026-09-15T04:04:28.200Z level=warning event=stale_data groups=event:3,robot3.modules:11,robot3.position:3 robots=1
ts=2026-09-15T04:04:28.449Z level=warning event=stale_data groups=event:3,robot3.modules:11,robot3.position:3,robot3.telemetry:4 robots=1
ts=2026-09-15T04:04:28.700Z level=warning event=stale_data groups=event:3,robot3.telemetry:4 robots=1
ts=2026-09-15T04:04:29.199Z level=warning event=stale_data groups=event:3,robot3.modules:11,robot3.position:3,robot3.telemetry:4 robots=1
ts=2026-09-15T04:04:29.699Z level=warning event=stale_data groups=event:3,robot3.telemetry:4 robots=1
ts=2026-09-15T04:04:30.198Z level=warning event=stale_data groups=robot3.modules:11,robot3.position:3 robots=1
ts=2026-09-15T04:04:30.698Z level=warning event=stale_data groups=event:3,robot3.telemetry:4 robots=1
ts=2026-09-15T04:04:31.198Z level=warning event=stale_data groups=robot3.modules:11,robot3.position:3 robots=1
ts=2026-09-15T04:04:31.449Z level=warning event=stale_data groups=event:3,robot3.modules:11,robot3.position:3 robots=1
ts=2026-09-15T04:04:31.948Z level=warning event=stale_data groups=robot3.telemetry:4 robots=1
ts=2026-09-15T04:04:32.199Z level=warning event=stale_data groups=event:3,robot3.modules:11,robot3.position:3,robot3.telemetry:4 robots=1
ts=2026-09-15T04:04:32.699Z level=warning event=stale_data groups=event:3,robot3.telemetry:4 robots=1
ts=2026-09-15T04:04:33.199Z level=warning event=stale_data groups=event:3,robot3.modules:11,robot3.position:3,robot3.telemetry:4 robots=1
ts=2026-09-15T04:04:33.698Z level=warning event=stale_data groups=robot3.telemetry:4 robots=1
ts=2026-09-15T04:04:34.199Z level=warning event=stale_data groups=event:3,robot3.modules:11,robot3.position:3,robot3.telemetry:4 robots=1
ts=2026-09-15T04:04:34.700Z level=warning event=stale_data groups=event:3,robot3.telemetry:4 robots=1
ts=2026-09-15T04:04:35.199Z level=warning event=stale_data groups=event:3,robot3.modules:11,robot3.position:3,robot3.telemetry:4 robots=1
ts=2026-09-15T04:04:35.698Z level=warning event=stale_data groups=event:3,robot3.telemetry:4 robots=1
ts=2026-09-15T04:04:35.949Z level=warning event=stale_data groups=robot3.telemetry:4 robots=1
ts=2026-09-15T04:04:36.200Z level=warning event=stale_data groups=robot3.modules:11,robot3.position:3,robot3.telemetry:4 robots=1
ts=2026-09-15T04:04:36.448Z level=warning event=stale_data groups=robot3.modules:11,robot3.position:3 robots=1
ts=2026-09-15T04:04:36.949Z level=warning event=stale_data groups=event:3 robots=1
ts=2026-09-15T04:04:37.199Z level=warning event=stale_data groups=event:3,robot3.modules:11,robot3.position:3 robots=1
ts=2026-09-15T04:04:37.698Z level=warning event=stale_data groups=event:3,robot3.telemetry:4 robots=1
ts=2026-09-15T04:04:38.199Z level=warning event=stale_data groups=event:3,robot3.modules:11,robot3.position:3,robot3.telemetry:4 robots=1
ts=2026-09-15T04:04:38.448Z level=warning event=stale_data groups=robot3.modules:11,robot3.position:3 robots=1
ts=2026-09-15T04:04:38.949Z level=warning event=stale_data groups=event:3 robots=1
ts=2026-09-15T04:04:39.199Z level=warning event=stale_data groups=event:3,robot3.modules:11,robot3.position:3 robots=1
ts=2026-09-15T04:04:39.699Z level=warning event=stale_data groups=event:3 robots=1
ts=2026-09-15T04:04:40.199Z level=warning event=stale_data groups=robot3.modules:11,robot3.position:3 robots=1
ts=2026-09-15T04:04:40.448Z level=warning event=stale_data groups=event:3,robot3.modules:11,robot3.position:3 robots=1
ts=2026-09-15T04:04:40.699Z level=warning event=stale_data groups=event:3 robots=1
ts=2026-09-15T04:04:41.199Z level=warning event=stale_data groups=event:3,robot3.modules:11,robot3.position:3 robots=1
ts=2026-09-15T04:04:41.448Z level=warning event=stale_data groups=robot3.modules:11,robot3.position:3 robots=1
ts=2026-09-15T04:04:41.948Z level=warning event=stale_data groups=robot3.telemetry:4 robots=1
ts=2026-09-15T04:04:42.199Z level=warning event=stale_data groups=robot3.modules:11,robot3.position:3,robot3.telemetry:4 robots=1
ts=2026-09-15T04:04:42.448Z level=warning event=stale_data groups=event:3,robot3.modules:11,robot3.position:3,robot3.telemetry:4 robots=1
ts=2026-09-15T04:04:42.699Z level=warning event=stale_data groups=event:3,robot3.telemetry:4 robots=1
ts=2026-09-15T04:04:43.199Z level=warning event=stale_data groups=event:3,robot3.modules:11,robot3.position:3,robot3.telemetry:4 robots=1
ts=2026-09-15T04:04:43.699Z level=warning event=stale_data groups=robot3.telemetry:4 robots=1
ts=2026-09-15T04:04:44.198Z level=warning event=stale_data groups=robot3.modules:11,robot3.position:3 robots=1
ts=2026-09-15T04:04:44.448Z level=warning event=stale_data groups=event:3,robot3.modules:11,robot3.position:3 robots=1
ts=2026-09-15T04:04:44.699Z level=warning event=stale_data groups=event:3 robots=1
ts=2026-09-15T04:04:45.199Z level=warning event=stale_data groups=event:3,robot3.modules:11,robot3.position:3 robots=1
ts=2026-09-15T04:04:46.198Z level=warning event=stale_data groups=event:3,robot3.modules:11,robot3.position:3 robots=1
ts=2026-09-15T04:04:46.948Z level=warning event=stale_data groups=robot3.telemetry:4 robots=1
ts=2026-09-15T04:04:47.198Z level=warning event=stale_data groups=robot3.modules:11,robot3.position:3,robot3.telemetry:4 robots=1
ts=2026-09-15T04:04:48.199Z level=warning event=stale_data groups=robot3.modules:11,robot3.position:3 robots=1
ts=2026-09-15T04:04:49.198Z level=warning event=stale_data groups=robot3.modules:11,robot3.position:3 robots=1
ts=2026-09-15T04:04:49.449Z level=warning event=stale_data groups=robot3.modules:11,robot3.position:3,robot3.telemetry:4 robots=1
ts=2026-09-15T04:04:49.699Z level=warning event=stale_data groups=robot3.telemetry:4 robots=1
ts=2026-09-15T04:04:50.199Z level=warning event=stale_data groups=event:3,robot3.modules:11,robot3.position:3,robot3.telemetry:4 robots=1
ts=2026-09-15T04:04:50.449Z level=warning event=stale_data groups=robot3.modules:11,robot3.position:3,robot3.telemetry:4 robots=1
ts=2026-09-15T04:04:50.698Z level=warning event=stale_data groups=robot3.telemetry:4 robots=1
ts=2026-09-15T04:04:51.199Z level=warning event=stale_data groups=event:3,robot3.modules:11,robot3.position:3,robot3.telemetry:4 robots=1
ts=2026-09-15T04:04:51.699Z level=warning event=stale_data groups=event:3,robot3.telemetry:4 robots=1
ts=2026-09-15T04:04:52.199Z level=warning event=stale_data groups=event:3,robot3.modules:11,robot3.position:3,robot3.telemetry:4 robots=1
ts=2026-09-15T04:04:52.449Z level=warning event=stale_data groups=robot3.modules:11,robot3.position:3,robot3.telemetry:4 robots=1
ts=2026-09-15T04:04:52.699Z level=warning event=stale_data groups=robot3.telemetry:4 robots=1
ts=2026-09-15T04:04:53.199Z level=warning event=stale_data groups=robot3.modules:11,robot3.position:3,robot3.telemetry:4 robots=1
ts=2026-09-15T04:04:53.448Z level=warning event=stale_data groups=event:3,robot3.modules:11,robot3.position:3,robot3.telemetry:4 robots=1
ts=2026-09-15T04:04:53.698Z level=warning event=stale_data groups=robot3.telemetry:4 robots=1
ts=2026-09-15T04:04:54.199Z level=warning event=stale_data groups=event:3,robot3.modules:11,robot3.position:3,robot3.telemetry:4 robots=1
ts=2026-09-15T04:04:54.699Z level=warning event=stale_data groups=event:3,robot3.telemetry:4 robots=1
ts=2026-09-15T04:04:54.949Z level=warning event=stale_data groups=robot3.telemetry:4 robots=1
ts=2026-09-15T04:04:55.199Z level=warning event=stale_data groups=robot3.modules:11,robot3.position:3,robot3.telemetry:4 robots=1
ts=2026-09-15T04:04:55.449Z level=warning event=stale_data groups=event:3,robot3.modules:11,robot3.position:3,robot3.telemetry:4 robots=1
ts=2026-09-15T04:04:55.699Z level=warning event=stale_data groups=robot3.telemetry:4 robots=1
ts=2026-09-15T04:04:56.199Z level=warning event=stale_data groups=robot3.modules:11,robot3.position:3,robot3.telemetry:4 robots=1
ts=2026-09-15T04:04:56.698Z level=warning event=stale_data groups=event:3,robot3.telemetry:4 robots=1
ts=2026-09-15T04:04:57.199Z level=warning event=stale_data groups=event:3,robot3.modules:11,robot3.position:3,robot3.telemetry:4 robots=1
ts=2026-09-15T04:04:57.448Z level=warning event=stale_data groups=robot3.modules:11,robot3.position:3,robot3.telemetry:4 robots=1
ts=2026-09-15T04:04:57.699Z level=warning event=stale_data groups=robot3.telemetry:4 robots=1
ts=2026-09-15T04:04:57.949Z level=warning event=stale_data groups=event:3,robot3.telemetry:4 robots=1
ts=2026-09-15T04:04:58.198Z level=warning event=stale_data groups=event:3,robot3.modules:11,robot3.position:3,robot3.telemetry:4 robots=1
ts=2026-09-15T04:04:58.699Z level=warning event=stale_data groups=event:3,robot3.telemetry:4 robots=1
ts=2026-09-15T04:04:59.199Z level=warning event=stale_data groups=robot3.modules:11,robot3.position:3,robot3.telemetry:4 robots=1
ts=2026-09-15T04:04:59.699Z level=warning event=stale_data groups=robot3.telemetry:4 robots=1
ts=2026-09-15T04:04:59.949Z level=warning event=stale_data groups=event:3,robot3.telemetry:4 robots=1
ts=2026-09-15T04:05:00.198Z level=warning event=stale_data groups=event:3,robot3.modules:11,robot3.position:3,robot3.telemetry:4 robots=1
ts=2026-09-15T04:05:00.699Z level=warning event=stale_data groups=event:3,robot3.telemetry:4 robots=1
ts=2026-09-15T04:05:01.199Z level=warning event=stale_data groups=robot3.modules:11,robot3.position:3 robots=1
ts=2026-09-15T04:05:01.699Z level=warning event=stale_data groups=event:3 robots=1
ts=2026-09-15T04:05:02.199Z level=warning event=stale_data groups=robot3.modules:11,robot3.position:3 robots=1
ts=2026-09-15T04:05:02.449Z level=warning event=stale_data groups=event:3,robot3.modules:11,robot3.position:3 robots=1
ts=2026-09-15T04:05:02.699Z level=warning event=stale_data groups=event:3,robot3.telemetry:4 robots=1
ts=2026-09-15T04:05:03.200Z level=warning event=stale_data groups=robot3.modules:11,robot3.position:3 robots=1
ts=2026-09-15T04:05:03.449Z level=warning event=stale_data groups=event:3,robot3.modules:11,robot3.position:3,robot3.telemetry:4 robots=1
ts=2026-09-15T04:05:03.699Z level=warning event=stale_data groups=event:3,robot3.telemetry:4 robots=1
ts=2026-09-15T04:05:04.199Z level=warning event=stale_data groups=robot3.modules:11,robot3.position:3 robots=1
ts=2026-09-15T04:05:04.948Z level=warning event=stale_data groups=event:3 robots=1
ts=2026-09-15T04:05:05.199Z level=warning event=stale_data groups=event:3,robot3.modules:11,robot3.position:3 robots=1
ts=2026-09-15T04:05:05.699Z level=warning event=stale_data groups=event:3 robots=1
ts=2026-09-15T04:05:06.199Z level=warning event=stale_data groups=robot3.modules:11,robot3.position:3 robots=1
ts=2026-09-15T04:05:06.449Z level=warning event=stale_data groups=event:3,robot3.modules:11,robot3.position:3,robot3.telemetry:4 robots=1
ts=2026-09-15T04:05:06.699Z level=warning event=stale_data groups=event:3,robot3.telemetry:4 robots=1
ts=2026-09-15T04:05:06.949Z level=warning event=stale_data groups=robot3.telemetry:4 robots=1
ts=2026-09-15T04:05:07.198Z level=warning event=stale_data groups=robot3.modules:11,robot3.position:3,robot3.telemetry:4 robots=1
ts=2026-09-15T04:05:07.448Z level=warning event=stale_data groups=event:3,robot3.modules:11,robot3.position:3,robot3.telemetry:4 robots=1
ts=2026-09-15T04:05:07.698Z level=warning event=stale_data groups=event:3,robot3.telemetry:4 robots=1
ts=2026-09-15T04:05:08.200Z level=warning event=stale_data groups=event:3,robot3.modules:11,robot3.position:3,robot3.telemetry:4 robots=1
ts=2026-09-15T04:05:08.698Z level=warning event=stale_data groups=robot3.telemetry:4 robots=1
ts=2026-09-15T04:05:09.201Z level=warning event=stale_data groups=event:3,robot3.modules:11,robot3.position:3,robot3.telemetry:4 robots=1
ts=2026-09-15T04:05:09.700Z level=warning event=stale_data groups=event:3,robot3.telemetry:4 robots=1
ts=2026-09-15T04:05:10.200Z level=warning event=stale_data groups=robot3.modules:11,robot3.position:3,robot3.telemetry:4 robots=1
ts=2026-09-15T04:05:10.698Z level=warning event=stale_data groups=robot3.telemetry:4 robots=1
ts=2026-09-15T04:05:11.200Z level=warning event=stale_data groups=robot3.modules:11,robot3.position:3 robots=1
ts=2026-09-15T04:05:11.449Z level=warning event=stale_data groups=event:3,robot3.modules:11,robot3.position:3 robots=1
ts=2026-09-15T04:05:11.698Z level=warning event=stale_data groups=event:3,robot3.telemetry:4 robots=1
ts=2026-09-15T04:05:12.200Z level=warning event=stale_data groups=event:3,robot3.modules:11,robot3.position:3,robot3.telemetry:4 robots=1
ts=2026-09-15T04:05:12.450Z level=warning event=stale_data groups=robot3.modules:11,robot3.position:3 robots=1
ts=2026-09-15T04:05:13.200Z level=warning event=stale_data groups=robot3.modules:11,robot3.position:3 robots=1
ts=2026-09-15T04:05:13.450Z level=warning event=stale_data groups=event:3,robot3.modules:11,robot3.position:3 robots=1
ts=2026-09-15T04:05:13.699Z level=warning event=stale_data groups=event:3 robots=1
ts=2026-09-15T04:05:14.198Z level=warning event=stale_data groups=event:3,robot3.modules:11,robot3.position:3,robot3.telemetry:4 robots=1
ts=2026-09-15T04:05:14.450Z level=warning event=stale_data groups=robot3.modules:11,robot3.position:3 robots=1
ts=2026-09-15T04:05:15.198Z level=warning event=stale_data groups=event:3,robot3.modules:11,robot3.position:3 robots=1
ts=2026-09-15T04:05:15.700Z level=warning event=stale_data groups=event:3 robots=1
ts=2026-09-15T04:05:16.198Z level=warning event=stale_data groups=event:3,robot3.modules:11,robot3.position:3 robots=1
ts=2026-09-15T04:05:16.448Z level=warning event=stale_data groups=robot3.modules:11,robot3.position:3 robots=1
ts=2026-09-15T04:05:16.950Z level=warning event=stale_data groups=event:3 robots=1
ts=2026-09-15T04:05:17.200Z level=warning event=stale_data groups=event:3,robot3.modules:11,robot3.position:3 robots=1
ts=2026-09-15T04:05:17.450Z level=warning event=stale_data groups=robot3.modules:11,robot3.position:3,robot3.telemetry:4 robots=1
ts=2026-09-15T04:05:17.700Z level=warning event=stale_data groups=robot3.telemetry:4 robots=1
ts=2026-09-15T04:05:17.950Z level=warning event=stale_data groups=event:3,robot3.telemetry:4 robots=1
ts=2026-09-15T04:05:18.200Z level=warning event=stale_data groups=event:3,robot3.modules:11,robot3.position:3,robot3.telemetry:4 robots=1
ts=2026-09-15T04:05:18.450Z level=warning event=stale_data groups=robot3.modules:11,robot3.position:3,robot3.telemetry:4 robots=1
ts=2026-09-15T04:05:18.700Z level=warning event=stale_data groups=robot3.telemetry:4 robots=1
ts=2026-09-15T04:05:19.200Z level=warning event=stale_data groups=robot3.modules:11,robot3.position:3 robots=1
ts=2026-09-15T04:05:19.450Z level=warning event=stale_data groups=event:3,robot3.modules:11,robot3.position:3 robots=1
ts=2026-09-15T04:05:19.698Z level=warning event=stale_data groups=event:3 robots=1
ts=2026-09-15T04:05:20.200Z level=warning event=stale_data groups=event:3,robot3.modules:11,robot3.position:3,robot3.telemetry:4 robots=1
ts=2026-09-15T04:05:20.700Z level=warning event=stale_data groups=event:3,robot3.telemetry:4 robots=1
ts=2026-09-15T04:05:21.200Z level=warning event=stale_data groups=robot3.modules:11,robot3.position:3 robots=1
ts=2026-09-15T04:05:22.200Z level=warning event=stale_data groups=event:3,robot3.modules:11,robot3.position:3 robots=1
ts=2026-09-15T04:05:23.200Z level=warning event=stale_data groups=event:3,robot3.modules:11,robot3.position:3 robots=1
ts=2026-09-15T04:05:23.448Z level=warning event=stale_data groups=robot3.modules:11,robot3.position:3 robots=1
ts=2026-09-15T04:05:24.200Z level=warning event=stale_data groups=event:3,robot3.modules:11,robot3.position:3,robot3.telemetry:4 robots=1
ts=2026-09-15T04:05:24.450Z level=warning event=stale_data groups=robot3.modules:11,robot3.position:3,robot3.telemetry:4 robots=1
ts=2026-09-15T04:05:24.698Z level=warning event=stale_data groups=robot3.telemetry:4 robots=1
ts=2026-09-15T04:05:25.200Z level=warning event=stale_data groups=event:3,robot3.modules:11,robot3.position:3,robot3.telemetry:4 robots=1
ts=2026-09-15T04:05:25.698Z level=warning event=stale_data groups=event:3,robot3.telemetry:4 robots=1
ts=2026-09-15T04:05:26.199Z level=warning event=stale_data groups=event:3,robot3.modules:11,robot3.position:3,robot3.telemetry:4 robots=1
ts=2026-09-15T04:05:26.699Z level=warning event=stale_data groups=robot3.telemetry:4 robots=1
ts=2026-09-15T04:05:27.199Z level=warning event=stale_data groups=robot3.modules:11,robot3.position:3,robot3.telemetry:4 robots=1
ts=2026-09-15T04:05:28.199Z level=warning event=stale_data groups=event:3,robot3.modules:11,robot3.position:3 robots=1
ts=2026-09-15T04:05:29.199Z level=warning event=stale_data groups=event:3,robot3.modules:11,robot3.position:3,robot3.telemetry:4 robots=1
ts=2026-09-15T04:05:29.449Z level=warning event=stale_data groups=robot3.modules:11,robot3.position:3,robot3.telemetry:4 robots=1
ts=2026-09-15T04:05:29.699Z level=warning event=stale_data groups=robot3.telemetry:4 robots=1
ts=2026-09-15T04:05:29.949Z level=warning event=stale_data groups=event:3,robot3.telemetry:4 robots=1
ts=2026-09-15T04:05:30.199Z level=warning event=stale_data groups=event:3,robot3.modules:11,robot3.position:3,robot3.telemetry:4 robots=1
ts=2026-09-15T04:05:30.699Z level=warning event=stale_data groups=event:3,robot3.telemetry:4 robots=1
ts=2026-09-15T04:05:30.949Z level=warning event=stale_data groups=robot3.telemetry:4 robots=1
ts=2026-09-15T04:05:31.200Z level=warning event=stale_data groups=robot3.modules:11,robot3.position:3,robot3.telemetry:4 robots=1
ts=2026-09-15T04:05:31.450Z level=warning event=stale_data groups=robot3.modules:11,robot3.position:3 robots=1
ts=2026-09-15T04:05:32.198Z level=warning event=stale_data groups=robot3.modules:11,robot3.position:3 robots=1
ts=2026-09-15T04:05:32.450Z level=warning event=stale_data groups=event:3,robot3.modules:11,robot3.position:3,robot3.telemetry:4 robots=1
ts=2026-09-15T04:05:32.700Z level=warning event=stale_data groups=event:3,robot3.telemetry:4 robots=1
ts=2026-09-15T04:05:33.200Z level=warning event=stale_data groups=robot3.modules:11,robot3.position:3 robots=1
ts=2026-09-15T04:05:33.450Z level=warning event=stale_data groups=robot3.modules:11,robot3.position:3,robot3.telemetry:4 robots=1
ts=2026-09-15T04:05:33.700Z level=warning event=stale_data groups=robot3.telemetry:4 robots=1
ts=2026-09-15T04:05:33.950Z level=warning event=stale_data groups=event:3,robot3.telemetry:4 robots=1
ts=2026-09-15T04:05:34.200Z level=warning event=stale_data groups=robot3.modules:11,robot3.position:3,robot3.telemetry:4 robots=1
ts=2026-09-15T04:05:34.448Z level=warning event=stale_data groups=robot3.modules:11,robot3.position:3 robots=1
ts=2026-09-15T04:05:35.200Z level=warning event=stale_data groups=event:3,robot3.modules:11,robot3.position:3,robot3.telemetry:4 robots=1
ts=2026-09-15T04:05:35.700Z level=warning event=stale_data groups=event:3,robot3.telemetry:4 robots=1
ts=2026-09-15T04:05:36.200Z level=warning event=stale_data groups=event:3,robot3.modules:11,robot3.position:3,robot3.telemetry:4 robots=1
ts=2026-09-15T04:05:36.700Z level=warning event=stale_data groups=event:3,robot3.telemetry:4 robots=1
ts=2026-09-15T04:05:37.200Z level=warning event=stale_data groups=event:3,robot3.modules:11,robot3.position:3,robot3.telemetry:4 robots=1
ts=2026-09-15T04:05:37.698Z level=warning event=stale_data groups=event:3,robot3.telemetry:4 robots=1
ts=2026-09-15T04:05:38.200Z level=warning event=stale_data groups=event:3,robot3.modules:11,robot3.position:3,robot3.telemetry:4 robots=1
ts=2026-09-15T04:05:38.700Z level=warning event=stale_data groups=event:3,robot3.telemetry:4 robots=1
ts=2026-09-15T04:05:39.200Z level=warning event=stale_data groups=robot3.modules:11,robot3.position:3,robot3.telemetry:4 robots=1
ts=2026-09-15T04:05:39.700Z level=warning event=stale_data groups=event:3,robot3.telemetry:4 robots=1
ts=2026-09-15T04:05:40.201Z level=warning event=stale_data groups=event:3,robot3.modules:11,robot3.position:3,robot3.telemetry:4 robots=1
ts=2026-09-15T04:05:40.450Z level=warning event=stale_data groups=robot3.modules:11,robot3.position:3,robot3.telemetry:4 robots=1
ts=2026-09-15T04:05:40.698Z level=warning event=stale_data groups=robot3.telemetry:4 robots=1
ts=2026-09-15T04:05:40.950Z level=warning event=stale_data groups=event:3,robot3.telemetry:4 robots=1
ts=2026-09-15T04:05:41.198Z level=warning event=stale_data groups=event:3,robot3.modules:11,robot3.position:3,robot3.telemetry:4 robots=1
ts=2026-09-15T04:05:41.700Z level=warning event=stale_data groups=robot3.telemetry:4 robots=1
ts=2026-09-15T04:05:42.200Z level=warning event=stale_data groups=robot3.modules:11,robot3.position:3 robots=1
ts=2026-09-15T04:05:42.450Z level=warning event=stale_data groups=event:3,robot3.modules:11,robot3.position:3,robot3.telemetry:4 robots=1
ts=2026-09-15T04:05:42.699Z level=warning event=stale_data groups=event:3,robot3.telemetry:4 robots=1
ts=2026-09-15T04:05:43.199Z level=warning event=stale_data groups=event:3,robot3.modules:11,robot3.position:3,robot3.telemetry:4 robots=1
ts=2026-09-15T04:05:43.698Z level=warning event=stale_data groups=robot3.telemetry:4 robots=1
ts=2026-09-15T04:05:44.200Z level=warning event=stale_data groups=event:3,robot3.modules:11,robot3.position:3,robot3.telemetry:4 robots=1
ts=2026-09-15T04:05:44.449Z level=warning event=stale_data groups=robot3.modules:11,robot3.position:3,robot3.telemetry:4 robots=1
ts=2026-09-15T04:05:44.700Z level=warning event=stale_data groups=robot3.telemetry:4 robots=1
ts=2026-09-15T04:05:44.950Z level=warning event=stale_data groups=event:3,robot3.telemetry:4 robots=1
ts=2026-09-15T04:05:45.200Z level=warning event=stale_data groups=event:3,robot3.modules:11,robot3.position:3,robot3.telemetry:4 robots=1
ts=2026-09-15T04:05:45.698Z level=warning event=stale_data groups=event:3,robot3.telemetry:4 robots=1
ts=2026-09-15T04:05:46.200Z level=warning event=stale_data groups=event:3,robot3.modules:11,robot3.position:3,robot3.telemetry:4 robots=1
ts=2026-09-15T04:05:46.700Z level=warning event=stale_data groups=event:3,robot3.telemetry:4 robots=1
ts=2026-09-15T04:05:46.950Z level=warning event=stale_data groups=robot3.telemetry:4 robots=1
ts=2026-09-15T04:05:47.200Z level=warning event=stale_data groups=robot3.modules:11,robot3.position:3,robot3.telemetry:4 robots=1
ts=2026-09-15T04:05:47.450Z level=warning event=stale_data groups=event:3,robot3.modules:11,robot3.position:3,robot3.telemetry:4 robots=1
ts=2026-09-15T04:05:48.200Z level=warning event=stale_data groups=event:3,robot3.modules:11,robot3.position:3 robots=1
ts=2026-09-15T04:05:49.200Z level=warning event=stale_data groups=robot3.modules:11,robot3.position:3 robots=1
ts=2026-09-15T04:05:50.200Z level=warning event=stale_data groups=event:3,robot3.modules:11,robot3.position:3 robots=1
ts=2026-09-15T04:05:51.200Z level=warning event=stale_data groups=event:3,robot3.modules:11,robot3.position:3 robots=1
ts=2026-09-15T04:05:51.700Z level=warning event=stale_data groups=event:3 robots=1
ts=2026-09-15T04:05:52.200Z level=warning event=stale_data groups=event:3,robot3.modules:11,robot3.position:3 robots=1
ts=2026-09-15T04:05:52.700Z level=warning event=stale_data groups=event:3 robots=1
ts=2026-09-15T04:05:53.199Z level=warning event=stale_data groups=robot3.modules:11,robot3.position:3 robots=1
ts=2026-09-15T04:05:53.700Z level=warning event=stale_data groups=event:3,robot3.telemetry:4 robots=1
ts=2026-09-15T04:05:54.198Z level=warning event=stale_data groups=robot3.modules:11,robot3.position:3,robot3.telemetry:4 robots=1
ts=2026-09-15T04:05:54.700Z level=warning event=stale_data groups=event:3,robot3.telemetry:4 robots=1
ts=2026-09-15T04:05:55.200Z level=warning event=stale_data groups=robot3.modules:11,robot3.position:3 robots=1
ts=2026-09-15T04:05:55.949Z level=warning event=stale_data groups=event:3 robots=1
ts=2026-09-15T04:05:56.198Z level=warning event=stale_data groups=event:3,robot3.modules:11,robot3.position:3,robot3.telemetry:4 robots=1
ts=2026-09-15T04:05:56.450Z level=warning event=stale_data groups=robot3.modules:11,robot3.position:3,robot3.telemetry:4 robots=1
ts=2026-09-15T04:05:57.200Z level=warning event=stale_data groups=event:3,robot3.modules:11,robot3.position:3 robots=1
ts=2026-09-15T04:05:57.700Z level=warning event=stale_data groups=event:3 robots=1
ts=2026-09-15T04:05:58.200Z level=warning event=stale_data groups=robot3.modules:11,robot3.position:3 robots=1
ts=2026-09-15T04:05:58.450Z level=warning event=stale_data groups=event:3,robot3.modules:11,robot3.position:3,robot3.telemetry:4 robots=1
ts=2026-09-15T04:05:58.699Z level=warning event=stale_data groups=event:3,robot3.telemetry:4 robots=1
ts=2026-09-15T04:05:59.199Z level=warning event=stale_data groups=event:3,robot3.modules:11,robot3.position:3,robot3.telemetry:4 robots=1
ts=2026-09-15T04:05:59.700Z level=warning event=stale_data groups=event:3,robot3.telemetry:4 robots=1
ts=2026-09-15T04:06:00.199Z level=warning event=stale_data groups=event:3,robot3.modules:11,robot3.position:3,robot3.telemetry:4 robots=1
ts=2026-09-15T04:06:00.698Z level=warning event=stale_data groups=robot3.telemetry:4 robots=1
ts=2026-09-15T04:06:01.198Z level=warning event=stale_data groups=event:3,robot3.modules:11,robot3.position:3,robot3.telemetry:4 robots=1
ts=2026-09-15T04:06:01.700Z level=warning event=stale_data groups=event:3,robot3.telemetry:4 robots=1
ts=2026-09-15T04:06:02.198Z level=warning event=stale_data groups=robot3.modules:11,robot3.position:3,robot3.telemetry:4 robots=1
ts=2026-09-15T04:06:02.700Z level=warning event=stale_data groups=event:3,robot3.telemetry:4 robots=1
ts=2026-09-15T04:06:03.199Z level=warning event=stale_data groups=event:3,robot3.modules:11,robot3.position:3,robot3.telemetry:4 robots=1
ts=2026-09-15T04:06:03.450Z level=warning event=stale_data groups=robot3.modules:11,robot3.position:3,robot3.telemetry:4 robots=1
ts=2026-09-15T04:06:03.700Z level=warning event=stale_data groups=robot3.telemetry:4 robots=1
ts=2026-09-15T04:06:03.950Z level=warning event=stale_data groups=event:3,robot3.telemetry:4 robots=1
ts=2026-09-15T04:06:04.200Z level=warning event=stale_data groups=event:3,robot3.modules:11,robot3.position:3,robot3.telemetry:4 robots=1
ts=2026-09-15T04:06:04.700Z level=warning event=stale_data groups=event:3,robot3.telemetry:4 robots=1
ts=2026-09-15T04:06:05.198Z level=warning event=stale_data groups=robot3.modules:11,robot3.position:3,robot3.telemetry:4 robots=1
ts=2026-09-15T04:06:05.698Z level=warning event=stale_data groups=event:3,robot3.telemetry:4 robots=1
ts=2026-09-15T04:06:06.200Z level=warning event=stale_data groups=event:3,robot3.modules:11,robot3.position:3,robot3.telemetry:4 robots=1
ts=2026-09-15T04:06:06.700Z level=warning event=stale_data groups=event:3,robot3.telemetry:4 robots=1
ts=2026-09-15T04:06:07.200Z level=warning event=stale_data groups=event:3,robot3.modules:11,robot3.position:3,robot3.telemetry:4 robots=1
ts=2026-09-15T04:06:07.700Z level=warning event=stale_data groups=event:3,robot3.telemetry:4 robots=1
ts=2026-09-15T04:06:07.950Z level=warning event=stale_data groups=robot3.telemetry:4 robots=1
ts=2026-09-15T04:06:08.200Z level=warning event=stale_data groups=robot3.modules:11,robot3.position:3,robot3.telemetry:4 robots=1
ts=2026-09-15T04:06:08.700Z level=warning event=stale_data groups=robot3.telemetry:4 robots=1
ts=2026-09-15T04:06:09.200Z level=warning event=stale_data groups=event:3,robot3.modules:11,robot3.position:3,robot3.telemetry:4 robots=1
ts=2026-09-15T04:06:09.448Z level=warning event=stale_data groups=robot3.modules:11,robot3.position:3,robot3.telemetry:4 robots=1
ts=2026-09-15T04:06:09.700Z level=warning event=stale_data groups=robot3.telemetry:4 robots=1
ts=2026-09-15T04:06:09.950Z level=warning event=stale_data groups=event:3,robot3.telemetry:4 robots=1
ts=2026-09-15T04:06:10.200Z level=warning event=stale_data groups=event:3,robot3.modules:11,robot3.position:3,robot3.telemetry:4 robots=1
ts=2026-09-15T04:06:10.700Z level=warning event=stale_data groups=event:3,robot3.telemetry:4 robots=1
ts=2026-09-15T04:06:11.200Z level=warning event=stale_data groups=event:3,robot3.modules:11,robot3.position:3,robot3.telemetry:4 robots=1
ts=2026-09-15T04:06:11.450Z level=warning event=stale_data groups=robot3.modules:11,robot3.position:3,robot3.telemetry:4 robots=1
ts=2026-09-15T04:06:11.700Z level=warning event=stale_data groups=robot3.telemetry:4 robots=1
ts=2026-09-15T04:06:11.950Z level=warning event=stale_data groups=event:3,robot3.telemetry:4 robots=1
ts=2026-09-15T04:06:12.200Z level=warning event=stale_data groups=event:3,robot3.modules:11,robot3.position:3,robot3.telemetry:4 robots=1
ts=2026-09-15T04:06:12.699Z level=warning event=stale_data groups=event:3,robot3.telemetry:4 robots=1
ts=2026-09-15T04:06:13.198Z level=warning event=stale_data groups=event:3,robot3.modules:11,robot3.position:3,robot3.telemetry:4 robots=1
ts=2026-09-15T04:06:13.700Z level=warning event=stale_data groups=robot3.telemetry:4 robots=1
ts=2026-09-15T04:06:14.200Z level=warning event=stale_data groups=event:3,robot3.modules:11,robot3.position:3,robot3.telemetry:4 robots=1
ts=2026-09-15T04:06:14.700Z level=warning event=stale_data groups=event:3,robot3.telemetry:4 robots=1
ts=2026-09-15T04:06:14.950Z level=warning event=stale_data groups=robot3.telemetry:4 robots=1
ts=2026-09-15T04:06:15.200Z level=warning event=stale_data groups=robot3.modules:11,robot3.position:3,robot3.telemetry:4 robots=1
ts=2026-09-15T04:06:15.700Z level=warning event=stale_data groups=robot3.telemetry:4 robots=1
ts=2026-09-15T04:06:15.950Z level=warning event=stale_data groups=event:3,robot3.telemetry:4 robots=1
ts=2026-09-15T04:06:16.201Z level=warning event=stale_data groups=robot3.modules:11,robot3.position:3 robots=1
ts=2026-09-15T04:06:16.700Z level=warning event=stale_data groups=event:3 robots=1
ts=2026-09-15T04:06:17.201Z level=warning event=stale_data groups=robot3.modules:11,robot3.position:3 robots=1
ts=2026-09-15T04:06:17.700Z level=warning event=stale_data groups=event:3,robot3.telemetry:4 robots=1
ts=2026-09-15T04:06:18.200Z level=warning event=stale_data groups=event:3,robot3.modules:11,robot3.position:3,robot3.telemetry:4 robots=1
ts=2026-09-15T04:06:18.700Z level=warning event=stale_data groups=event:3,robot3.telemetry:4 robots=1
ts=2026-09-15T04:06:19.200Z level=warning event=stale_data groups=event:3,robot3.modules:11,robot3.position:3,robot3.telemetry:4 robots=1
ts=2026-09-15T04:06:19.700Z level=warning event=stale_data groups=event:3,robot3.telemetry:4 robots=1
ts=2026-09-15T04:06:20.199Z level=warning event=stale_data groups=event:3,robot3.modules:11,robot3.position:3,robot3.telemetry:4 robots=1
ts=2026-09-15T04:06:20.700Z level=warning event=stale_data groups=event:3,robot3.telemetry:4 robots=1
ts=2026-09-15T04:06:21.200Z level=warning event=stale_data groups=event:3,robot3.modules:11,robot3.position:3,robot3.telemetry:4 robots=1
ts=2026-09-15T04:06:21.448Z level=warning event=stale_data groups=robot3.modules:11,robot3.position:3,robot3.telemetry:4 robots=1
ts=2026-09-15T04:06:21.700Z level=warning event=stale_data groups=robot3.telemetry:4 robots=1
ts=2026-09-15T04:06:21.950Z level=warning event=stale_data groups=event:3,robot3.telemetry:4 robots=1
ts=2026-09-15T04:06:22.200Z level=warning event=stale_data groups=event:3,robot3.modules:11,robot3.position:3,robot3.telemetry:4 robots=1
ts=2026-09-15T04:06:22.700Z level=warning event=stale_data groups=event:3,robot3.telemetry:4 robots=1
ts=2026-09-15T04:06:23.199Z level=warning event=stale_data groups=event:3,robot3.modules:11,robot3.position:3,robot3.telemetry:4 robots=1
ts=2026-09-15T04:06:24.200Z level=warning event=stale_data groups=robot3.modules:11,robot3.position:3 robots=1
ts=2026-09-15T04:06:24.450Z level=warning event=stale_data groups=event:3,robot3.modules:11,robot3.position:3 robots=1
ts=2026-09-15T04:06:25.200Z level=warning event=stale_data groups=robot3.modules:11,robot3.position:3,robot3.telemetry:4 robots=1
ts=2026-09-15T04:06:25.701Z level=warning event=stale_data groups=event:3,robot3.telemetry:4 robots=1
ts=2026-09-15T04:06:25.950Z level=warning event=stale_data groups=robot3.telemetry:4 robots=1
ts=2026-09-15T04:06:26.200Z level=warning event=stale_data groups=robot3.modules:11,robot3.position:3,robot3.telemetry:4 robots=1
ts=2026-09-15T04:06:26.450Z level=warning event=stale_data groups=event:3,robot3.modules:11,robot3.position:3,robot3.telemetry:4 robots=1
ts=2026-09-15T04:06:26.700Z level=warning event=stale_data groups=event:3,robot3.telemetry:4 robots=1
ts=2026-09-15T04:06:27.198Z level=warning event=stale_data groups=event:3,robot3.modules:11,robot3.position:3,robot3.telemetry:4 robots=1
ts=2026-09-15T04:06:27.700Z level=warning event=stale_data groups=event:3,robot3.telemetry:4 robots=1
ts=2026-09-15T04:06:28.199Z level=warning event=stale_data groups=event:3,robot3.modules:11,robot3.position:3,robot3.telemetry:4 robots=1
ts=2026-09-15T04:06:28.450Z level=warning event=stale_data groups=robot3.modules:11,robot3.position:3 robots=1
ts=2026-09-15T04:06:28.950Z level=warning event=stale_data groups=event:3 robots=1
ts=2026-09-15T04:06:29.199Z level=warning event=stale_data groups=event:3,robot3.modules:11,robot3.position:3,robot3.telemetry:4 robots=1
ts=2026-09-15T04:06:29.450Z level=warning event=stale_data groups=robot3.modules:11,robot3.position:3 robots=1
ts=2026-09-15T04:06:29.950Z level=warning event=stale_data groups=event:3,robot3.telemetry:4 robots=1
ts=2026-09-15T04:06:30.199Z level=warning event=stale_data groups=event:3,robot3.modules:11,robot3.position:3,robot3.telemetry:4 robots=1
ts=2026-09-15T04:06:30.450Z level=warning event=stale_data groups=robot3.modules:11,robot3.position:3 robots=1
ts=2026-09-15T04:06:31.200Z level=warning event=stale_data groups=event:3,robot3.modules:11,robot3.position:3 robots=1
ts=2026-09-15T04:06:31.449Z level=warning event=stale_data groups=robot3.modules:11,robot3.position:3 robots=1
ts=2026-09-15T04:06:32.200Z level=warning event=stale_data groups=robot3.modules:11,robot3.position:3 robots=1
ts=2026-09-15T04:06:32.451Z level=warning event=stale_data groups=robot3.modules:11,robot3.position:3,robot3.telemetry:4 robots=1
ts=2026-09-15T04:06:32.699Z level=warning event=stale_data groups=robot3.telemetry:4 robots=1
ts=2026-09-15T04:06:32.950Z level=warning event=stale_data groups=event:3,robot3.telemetry:4 robots=1
ts=2026-09-15T04:06:33.201Z level=warning event=stale_data groups=robot3.modules:11,robot3.position:3,robot3.telemetry:4 robots=1
ts=2026-09-15T04:06:33.698Z level=warning event=stale_data groups=event:3,robot3.telemetry:4 robots=1
ts=2026-09-15T04:06:34.201Z level=warning event=stale_data groups=robot3.modules:11,robot3.position:3,robot3.telemetry:4 robots=1
ts=2026-09-15T04:06:34.700Z level=warning event=stale_data groups=robot3.telemetry:4 robots=1
ts=2026-09-15T04:06:34.950Z level=warning event=stale_data groups=event:3,robot3.telemetry:4 robots=1
ts=2026-09-15T04:06:35.200Z level=warning event=stale_data groups=event:3,robot3.modules:11,robot3.position:3,robot3.telemetry:4 robots=1
ts=2026-09-15T04:06:35.698Z level=warning event=stale_data groups=event:3,robot3.telemetry:4 robots=1
ts=2026-09-15T04:06:36.201Z level=warning event=stale_data groups=event:3,robot3.modules:11,robot3.position:3,robot3.telemetry:4 robots=1
ts=2026-09-15T04:06:36.450Z level=warning event=stale_data groups=robot3.modules:11,robot3.position:3,robot3.telemetry:4 robots=1
ts=2026-09-15T04:06:36.701Z level=warning event=stale_data groups=robot3.telemetry:4 robots=1
ts=2026-09-15T04:06:37.200Z level=warning event=stale_data groups=robot3.modules:11,robot3.position:3 robots=1
ts=2026-09-15T04:06:37.450Z level=warning event=stale_data groups=event:3,robot3.modules:11,robot3.position:3 robots=1
ts=2026-09-15T04:06:37.698Z level=warning event=stale_data groups=event:3 robots=1
ts=2026-09-15T04:06:38.198Z level=warning event=stale_data groups=robot3.modules:11,robot3.position:3 robots=1
ts=2026-09-15T04:06:38.700Z level=warning event=stale_data groups=event:3,robot3.telemetry:4 robots=1
ts=2026-09-15T04:06:39.198Z level=warning event=stale_data groups=event:3,robot3.modules:11,robot3.position:3,robot3.telemetry:4 robots=1
ts=2026-09-15T04:06:39.700Z level=warning event=stale_data groups=event:3,robot3.telemetry:4 robots=1
ts=2026-09-15T04:06:40.198Z level=warning event=stale_data groups=robot3.modules:11,robot3.position:3,robot3.telemetry:4 robots=1
ts=2026-09-15T04:06:41.200Z level=warning event=stale_data groups=robot3.modules:11,robot3.position:3 robots=1
ts=2026-09-15T04:06:41.698Z level=warning event=stale_data groups=event:3 robots=1
ts=2026-09-15T04:06:42.198Z level=warning event=stale_data groups=event:3,robot3.modules:11,robot3.position:3 robots=1
ts=2026-09-15T04:06:42.698Z level=warning event=stale_data groups=event:3 robots=1
ts=2026-09-15T04:06:43.200Z level=warning event=stale_data groups=event:3,robot3.modules:11,robot3.position:3 robots=1
ts=2026-09-15T04:06:43.700Z level=warning event=stale_data groups=event:3 robots=1
ts=2026-09-15T04:06:44.200Z level=warning event=stale_data groups=event:3,robot3.modules:11,robot3.position:3 robots=1
ts=2026-09-15T04:06:44.699Z level=warning event=stale_data groups=event:3 robots=1
ts=2026-09-15T04:06:45.200Z level=warning event=stale_data groups=event:3,robot3.modules:11,robot3.position:3 robots=1
ts=2026-09-15T04:06:45.450Z level=warning event=stale_data groups=event:3,robot3.modules:11,robot3.position:3,robot3.telemetry:4 robots=1
ts=2026-09-15T04:06:45.700Z level=warning event=stale_data groups=event:3,robot3.telemetry:4 robots=1
ts=2026-09-15T04:06:46.200Z level=warning event=stale_data groups=robot3.modules:11,robot3.position:3 robots=1
ts=2026-09-15T04:06:46.700Z level=warning event=stale_data groups=event:3 robots=1
ts=2026-09-15T04:06:47.200Z level=warning event=stale_data groups=event:3,robot3.modules:11,robot3.position:3 robots=1
ts=2026-09-15T04:06:47.700Z level=warning event=stale_data groups=event:3 robots=1
ts=2026-09-15T04:06:48.201Z level=warning event=stale_data groups=event:3,robot3.modules:11,robot3.position:3 robots=1
ts=2026-09-15T04:06:48.700Z level=warning event=stale_data groups=event:3 robots=1
ts=2026-09-15T04:06:49.200Z level=warning event=stale_data groups=event:3,robot3.modules:11,robot3.position:3 robots=1
ts=2026-09-15T04:06:49.700Z level=warning event=stale_data groups=event:3 robots=1
ts=2026-09-15T04:06:49.948Z level=warning event=stale_data groups=event:3,robot3.telemetry:4 robots=1
ts=2026-09-15T04:06:50.200Z level=warning event=stale_data groups=robot3.modules:11,robot3.position:3,robot3.telemetry:4 robots=1
ts=2026-09-15T04:06:50.701Z level=warning event=stale_data groups=event:3,robot3.telemetry:4 robots=1
ts=2026-09-15T04:06:51.198Z level=warning event=stale_data groups=robot3.modules:11,robot3.position:3,robot3.telemetry:4 robots=1
ts=2026-09-15T04:06:51.700Z level=warning event=stale_data groups=robot3.telemetry:4 robots=1
ts=2026-09-15T04:06:52.200Z level=warning event=stale_data groups=event:3,robot3.modules:11,robot3.position:3,robot3.telemetry:4 robots=1
ts=2026-09-15T04:06:52.700Z level=warning event=stale_data groups=robot3.telemetry:4 robots=1
ts=2026-09-15T04:06:53.200Z level=warning event=stale_data groups=event:3,robot3.modules:11,robot3.position:3,robot3.telemetry:4 robots=1
ts=2026-09-15T04:06:53.700Z level=warning event=stale_data groups=robot3.telemetry:4 robots=1
ts=2026-09-15T04:06:54.200Z level=warning event=stale_data groups=robot3.modules:11,robot3.position:3,robot3.telemetry:4 robots=1
ts=2026-09-15T04:06:54.700Z level=warning event=stale_data groups=robot3.telemetry:4 robots=1
ts=2026-09-15T04:06:55.200Z level=warning event=stale_data groups=robot3.modules:11,robot3.position:3,robot3.telemetry:4 robots=1
ts=2026-09-15T04:06:55.700Z level=warning event=stale_data groups=robot3.telemetry:4 robots=1
ts=2026-09-15T04:06:55.951Z level=warning event=stale_data groups=event:3,robot3.telemetry:4 robots=1
ts=2026-09-15T04:06:56.200Z level=warning event=stale_data groups=event:3,robot3.modules:11,robot3.position:3,robot3.telemetry:4 robots=1
ts=2026-09-15T04:06:56.699Z level=warning event=stale_data groups=event:3,robot3.telemetry:4 robots=1
ts=2026-09-15T04:06:56.949Z level=warning event=stale_data groups=robot3.telemetry:4 robots=1
ts=2026-09-15T04:06:57.200Z level=warning event=stale_data groups=robot3.modules:11,robot3.position:3,robot3.telemetry:4 robots=1
ts=2026-09-15T04:06:57.451Z level=warning event=stale_data groups=event:3,robot3.modules:11,robot3.position:3,robot3.telemetry:4 robots=1
ts=2026-09-15T04:06:57.701Z level=warning event=stale_data groups=event:3,robot3.telemetry:4 robots=1
ts=2026-09-15T04:06:57.949Z level=warning event=stale_data groups=robot3.telemetry:4 robots=1
ts=2026-09-15T04:06:58.200Z level=warning event=stale_data groups=robot3.modules:11,robot3.position:3,robot3.telemetry:4 robots=1
ts=2026-09-15T04:06:58.450Z level=warning event=stale_data groups=event:3,robot3.modules:11,robot3.position:3,robot3.telemetry:4 robots=1
ts=2026-09-15T04:06:58.700Z level=warning event=stale_data groups=event:3,robot3.telemetry:4 robots=1
ts=2026-09-15T04:06:59.200Z level=warning event=stale_data groups=event:3,robot3.modules:11,robot3.position:3,robot3.telemetry:4 robots=1
ts=2026-09-15T04:06:59.450Z level=warning event=stale_data groups=robot3.modules:11,robot3.position:3,robot3.telemetry:4 robots=1
ts=2026-09-15T04:06:59.700Z level=warning event=stale_data groups=robot3.telemetry:4 robots=1
ts=2026-09-15T04:06:59.950Z level=warning event=stale_data groups=event:3,robot3.telemetry:4 robots=1
ts=2026-09-15T04:07:00.199Z level=warning event=stale_data groups=robot3.modules:11,robot3.position:3,robot3.telemetry:4 robots=1
ts=2026-09-15T04:07:00.451Z level=warning event=stale_data groups=robot3.modules:11,robot3.position:3 robots=1
ts=2026-09-15T04:07:01.200Z level=warning event=stale_data groups=event:3,robot3.modules:11,robot3.position:3 robots=1
ts=2026-09-15T04:07:01.450Z level=warning event=stale_data groups=event:3,robot3.modules:11,robot3.position:3,robot3.telemetry:4 robots=1
ts=2026-09-15T04:07:01.700Z level=warning event=stale_data groups=event:3,robot3.telemetry:4 robots=1
ts=2026-09-15T04:07:02.199Z level=warning event=stale_data groups=robot3.modules:11,robot3.position:3,robot3.telemetry:4 robots=1
ts=2026-09-15T04:07:02.700Z level=warning event=stale_data groups=event:3,robot3.telemetry:4 robots=1
ts=2026-09-15T04:07:03.200Z level=warning event=stale_data groups=event:3,robot3.modules:11,robot3.position:3,robot3.telemetry:4 robots=1
ts=2026-09-15T04:07:04.200Z level=warning event=stale_data groups=robot3.modules:11,robot3.position:3 robots=1
ts=2026-09-15T04:07:04.450Z level=warning event=stale_data groups=robot3.modules:11,robot3.position:3,robot3.telemetry:4 robots=1
ts=2026-09-15T04:07:04.700Z level=warning event=stale_data groups=robot3.telemetry:4 robots=1
ts=2026-09-15T04:07:04.948Z level=warning event=stale_data groups=event:3,robot3.telemetry:4 robots=1
ts=2026-09-15T04:07:05.200Z level=warning event=stale_data groups=event:3,robot3.modules:11,robot3.position:3,robot3.telemetry:4 robots=1
ts=2026-09-15T04:07:05.450Z level=warning event=stale_data groups=robot3.modules:11,robot3.position:3,robot3.telemetry:4 robots=1
ts=2026-09-15T04:07:05.700Z level=warning event=stale_data groups=robot3.telemetry:4 robots=1
ts=2026-09-15T04:07:06.200Z level=warning event=stale_data groups=event:3,robot3.modules:11,robot3.position:3,robot3.telemetry:4 robots=1
ts=2026-09-15T04:07:06.700Z level=warning event=stale_data groups=robot3.telemetry:4 robots=1
ts=2026-09-15T04:07:07.198Z level=warning event=stale_data groups=event:3,robot3.modules:11,robot3.position:3,robot3.telemetry:4 robots=1
ts=2026-09-15T04:07:07.451Z level=warning event=stale_data groups=robot3.modules:11,robot3.position:3,robot3.telemetry:4 robots=1
ts=2026-09-15T04:07:07.700Z level=warning event=stale_data groups=robot3.telemetry:4 robots=1
ts=2026-09-15T04:07:07.950Z level=warning event=stale_data groups=event:3,robot3.telemetry:4 robots=1
ts=2026-09-15T04:07:08.201Z level=warning event=stale_data groups=event:3,robot3.modules:11,robot3.position:3,robot3.telemetry:4 robots=1
ts=2026-09-15T04:07:08.700Z level=warning event=stale_data groups=event:3,robot3.telemetry:4 robots=1
ts=2026-09-15T04:07:09.200Z level=warning event=stale_data groups=robot3.modules:11,robot3.position:3,robot3.telemetry:4 robots=1
ts=2026-09-15T04:07:10.200Z level=warning event=stale_data groups=robot3.modules:11,robot3.position:3,robot3.telemetry:4 robots=1
ts=2026-09-15T04:07:10.451Z level=warning event=stale_data groups=event:3,robot3.modules:11,robot3.position:3,robot3.telemetry:4 robots=1
ts=2026-09-15T04:07:10.698Z level=warning event=stale_data groups=event:3,robot3.telemetry:4 robots=1
ts=2026-09-15T04:07:11.200Z level=warning event=stale_data groups=robot3.modules:11,robot3.position:3 robots=1
ts=2026-09-15T04:07:11.950Z level=warning event=stale_data groups=event:3 robots=1
ts=2026-09-15T04:07:12.200Z level=warning event=stale_data groups=event:3,robot3.modules:11,robot3.position:3 robots=1
ts=2026-09-15T04:07:12.700Z level=warning event=stale_data groups=event:3,robot3.telemetry:4 robots=1
ts=2026-09-15T04:07:12.948Z level=warning event=stale_data groups=robot3.telemetry:4 robots=1
ts=2026-09-15T04:07:13.200Z level=warning event=stale_data groups=robot3.modules:11,robot3.position:3,robot3.telemetry:4 robots=1
ts=2026-09-15T04:07:13.699Z level=warning event=stale_data groups=robot3.telemetry:4 robots=1
ts=2026-09-15T04:07:13.949Z level=warning event=stale_data groups=event:3,robot3.telemetry:4 robots=1
ts=2026-09-15T04:07:14.199Z level=warning event=stale_data groups=event:3,robot3.modules:11,robot3.position:3,robot3.telemetry:4 robots=1
ts=2026-09-15T04:07:14.450Z level=warning event=stale_data groups=robot3.modules:11,robot3.position:3,robot3.telemetry:4 robots=1
ts=2026-09-15T04:07:14.699Z level=warning event=stale_data groups=robot3.telemetry:4 robots=1
ts=2026-09-15T04:07:14.949Z level=warning event=stale_data groups=event:3,robot3.telemetry:4 robots=1
ts=2026-09-15T04:07:15.199Z level=warning event=stale_data groups=event:3,robot3.modules:11,robot3.position:3,robot3.telemetry:4 robots=1
ts=2026-09-15T04:07:15.700Z level=warning event=stale_data groups=event:3,robot3.telemetry:4 robots=1
ts=2026-09-15T04:07:16.200Z level=warning event=stale_data groups=robot3.modules:11,robot3.position:3 robots=1
ts=2026-09-15T04:07:16.698Z level=warning event=stale_data groups=event:3 robots=1
ts=2026-09-15T04:07:17.199Z level=warning event=stale_data groups=event:3,robot3.modules:11,robot3.position:3 robots=1
ts=2026-09-15T04:07:17.451Z level=warning event=stale_data groups=robot3.modules:11,robot3.position:3 robots=1
ts=2026-09-15T04:07:17.949Z level=warning event=stale_data groups=event:3 robots=1
ts=2026-09-15T04:07:18.198Z level=warning event=stale_data groups=event:3,robot3.modules:11,robot3.position:3,robot3.telemetry:4 robots=1
ts=2026-09-15T04:07:19.198Z level=warning event=stale_data groups=robot3.modules:11,robot3.position:3 robots=1
ts=2026-09-15T04:07:19.450Z level=warning event=stale_data groups=event:3,robot3.modules:11,robot3.position:3 robots=1
ts=2026-09-15T04:07:20.200Z level=warning event=stale_data groups=robot3.modules:11,robot3.position:3 robots=1
ts=2026-09-15T04:07:20.700Z level=warning event=stale_data groups=robot3.telemetry:4 robots=1
ts=2026-09-15T04:07:20.950Z level=warning event=stale_data groups=event:3,robot3.telemetry:4 robots=1
ts=2026-09-15T04:07:21.200Z level=warning event=stale_data groups=robot3.modules:11,robot3.position:3 robots=1
ts=2026-09-15T04:07:21.700Z level=warning event=stale_data groups=event:3 robots=1
ts=2026-09-15T04:07:21.948Z level=warning event=stale_data groups=event:3,robot3.telemetry:4 robots=1
ts=2026-09-15T04:07:22.201Z level=warning event=stale_data groups=event:3,robot3.modules:11,robot3.position:3,robot3.telemetry:4 robots=1
ts=2026-09-15T04:07:22.700Z level=warning event=stale_data groups=event:3,robot3.telemetry:4 robots=1
ts=2026-09-15T04:07:23.200Z level=warning event=stale_data groups=robot3.modules:11,robot3.position:3 robots=1
ts=2026-09-15T04:07:23.700Z level=warning event=stale_data groups=event:3 robots=1
ts=2026-09-15T04:07:24.200Z level=warning event=stale_data groups=event:3,robot3.modules:11,robot3.position:3 robots=1
ts=2026-09-15T04:07:25.201Z level=warning event=stale_data groups=robot3.modules:11,robot3.position:3 robots=1
ts=2026-09-15T04:07:25.449Z level=warning event=stale_data groups=event:3,robot3.modules:11,robot3.position:3 robots=1
ts=2026-09-15T04:07:25.700Z level=info event=ui_mode_switch from=Info to=Video reason=BlindAsserted blind_freshness=Fresh
ts=2026-09-15T04:07:26.200Z level=warning event=stale_data groups=robot3.modules:11,robot3.position:3,robot3.telemetry:4 robots=1
ts=2026-09-15T04:07:26.451Z level=warning event=stale_data groups=event:3,robot3.modules:11,robot3.position:3,robot3.telemetry:4 robots=1
ts=2026-09-15T04:07:26.700Z level=warning event=stale_data groups=robot3.telemetry:4 robots=1
ts=2026-09-15T04:07:27.201Z level=warning event=stale_data groups=robot3.modules:11,robot3.position:3 robots=1
ts=2026-09-15T04:07:27.450Z level=warning event=stale_data groups=event:3,robot3.modules:11,robot3.position:3,robot3.telemetry:4 robots=1
ts=2026-09-15T04:07:27.701Z level=warning event=stale_data groups=event:3,robot3.telemetry:4 robots=1
ts=2026-09-15T04:07:28.201Z level=warning event=stale_data groups=event:3,robot3.modules:11,robot3.position:3,robot3.telemetry:4 robots=1
ts=2026-09-15T04:07:29.200Z level=warning event=stale_data groups=event:3,robot3.modules:11,robot3.position:3 robots=1
ts=2026-09-15T04:07:29.450Z level=warning event=stale_data groups=robot3.modules:11,robot3.position:3 robots=1
ts=2026-09-15T04:07:29.951Z level=warning event=stale_data groups=event:3,robot3.telemetry:4 robots=1
ts=2026-09-15T04:07:30.200Z level=warning event=stale_data groups=event:3,robot3.modules:11,robot3.position:3,robot3.telemetry:4 robots=1
ts=2026-09-15T04:07:30.701Z level=warning event=stale_data groups=robot3.telemetry:4 robots=1
ts=2026-09-15T04:07:31.200Z level=warning event=stale_data groups=event:3,robot3.modules:11,robot3.position:3,robot3.telemetry:4 robots=1
ts=2026-09-15T04:07:31.700Z level=warning event=stale_data groups=event:3,robot3.telemetry:4 robots=1
ts=2026-09-15T04:07:32.200Z level=warning event=stale_data groups=event:3,robot3.modules:11,robot3.position:3,robot3.telemetry:4 robots=1
ts=2026-09-15T04:07:32.700Z level=warning event=stale_data groups=event:3,robot3.telemetry:4 robots=1
ts=2026-09-15T04:07:33.199Z level=warning event=stale_data groups=robot3.modules:11,robot3.position:3,robot3.telemetry:4 robots=1
ts=2026-09-15T04:07:33.699Z level=warning event=stale_data groups=event:3,robot3.telemetry:4 robots=1
ts=2026-09-15T04:07:33.949Z level=warning event=stale_data groups=robot3.telemetry:4 robots=1
ts=2026-09-15T04:07:34.199Z level=warning event=stale_data groups=robot3.modules:11,robot3.position:3,robot3.telemetry:4 robots=1
ts=2026-09-15T04:07:34.699Z level=warning event=stale_data groups=event:3,robot3.telemetry:4 robots=1
ts=2026-09-15T04:07:35.201Z level=warning event=stale_data groups=event:3,robot3.modules:11,robot3.position:3,robot3.telemetry:4 robots=1
ts=2026-09-15T04:07:35.699Z level=warning event=stale_data groups=event:3,robot3.telemetry:4 robots=1
ts=2026-09-15T04:07:36.199Z level=warning event=stale_data groups=robot3.modules:11,robot3.position:3 robots=1
ts=2026-09-15T04:07:36.449Z level=warning event=stale_data groups=event:3,robot3.modules:11,robot3.position:3 robots=1
ts=2026-09-15T04:07:37.200Z level=warning event=stale_data groups=robot3.modules:11,robot3.position:3 robots=1
ts=2026-09-15T04:07:38.200Z level=warning event=stale_data groups=robot3.modules:11,robot3.position:3 robots=1
ts=2026-09-15T04:07:39.201Z level=warning event=stale_data groups=robot3.modules:11,robot3.position:3 robots=1
ts=2026-09-15T04:07:40.200Z level=warning event=stale_data groups=event:3,robot3.modules:11,robot3.position:3 robots=1
ts=2026-09-15T04:07:40.450Z level=warning event=stale_data groups=event:3,robot3.modules:11,robot3.position:3,robot3.telemetry:4 robots=1
ts=2026-09-15T04:07:40.700Z level=warning event=stale_data groups=robot3.telemetry:4 robots=1
ts=2026-09-15T04:07:40.700Z level=info event=ui_mode_switch from=Video to=Info reason=BlindClearedHysteresis blind_freshness=Fresh
ts=2026-09-15T04:07:41.200Z level=warning event=stale_data groups=event:3,robot3.modules:11,robot3.position:3,robot3.telemetry:4 robots=1
ts=2026-09-15T04:07:41.451Z level=warning event=stale_data groups=robot3.modules:11,robot3.position:3,robot3.telemetry:4 robots=1
ts=2026-09-15T04:07:41.700Z level=warning event=stale_data groups=robot3.telemetry:4 robots=1
ts=2026-09-15T04:07:41.950Z level=warning event=stale_data groups=event:3,robot3.telemetry:4 robots=1
ts=2026-09-15T04:07:42.200Z level=warning event=stale_data groups=robot3.modules:11,robot3.position:3,robot3.telemetry:4 robots=1
ts=2026-09-15T04:07:42.700Z level=warning event=stale_data groups=robot3.telemetry:4 robots=1
ts=2026-09-15T04:07:42.950Z level=warning event=stale_data groups=event:3,robot3.telemetry:4 robots=1
ts=2026-09-15T04:07:43.200Z level=warning event=stale_data groups=event:3,robot3.modules:11,robot3.position:3,robot3.telemetry:4 robots=1
ts=2026-09-15T04:07:43.699Z level=warning event=stale_data groups=event:3,robot3.telemetry:4 robots=1
ts=2026-09-15T04:07:44.200Z level=warning event=stale_data groups=event:3,robot3.modules:11,robot3.position:3,robot3.telemetry:4 robots=1
ts=2026-09-15T04:07:44.699Z level=warning event=stale_data groups=robot3.telemetry:4 robots=1
ts=2026-09-15T04:07:45.200Z level=warning event=stale_data groups=robot3.modules:11,robot3.position:3,robot3.telemetry:4 robots=1
ts=2026-09-15T04:07:45.700Z level=warning event=stale_data groups=robot3.telemetry:4 robots=1
ts=2026-09-15T04:07:45.950Z level=warning event=stale_data groups=event:3,robot3.telemetry:4 robots=1
ts=2026-09-15T04:07:46.200Z level=warning event=stale_data groups=event:3,robot3.modules:11,robot3.position:3,robot3.telemetry:4 robots=1
ts=2026-09-15T04:07:46.700Z level=warning event=stale_data groups=event:3,robot3.telemetry:4 robots=1
ts=2026-09-15T04:07:46.950Z level=warning event=stale_data groups=robot3.telemetry:4 robots=1
ts=2026-09-15T04:07:47.200Z level=warning event=stale_data groups=robot3.modules:11,robot3.position:3,robot3.telemetry:4 robots=1
ts=2026-09-15T04:07:47.450Z level=warning event=stale_data groups=event:3,robot3.modules:11,robot3.position:3,robot3.telemetry:4 robots=1
ts=2026-09-15T04:07:47.699Z level=warning event=stale_data groups=robot3.telemetry:4 robots=1
ts=2026-09-15T04:07:48.200Z level=warning event=stale_data groups=robot3.modules:11,robot3.position:3,robot3.telemetry:4 robots=1
ts=2026-09-15T04:07:48.450Z level=warning event=stale_data groups=event:3,robot3.modules:11,robot3.position:3,robot3.telemetry:4 robots=1
ts=2026-09-15T04:07:48.700Z level=warning event=stale_data groups=event:3,robot3.telemetry:4 robots=1
ts=2026-09-15T04:07:49.200Z level=warning event=stale_data groups=event:3,robot3.modules:11,robot3.position:3,robot3.telemetry:4 robots=1
ts=2026-09-15T04:07:49.450Z level=warning event=stale_data groups=robot3.modules:11,robot3.position:3,robot3.telemetry:4 robots=1
ts=2026-09-15T04:07:49.699Z level=warning event=stale_data groups=robot3.telemetry:4 robots=1
ts=2026-09-15T04:07:49.950Z level=warning event=stale_data groups=event:3,robot3.telemetry:4 robots=1
ts=2026-09-15T04:07:50.200Z level=warning event=stale_data groups=event:3,robot3.modules:11,robot3.position:3,robot3.telemetry:4 robots=1
ts=2026-09-15T04:07:50.701Z level=warning event=stale_data groups=event:3,robot3.telemetry:4 robots=1
ts=2026-09-15T04:07:51.200Z level=warning event=stale_data groups=robot3.modules:11,robot3.position:3,robot3.telemetry:4 robots=1
ts=2026-09-15T04:07:51.700Z level=warning event=stale_data groups=event:3,robot3.telemetry:4 robots=1
ts=2026-09-15T04:07:52.200Z level=warning event=stale_data groups=event:3,robot3.modules:11,robot3.position:3,robot3.telemetry:4 robots=1
ts=2026-09-15T04:07:52.450Z level=warning event=stale_data groups=robot3.modules:11,robot3.position:3 robots=1
ts=2026-09-15T04:07:53.200Z level=warning event=stale_data groups=event:3,robot3.modules:11,robot3.position:3,robot3.telemetry:4 robots=1
ts=2026-09-15T04:07:53.450Z level=warning event=stale_data groups=robot3.modules:11,robot3.position:3 robots=1
ts=2026-09-15T04:07:54.200Z level=warning event=stale_data groups=event:3,robot3.modules:11,robot3.position:3 robots=1
ts=2026-09-15T04:07:54.700Z level=warning event=stale_data groups=event:3,robot3.telemetry:4 robots=1
ts=2026-09-15T04:07:55.200Z level=warning event=stale_data groups=event:3,robot3.modules:11,robot3.position:3,robot3.telemetry:4 robots=1
ts=2026-09-15T04:07:56.201Z level=warning event=stale_data groups=robot3.modules:11,robot3.position:3 robots=1
ts=2026-09-15T04:07:57.201Z level=warning event=stale_data groups=robot3.modules:11,robot3.position:3 robots=1
ts=2026-09-15T04:07:57.449Z level=warning event=stale_data groups=event:3,robot3.modules:11,robot3.position:3 robots=1
ts=2026-09-15T04:07:57.701Z level=warning event=stale_data groups=event:3 robots=1
ts=2026-09-15T04:07:58.201Z level=warning event=stale_data groups=event:3,robot3.modules:11,robot3.position:3,robot3.telemetry:4 robots=1
ts=2026-09-15T04:07:58.699Z level=warning event=stale_data groups=event:3,robot3.telemetry:4 robots=1
ts=2026-09-15T04:07:59.200Z level=warning event=stale_data groups=event:3,robot3.modules:11,robot3.position:3,robot3.telemetry:4 robots=1
ts=2026-09-15T04:07:59.449Z level=warning event=stale_data groups=robot3.modules:11,robot3.position:3 robots=1
ts=2026-09-15T04:07:59.951Z level=warning event=stale_data groups=event:3 robots=1
ts=2026-09-15T04:08:00.199Z level=warning event=stale_data groups=robot3.modules:11,robot3.position:3 robots=1
ts=2026-09-15T04:08:00.699Z level=warning event=stale_data groups=event:3 robots=1
ts=2026-09-15T04:08:01.200Z level=warning event=stale_data groups=event:3,robot3.modules:11,robot3.position:3 robots=1
ts=2026-09-15T04:08:01.450Z level=warning event=stale_data groups=robot3.modules:11,robot3.position:3 robots=1
ts=2026-09-15T04:08:01.950Z level=warning event=stale_data groups=event:3,robot3.telemetry:4 robots=1
ts=2026-09-15T04:08:02.200Z level=warning event=stale_data groups=event:3,robot3.modules:11,robot3.position:3,robot3.telemetry:4 robots=1
ts=2026-09-15T04:08:02.450Z level=warning event=stale_data groups=robot3.modules:11,robot3.position:3,robot3.telemetry:4 robots=1
ts=2026-09-15T04:08:02.700Z level=warning event=stale_data groups=robot3.telemetry:4 robots=1
ts=2026-09-15T04:08:02.950Z level=warning event=stale_data groups=event:3,robot3.telemetry:4 robots=1
ts=2026-09-15T04:08:03.200Z level=warning event=stale_data groups=event:3,robot3.modules:11,robot3.position:3,robot3.telemetry:4 robots=1
ts=2026-09-15T04:08:03.699Z level=warning event=stale_data groups=event:3,robot3.telemetry:4 robots=1
ts=2026-09-15T04:08:04.200Z level=warning event=stale_data groups=robot3.modules:11,robot3.position:3,robot3.telemetry:4 robots=1
ts=2026-09-15T04:08:04.700Z level=warning event=stale_data groups=event:3,robot3.telemetry:4 robots=1
ts=2026-09-15T04:08:05.200Z level=warning event=stale_data groups=event:3,robot3.modules:11,robot3.position:3,robot3.telemetry:4 robots=1
ts=2026-09-15T04:08:05.700Z level=warning event=stale_data groups=robot3.telemetry:4 robots=1
ts=2026-09-15T04:08:06.201Z level=warning event=stale_data groups=robot3.modules:11,robot3.position:3,robot3.telemetry:4 robots=1
ts=2026-09-15T04:08:06.451Z level=warning event=stale_data groups=event:3,robot3.modules:11,robot3.position:3,robot3.telemetry:4 robots=1
ts=2026-09-15T04:08:06.698Z level=warning event=stale_data groups=event:3,robot3.telemetry:4 robots=1
ts=2026-09-15T04:08:07.200Z level=warning event=stale_data groups=event:3,robot3.modules:11,robot3.position:3,robot3.telemetry:4 robots=1
ts=2026-09-15T04:08:07.451Z level=warning event=stale_data groups=robot3.modules:11,robot3.position:3,robot3.telemetry:4 robots=1
ts=2026-09-15T04:08:07.700Z level=warning event=stale_data groups=robot3.telemetry:4 robots=1
ts=2026-09-15T04:08:07.948Z level=warning event=stale_data groups=event:3,robot3.telemetry:4 robots=1
ts=2026-09-15T04:08:08.199Z level=warning event=stale_data groups=event:3,robot3.modules:11,robot3.position:3,robot3.telemetry:4 robots=1
ts=2026-09-15T04:08:08.700Z level=warning event=stale_data groups=event:3,robot3.telemetry:4 robots=1
ts=2026-09-15T04:08:09.199Z level=warning event=stale_data groups=event:3,robot3.modules:11,robot3.position:3,robot3.telemetry:4 robots=1
ts=2026-09-15T04:08:09.700Z level=warning event=stale_data groups=event:3,robot3.telemetry:4 robots=1
ts=2026-09-15T04:08:10.200Z level=warning event=stale_data groups=robot3.modules:11,robot3.position:3,robot3.telemetry:4 robots=1
ts=2026-09-15T04:08:10.448Z level=warning event=stale_data groups=robot3.modules:11,robot3.position:3 robots=1
ts=2026-09-15T04:08:11.201Z level=warning event=stale_data groups=event:3,robot3.modules:11,robot3.position:3,robot3.telemetry:4 robots=1
ts=2026-09-15T04:08:11.700Z level=warning event=stale_data groups=event:3,robot3.telemetry:4 robots=1
ts=2026-09-15T04:08:11.951Z level=warning event=stale_data groups=robot3.telemetry:4 robots=1
ts=2026-09-15T04:08:12.200Z level=warning event=stale_data groups=robot3.modules:11,robot3.position:3,robot3.telemetry:4 robots=1
ts=2026-09-15T04:08:12.448Z level=warning event=stale_data groups=event:3,robot3.modules:11,robot3.position:3,robot3.telemetry:4 robots=1
ts=2026-09-15T04:08:12.699Z level=warning event=stale_data groups=event:3,robot3.telemetry:4 robots=1
ts=2026-09-15T04:08:13.200Z level=warning event=stale_data groups=robot3.modules:11,robot3.position:3 robots=1
ts=2026-09-15T04:08:13.449Z level=warning event=stale_data groups=event:3,robot3.modules:11,robot3.position:3 robots=1
ts=2026-09-15T04:08:13.700Z level=warning event=stale_data groups=event:3 robots=1
ts=2026-09-15T04:08:14.200Z level=warning event=stale_data groups=event:3,robot3.modules:11,robot3.position:3 robots=1
ts=2026-09-15T04:08:14.448Z level=warning event=stale_data groups=robot3.modules:11,robot3.position:3 robots=1
ts=2026-09-15T04:08:14.950Z level=warning event=stale_data groups=event:3 robots=1
ts=2026-09-15T04:08:15.200Z level=warning event=stale_data groups=event:3,robot3.modules:11,robot3.position:3 robots=1
ts=2026-09-15T04:08:15.700Z level=warning event=stale_data groups=event:3 robots=1
ts=2026-09-15T04:08:16.200Z level=warning event=stale_data groups=robot3.modules:11,robot3.position:3 robots=1
ts=2026-09-15T04:08:16.450Z level=warning event=stale_data groups=event:3,robot3.modules:11,robot3.position:3 robots=1
ts=2026-09-15T04:08:16.950Z level=warning event=stale_data groups=robot3.telemetry:4 robots=1
ts=2026-09-15T04:08:17.201Z level=warning event=stale_data groups=event:3,robot3.modules:11,robot3.position:3,robot3.telemetry:4 robots=1
ts=2026-09-15T04:08:17.700Z level=warning event=stale_data groups=event:3,robot3.telemetry:4 robots=1
ts=2026-09-15T04:08:18.200Z level=warning event=stale_data groups=event:3,robot3.modules:11,robot3.position:3,robot3.telemetry:4 robots=1
ts=2026-09-15T04:08:18.700Z level=warning event=stale_data groups=event:3,robot3.telemetry:4 robots=1
ts=2026-09-15T04:08:19.200Z level=warning event=stale_data groups=event:3,robot3.modules:11,robot3.position:3,robot3.telemetry:4 robots=1
ts=2026-09-15T04:08:19.700Z level=warning event=stale_data groups=event:3,robot3.telemetry:4 robots=1
ts=2026-09-15T04:08:19.951Z level=warning event=stale_data groups=robot3.telemetry:4 robots=1
ts=2026-09-15T04:08:20.201Z level=warning event=stale_data groups=robot3.modules:11,robot3.position:3,robot3.telemetry:4 robots=1
ts=2026-09-15T04:08:20.451Z level=warning event=stale_data groups=event:3,robot3.modules:11,robot3.position:3,robot3.telemetry:4 robots=1
ts=2026-09-15T04:08:20.700Z level=warning event=stale_data groups=robot3.telemetry:4 robots=1
ts=2026-09-15T04:08:21.201Z level=warning event=stale_data groups=event:3,robot3.modules:11,robot3.position:3,robot3.telemetry:4 robots=1
ts=2026-09-15T04:08:21.700Z level=warning event=stale_data groups=event:3,robot3.telemetry:4 robots=1
ts=2026-09-15T04:08:22.200Z level=warning event=stale_data groups=event:3,robot3.modules:11,robot3.position:3,robot3.telemetry:4 robots=1
ts=2026-09-15T04:08:22.698Z level=warning event=stale_data groups=robot3.telemetry:4 robots=1
ts=2026-09-15T04:08:23.199Z level=warning event=stale_data groups=event:3,robot3.modules:11,robot3.position:3,robot3.telemetry:4 robots=1
ts=2026-09-15T04:08:23.450Z level=warning event=stale_data groups=robot3.modules:11,robot3.position:3,robot3.telemetry:4 robots=1
ts=2026-09-15T04:08:23.700Z level=warning event=stale_data groups=robot3.telemetry:4 robots=1
ts=2026-09-15T04:08:23.950Z level=warning event=stale_data groups=event:3,robot3.telemetry:4 robots=1
ts=2026-09-15T04:08:24.201Z level=warning event=stale_data groups=event:3,robot3.modules:11,robot3.position:3,robot3.telemetry:4 robots=1
ts=2026-09-15T04:08:24.700Z level=warning event=stale_data groups=event:3,robot3.telemetry:4 robots=1
ts=2026-09-15T04:08:24.950Z level=warning event=stale_data groups=robot3.telemetry:4 robots=1
ts=2026-09-15T04:08:25.200Z level=warning event=stale_data groups=robot3.modules:11,robot3.position:3,robot3.telemetry:4 robots=1
ts=2026-09-15T04:08:25.700Z level=warning event=stale_data groups=event:3,robot3.telemetry:4 robots=1
ts=2026-09-15T04:08:26.200Z level=warning event=stale_data groups=event:3,robot3.modules:11,robot3.position:3,robot3.telemetry:4 robots=1
ts=2026-09-15T04:08:26.700Z level=warning event=stale_data groups=event:3,robot3.telemetry:4 robots=1
ts=2026-09-15T04:08:27.200Z level=warning event=stale_data groups=event:3,robot3.modules:11,robot3.position:3,robot3.telemetry:4 robots=1
ts=2026-09-15T04:08:27.700Z level=warning event=stale_data groups=event:3,robot3.telemetry:4 robots=1
ts=2026-09-15T04:08:28.200Z level=warning event=stale_data groups=event:3,robot3.modules:11,robot3.position:3,robot3.telemetry:4 robots=1
ts=2026-09-15T04:08:28.699Z level=warning event=stale_data groups=event:3,robot3.telemetry:4 robots=1
ts=2026-09-15T04:08:28.950Z level=warning event=stale_data groups=robot3.telemetry:4 robots=1
ts=2026-09-15T04:08:29.201Z level=warning event=stale_data groups=robot3.modules:11,robot3.position:3,robot3.telemetry:4 robots=1
ts=2026-09-15T04:08:29.451Z level=warning event=stale_data groups=event:3,robot3.modules:11,robot3.position:3,robot3.telemetry:4 robots=1
ts=2026-09-15T04:08:29.700Z level=warning event=stale_data groups=robot3.telemetry:4 robots=1
ts=2026-09-15T04:08:30.200Z level=warning event=stale_data groups=event:3,robot3.modules:11,robot3.position:3,robot3.telemetry:4 robots=1
ts=2026-09-15T04:08:30.700Z level=warning event=stale_data groups=robot3.telemetry:4 robots=1
ts=2026-09-15T04:08:31.200Z level=warning event=stale_data groups=event:3,robot3.modules:11,robot3.position:3,robot3.telemetry:4 robots=1
ts=2026-09-15T04:08:31.700Z level=warning event=stale_data groups=event:3,robot3.telemetry:4 robots=1
ts=2026-09-15T04:08:32.200Z level=warning event=stale_data groups=robot3.modules:11,robot3.position:3,robot3.telemetry:4 robots=1
ts=2026-09-15T04:08:32.699Z level=warning event=stale_data groups=robot3.telemetry:4 robots=1
ts=2026-09-15T04:08:33.201Z level=warning event=stale_data groups=robot3.modules:11,robot3.position:3,robot3.telemetry:4 robots=1
ts=2026-09-15T04:08:33.450Z level=warning event=stale_data groups=event:3,robot3.modules:11,robot3.position:3,robot3.telemetry:4 robots=1
ts=2026-09-15T04:08:33.699Z level=warning event=stale_data groups=event:3,robot3.telemetry:4 robots=1
ts=2026-09-15T04:08:34.200Z level=warning event=stale_data groups=robot3.modules:11,robot3.position:3,robot3.telemetry:4 robots=1
ts=2026-09-15T04:08:34.700Z level=warning event=stale_data groups=event:3,robot3.telemetry:4 robots=1
ts=2026-09-15T04:08:35.200Z level=warning event=stale_data groups=event:3,robot3.modules:11,robot3.position:3,robot3.telemetry:4 robots=1
ts=2026-09-15T04:08:35.700Z level=warning event=stale_data groups=robot3.telemetry:4 robots=1
ts=2026-09-15T04:08:36.200Z level=warning event=stale_data groups=event:3,robot3.modules:11,robot3.position:3,robot3.telemetry:4 robots=1
ts=2026-09-15T04:08:36.451Z level=warning event=stale_data groups=robot3.modules:11,robot3.position:3,robot3.telemetry:4 robots=1
ts=2026-09-15T04:08:36.699Z level=warning event=stale_data groups=robot3.telemetry:4 robots=1
ts=2026-09-15T04:08:36.950Z level=warning event=stale_data groups=event:3,robot3.telemetry:4 robots=1
ts=2026-09-15T04:08:37.201Z level=warning event=stale_data groups=event:3,robot3.modules:11,robot3.position:3,robot3.telemetry:4 robots=1
ts=2026-09-15T04:08:37.700Z level=warning event=stale_data groups=event:3,robot3.telemetry:4 robots=1
ts=2026-09-15T04:08:38.200Z level=warning event=stale_data groups=event:3,robot3.modules:11,robot3.position:3,robot3.telemetry:4 robots=1
ts=2026-09-15T04:08:38.701Z level=warning event=stale_data groups=event:3,robot3.telemetry:4 robots=1
ts=2026-09-15T04:08:39.198Z level=warning event=stale_data groups=robot3.modules:11,robot3.position:3,robot3.telemetry:4 robots=1
ts=2026-09-15T04:08:40.201Z level=warning event=stale_data groups=event:3,robot3.modules:11,robot3.position:3 robots=1
ts=2026-09-15T04:08:41.201Z level=warning event=stale_data groups=event:3,robot3.modules:11,robot3.position:3 robots=1
ts=2026-09-15T04:08:41.700Z level=warning event=stale_data groups=event:3,robot3.telemetry:4 robots=1
ts=2026-09-15T04:08:42.200Z level=warning event=stale_data groups=robot3.modules:11,robot3.position:3 robots=1
ts=2026-09-15T04:08:42.450Z level=warning event=stale_data groups=event:3,robot3.modules:11,robot3.position:3 robots=1
ts=2026-09-15T04:08:42.700Z level=warning event=stale_data groups=event:3,robot3.telemetry:4 robots=1
ts=2026-09-15T04:08:43.200Z level=warning event=stale_data groups=event:3,robot3.modules:11,robot3.position:3,robot3.telemetry:4 robots=1
ts=2026-09-15T04:08:43.700Z level=warning event=stale_data groups=event:3,robot3.telemetry:4 robots=1
ts=2026-09-15T04:08:44.200Z level=warning event=stale_data groups=event:3,robot3.modules:11,robot3.position:3,robot3.telemetry:4 robots=1
ts=2026-09-15T04:08:44.700Z level=warning event=stale_data groups=robot3.telemetry:4 robots=1
ts=2026-09-15T04:08:45.199Z level=warning event=stale_data groups=event:3,robot3.modules:11,robot3.position:3,robot3.telemetry:4 robots=1
ts=2026-09-15T04:08:45.451Z level=warning event=stale_data groups=event:3,robot3.modules:11,robot3.position:3 robots=1
ts=2026-09-15T04:08:46.200Z level=warning event=stale_data groups=robot3.modules:11,robot3.position:3 robots=1
ts=2026-09-15T04:08:46.450Z level=warning event=stale_data groups=event:3,robot3.modules:11,robot3.position:3 robots=1
ts=2026-09-15T04:08:46.701Z level=warning event=stale_data groups=event:3 robots=1
ts=2026-09-15T04:08:47.200Z level=warning event=stale_data groups=event:3,robot3.modules:11,robot3.position:3 robots=1
ts=2026-09-15T04:08:47.699Z level=warning event=stale_data groups=event:3 robots=1
ts=2026-09-15T04:08:48.200Z level=warning event=stale_data groups=event:3,robot3.modules:11,robot3.position:3 robots=1
ts=2026-09-15T04:08:48.700Z level=warning event=stale_data groups=event:3,robot3.telemetry:4 robots=1
ts=2026-09-15T04:08:49.200Z level=warning event=stale_data groups=robot3.modules:11,robot3.position:3 robots=1
ts=2026-09-15T04:08:49.700Z level=warning event=stale_data groups=event:3 robots=1
ts=2026-09-15T04:08:50.201Z level=warning event=stale_data groups=event:3,robot3.modules:11,robot3.position:3 robots=1
ts=2026-09-15T04:08:50.700Z level=warning event=stale_data groups=event:3 robots=1
ts=2026-09-15T04:08:51.201Z level=warning event=stale_data groups=robot3.modules:11,robot3.position:3 robots=1
ts=2026-09-15T04:08:52.200Z level=warning event=stale_data groups=robot3.modules:11,robot3.position:3 robots=1
ts=2026-09-15T04:08:52.451Z level=warning event=stale_data groups=event:3,robot3.modules:11,robot3.position:3 robots=1
ts=2026-09-15T04:08:52.701Z level=warning event=stale_data groups=event:3 robots=1
ts=2026-09-15T04:08:53.201Z level=warning event=stale_data groups=robot3.modules:11,robot3.position:3,robot3.telemetry:4 robots=1
ts=2026-09-15T04:08:53.450Z level=warning event=stale_data groups=event:3,robot3.modules:11,robot3.position:3,robot3.telemetry:4 robots=1
ts=2026-09-15T04:08:53.699Z level=warning event=stale_data groups=event:3,robot3.telemetry:4 robots=1
ts=2026-09-15T04:08:54.199Z level=warning event=stale_data groups=event:3,robot3.modules:11,robot3.position:3,robot3.telemetry:4 robots=1
ts=2026-09-15T04:08:54.449Z level=warning event=stale_data groups=robot3.modules:11,robot3.position:3 robots=1
ts=2026-09-15T04:08:55.201Z level=warning event=stale_data groups=robot3.modules:11,robot3.position:3,robot3.telemetry:4 robots=1
ts=2026-09-15T04:08:55.699Z level=warning event=stale_data groups=robot3.telemetry:4 robots=1
ts=2026-09-15T04:08:56.201Z level=warning event=stale_data groups=event:3,robot3.modules:11,robot3.position:3,robot3.telemetry:4 robots=1
ts=2026-09-15T04:08:56.701Z level=warning event=stale_data groups=robot3.telemetry:4 robots=1
ts=2026-09-15T04:08:57.200Z level=warning event=stale_data groups=robot3.modules:11,robot3.position:3 robots=1
ts=2026-09-15T04:08:57.701Z level=warning event=stale_data groups=event:3 robots=1
ts=2026-09-15T04:08:58.200Z level=warning event=stale_data groups=event:3,robot3.modules:11,robot3.position:3 robots=1
ts=2026-09-15T04:08:58.450Z level=warning event=stale_data groups=robot3.modules:11,robot3.position:3 robots=1
ts=2026-09-15T04:08:58.950Z level=warning event=stale_data groups=event:3 robots=1
ts=2026-09-15T04:08:59.201Z level=warning event=stale_data groups=event:3,robot3.modules:11,robot3.position:3 robots=1
ts=2026-09-15T04:08:59.450Z level=warning event=stale_data groups=robot3.modules:11,robot3.position:3 robots=1
ts=2026-09-15T04:08:59.951Z level=warning event=stale_data groups=event:3 robots=1
ts=2026-09-15T04:09:00.200Z level=warning event=stale_data groups=event:3,robot3.modules:11,robot3.position:3 robots=1
ts=2026-09-15T04:09:00.450Z level=warning event=stale_data groups=robot3.modules:11,robot3.position:3,robot3.telemetry:4 robots=1
ts=2026-09-15T04:09:00.700Z level=warning event=stale_data groups=robot3.telemetry:4 robots=1
ts=2026-09-15T04:09:00.951Z level=warning event=stale_data groups=event:3,robot3.telemetry:4 robots=1
ts=2026-09-15T04:09:01.200Z level=warning event=stale_data groups=robot3.modules:11,robot3.position:3,robot3.telemetry:4 robots=1
ts=2026-09-15T04:09:01.700Z level=warning event=stale_data groups=robot3.telemetry:4 robots=1
ts=2026-09-15T04:09:01.949Z level=warning event=stale_data groups=event:3,robot3.telemetry:4 robots=1
ts=2026-09-15T04:09:02.199Z level=warning event=stale_data groups=event:3,robot3.modules:11,robot3.position:3,robot3.telemetry:4 robots=1
ts=2026-09-15T04:09:02.700Z level=warning event=stale_data groups=event:3,robot3.telemetry:4 robots=1
ts=2026-09-15T04:09:03.201Z level=warning event=stale_data groups=event:3,robot3.modules:11,robot3.position:3,robot3.telemetry:4 robots=1
ts=2026-09-15T04:09:03.700Z level=warning event=stale_data groups=robot3.telemetry:4 robots=1
ts=2026-09-15T04:09:04.200Z level=warning event=stale_data groups=event:3,robot3.modules:11,robot3.position:3,robot3.telemetry:4 robots=1
ts=2026-09-15T04:09:04.700Z level=warning event=stale_data groups=event:3,robot3.telemetry:4 robots=1
ts=2026-09-15T04:09:05.201Z level=warning event=stale_data groups=event:3,robot3.modules:11,robot3.position:3,robot3.telemetry:4 robots=1
ts=2026-09-15T04:09:05.450Z level=warning event=stale_data groups=robot3.modules:11,robot3.position:3,robot3.telemetry:4 robots=1
ts=2026-09-15T04:09:05.701Z level=warning event=stale_data groups=robot3.telemetry:4 robots=1
ts=2026-09-15T04:09:05.951Z level=warning event=stale_data groups=event:3,robot3.telemetry:4 robots=1
ts=2026-09-15T04:09:06.200Z level=warning event=stale_data groups=robot3.modules:11,robot3.position:3,robot3.telemetry:4 robots=1
ts=2026-09-15T04:09:06.700Z level=warning event=stale_data groups=event:3,robot3.telemetry:4 robots=1
ts=2026-09-15T04:09:07.201Z level=warning event=stale_data groups=event:3,robot3.modules:11,robot3.position:3,robot3.telemetry:4 robots=1
ts=2026-09-15T04:09:08.201Z level=warning event=stale_data groups=event:3,robot3.modules:11,robot3.position:3 robots=1
ts=2026-09-15T04:09:09.200Z level=warning event=stale_data groups=event:3,robot3.modules:11,robot3.position:3 robots=1
ts=2026-09-15T04:09:09.700Z level=warning event=stale_data groups=event:3 robots=1
ts=2026-09-15T04:09:10.200Z level=warning event=stale_data groups=event:3,robot3.modules:11,robot3.position:3 robots=1
ts=2026-09-15T04:09:11.201Z level=warning event=stale_data groups=event:3,robot3.modules:11,robot3.position:3 robots=1
ts=2026-09-15T04:09:11.451Z level=warning event=stale_data groups=robot3.modules:11,robot3.position:3 robots=1
ts=2026-09-15T04:09:11.950Z level=warning event=stale_data groups=event:3 robots=1
ts=2026-09-15T04:09:12.200Z level=warning event=stale_data groups=robot3.modules:11,robot3.position:3 robots=1
ts=2026-09-15T04:09:12.701Z level=warning event=stale_data groups=event:3,robot3.telemetry:4 robots=1
ts=2026-09-15T04:09:13.201Z level=warning event=stale_data groups=event:3,robot3.modules:11,robot3.position:3,robot3.telemetry:4 robots=1
ts=2026-09-15T04:09:13.450Z level=warning event=stale_data groups=robot3.modules:11,robot3.position:3,robot3.telemetry:4 robots=1
ts=2026-09-15T04:09:13.701Z level=warning event=stale_data groups=robot3.telemetry:4 robots=1
ts=2026-09-15T04:09:13.950Z level=warning event=stale_data groups=event:3,robot3.telemetry:4 robots=1
ts=2026-09-15T04:09:14.200Z level=warning event=stale_data groups=event:3,robot3.modules:11,robot3.position:3,robot3.telemetry:4 robots=1
ts=2026-09-15T04:09:14.701Z level=warning event=stale_data groups=event:3,robot3.telemetry:4 robots=1
ts=2026-09-15T04:09:15.201Z level=warning event=stale_data groups=robot3.modules:11,robot3.position:3,robot3.telemetry:4 robots=1
ts=2026-09-15T04:09:15.701Z level=warning event=stale_data groups=event:3,robot3.telemetry:4 robots=1
ts=2026-09-15T04:09:16.200Z level=warning event=stale_data groups=robot3.modules:11,robot3.position:3 robots=1
ts=2026-09-15T04:09:16.450Z level=warning event=stale_data groups=event:3,robot3.modules:11,robot3.position:3 robots=1
ts=2026-09-15T04:09:16.699Z level=warning event=stale_data groups=event:3 robots=1
ts=2026-09-15T04:09:17.201Z level=warning event=stale_data groups=robot3.modules:11,robot3.position:3 robots=1
ts=2026-09-15T04:09:17.700Z level=warning event=stale_data groups=robot3.telemetry:4 robots=1
ts=2026-09-15T04:09:18.201Z level=warning event=stale_data groups=event:3,robot3.modules:11,robot3.position:3,robot3.telemetry:4 robots=1
ts=2026-09-15T04:09:18.700Z level=warning event=stale_data groups=event:3,robot3.telemetry:4 robots=1
ts=2026-09-15T04:09:18.949Z level=warning event=stale_data groups=robot3.telemetry:4 robots=1
ts=2026-09-15T04:09:19.200Z level=warning event=stale_data groups=robot3.modules:11,robot3.position:3,robot3.telemetry:4 robots=1
ts=2026-09-15T04:09:19.449Z level=warning event=stale_data groups=event:3,robot3.modules:11,robot3.position:3,robot3.telemetry:4 robots=1
ts=2026-09-15T04:09:19.700Z level=warning event=stale_data groups=event:3,robot3.telemetry:4 robots=1
ts=2026-09-15T04:09:20.201Z level=warning event=stale_data groups=event:3,robot3.modules:11,robot3.position:3,robot3.telemetry:4 robots=1
ts=2026-09-15T04:09:20.700Z level=warning event=stale_data groups=event:3,robot3.telemetry:4 robots=1
ts=2026-09-15T04:09:21.200Z level=warning event=stale_data groups=event:3,robot3.modules:11,robot3.position:3,robot3.telemetry:4 robots=1
ts=2026-09-15T04:09:21.700Z level=warning event=stale_data groups=event:3,robot3.telemetry:4 robots=1
ts=2026-09-15T04:09:21.950Z level=warning event=stale_data groups=robot3.telemetry:4 robots=1
ts=2026-09-15T04:09:22.201Z level=warning event=stale_data groups=robot3.modules:11,robot3.position:3,robot3.telemetry:4 robots=1
ts=2026-09-15T04:09:22.451Z level=warning event=stale_data groups=event:3,robot3.modules:11,robot3.position:3,robot3.telemetry:4 robots=1
ts=2026-09-15T04:09:22.700Z level=warning event=stale_data groups=robot3.telemetry:4 robots=1
ts=2026-09-15T04:09:23.200Z level=warning event=stale_data groups=event:3,robot3.modules:11,robot3.position:3,robot3.telemetry:4 robots=1
ts=2026-09-15T04:09:23.700Z level=warning event=stale_data groups=event:3,robot3.telemetry:4 robots=1
ts=2026-09-15T04:09:24.200Z level=warning event=stale_data groups=event:3,robot3.modules:11,robot3.position:3,robot3.telemetry:4 robots=1
ts=2026-09-15T04:09:24.700Z level=warning event=stale_data groups=event:3,robot3.telemetry:4 robots=1
ts=2026-09-15T04:09:25.199Z level=warning event=stale_data groups=event:3,robot3.modules:11,robot3.position:3,robot3.telemetry:4 robots=1
ts=2026-09-15T04:09:25.701Z level=warning event=stale_data groups=robot3.telemetry:4 robots=1
ts=2026-09-15T04:09:25.701Z level=info event=ui_mode_switch from=Info to=Video reason=BlindAsserted blind_freshness=Fresh
ts=2026-09-15T04:09:26.201Z level=warning event=stale_data groups=robot3.modules:11,robot3.position:3,robot3.telemetry:4 robots=1
ts=2026-09-15T04:09:26.699Z level=warning event=stale_data groups=robot3.telemetry:4 robots=1
ts=2026-09-15T04:09:26.951Z level=warning event=stale_data groups=event:3,robot3.telemetry:4 robots=1
ts=2026-09-15T04:09:27.201Z level=warning event=stale_data groups=event:3,robot3.modules:11,robot3.position:3,robot3.telemetry:4 robots=1
ts=2026-09-15T04:09:27.700Z level=warning event=stale_data groups=event:3,robot3.telemetry:4 robots=1
ts=2026-09-15T04:09:27.951Z level=warning event=stale_data groups=robot3.telemetry:4 robots=1
ts=2026-09-15T04:09:28.199Z level=warning event=stale_data groups=robot3.modules:11,robot3.position:3,robot3.telemetry:4 robots=1
ts=2026-09-15T04:09:28.450Z level=warning event=stale_data groups=event:3,robot3.modules:11,robot3.position:3,robot3.telemetry:4 robots=1
ts=2026-09-15T04:09:28.701Z level=warning event=stale_data groups=event:3,robot3.telemetry:4 robots=1
ts=2026-09-15T04:09:28.951Z level=warning event=stale_data groups=robot3.telemetry:4 robots=1
ts=2026-09-15T04:09:29.201Z level=warning event=stale_data groups=robot3.modules:11,robot3.position:3,robot3.telemetry:4 robots=1
ts=2026-09-15T04:09:29.700Z level=warning event=stale_data groups=robot3.telemetry:4 robots=1
ts=2026-09-15T04:09:29.949Z level=warning event=stale_data groups=event:3,robot3.telemetry:4 robots=1
ts=2026-09-15T04:09:30.200Z level=warning event=stale_data groups=event:3,robot3.modules:11,robot3.position:3,robot3.telemetry:4 robots=1
ts=2026-09-15T04:09:30.451Z level=warning event=stale_data groups=robot3.modules:11,robot3.position:3 robots=1
ts=2026-09-15T04:09:31.199Z level=warning event=stale_data groups=robot3.modules:11,robot3.position:3 robots=1
ts=2026-09-15T04:09:31.951Z level=warning event=stale_data groups=event:3 robots=1
ts=2026-09-15T04:09:32.200Z level=warning event=stale_data groups=robot3.modules:11,robot3.position:3 robots=1
ts=2026-09-15T04:09:33.200Z level=warning event=stale_data groups=event:3,robot3.modules:11,robot3.position:3 robots=1
ts=2026-09-15T04:09:33.449Z level=warning event=stale_data groups=robot3.modules:11,robot3.position:3 robots=1
ts=2026-09-15T04:09:33.951Z level=warning event=stale_data groups=event:3 robots=1
ts=2026-09-15T04:09:34.200Z level=warning event=stale_data groups=event:3,robot3.modules:11,robot3.position:3 robots=1
ts=2026-09-15T04:09:35.201Z level=warning event=stale_data groups=robot3.modules:11,robot3.position:3 robots=1
ts=2026-09-15T04:09:35.449Z level=warning event=stale_data groups=robot3.modules:11,robot3.position:3,robot3.telemetry:4 robots=1
ts=2026-09-15T04:09:35.701Z level=warning event=stale_data groups=event:3,robot3.telemetry:4 robots=1
ts=2026-09-15T04:09:36.201Z level=warning event=stale_data groups=event:3,robot3.modules:11,robot3.position:3,robot3.telemetry:4 robots=1
ts=2026-09-15T04:09:36.701Z level=warning event=stale_data groups=event:3,robot3.telemetry:4 robots=1
ts=2026-09-15T04:09:37.200Z level=warning event=stale_data groups=event:3,robot3.modules:11,robot3.position:3,robot3.telemetry:4 robots=1
ts=2026-09-15T04:09:37.701Z level=warning event=stale_data groups=robot3.telemetry:4 robots=1
ts=2026-09-15T04:09:38.200Z level=warning event=stale_data groups=robot3.modules:11,robot3.position:3,robot3.telemetry:4 robots=1
ts=2026-09-15T04:09:38.701Z level=warning event=stale_data groups=robot3.telemetry:4 robots=1
ts=2026-09-15T04:09:38.951Z level=warning event=stale_data groups=event:3,robot3.telemetry:4 robots=1
ts=2026-09-15T04:09:39.201Z level=warning event=stale_data groups=event:3,robot3.modules:11,robot3.position:3,robot3.telemetry:4 robots=1
ts=2026-09-15T04:09:39.449Z level=warning event=stale_data groups=robot3.modules:11,robot3.position:3,robot3.telemetry:4 robots=1
ts=2026-09-15T04:09:39.700Z level=warning event=stale_data groups=robot3.telemetry:4 robots=1
ts=2026-09-15T04:09:39.951Z level=warning event=stale_data groups=event:3,robot3.telemetry:4 robots=1
ts=2026-09-15T04:09:40.201Z level=warning event=stale_data groups=event:3,robot3.modules:11,robot3.position:3,robot3.telemetry:4 robots=1
ts=2026-09-15T04:09:40.700Z level=warning event=stale_data groups=robot3.telemetry:4 robots=1
ts=2026-09-15T04:09:40.700Z level=info event=ui_mode_switch from=Video to=Info reason=BlindClearedHysteresis blind_freshness=Fresh
ts=2026-09-15T04:09:41.199Z level=warning event=stale_data groups=robot3.modules:11,robot3.position:3,robot3.telemetry:4 robots=1
ts=2026-09-15T04:09:41.700Z level=warning event=stale_data groups=event:3,robot3.telemetry:4 robots=1
ts=2026-09-15T04:09:42.200Z level=warning event=stale_data groups=event:3,robot3.modules:11,robot3.position:3,robot3.telemetry:4 robots=1
ts=2026-09-15T04:09:42.699Z level=warning event=stale_data groups=event:3,robot3.telemetry:4 robots=1
ts=2026-09-15T04:09:42.949Z level=warning event=stale_data groups=robot3.telemetry:4 robots=1
ts=2026-09-15T04:09:43.200Z level=warning event=stale_data groups=robot3.modules:11,robot3.position:3,robot3.telemetry:4 robots=1
ts=2026-09-15T04:09:43.451Z level=warning event=stale_data groups=event:3,robot3.modules:11,robot3.position:3,robot3.telemetry:4 robots=1
ts=2026-09-15T04:09:43.700Z level=warning event=stale_data groups=event:3,robot3.telemetry:4 robots=1
ts=2026-09-15T04:09:44.201Z level=warning event=stale_data groups=robot3.modules:11,robot3.position:3,robot3.telemetry:4 robots=1
ts=2026-09-15T04:09:44.701Z level=warning event=stale_data groups=event:3,robot3.telemetry:4 robots=1
ts=2026-09-15T04:09:45.200Z level=warning event=stale_data groups=robot3.modules:11,robot3.position:3,robot3.telemetry:4 robots=1
ts=2026-09-15T04:09:45.700Z level=warning event=stale_data groups=robot3.telemetry:4 robots=1
ts=2026-09-15T04:09:45.951Z level=warning event=stale_data groups=event:3,robot3.telemetry:4 robots=1
ts=2026-09-15T04:09:46.200Z level=warning event=stale_data groups=event:3,robot3.modules:11,robot3.position:3,robot3.telemetry:4 robots=1
ts=2026-09-15T04:09:46.700Z level=warning event=stale_data groups=event:3,robot3.telemetry:4 robots=1
ts=2026-09-15T04:09:47.201Z level=warning event=stale_data groups=event:3,robot3.modules:11,robot3.position:3,robot3.telemetry:4 robots=1
ts=2026-09-15T04:09:47.701Z level=warning event=stale_data groups=robot3.telemetry:4 robots=1
ts=2026-09-15T04:09:48.200Z level=warning event=stale_data groups=event:3,robot3.modules:11,robot3.position:3,robot3.telemetry:4 robots=1
ts=2026-09-15T04:09:48.700Z level=warning event=stale_data groups=event:3,robot3.telemetry:4 robots=1
ts=2026-09-15T04:09:49.200Z level=warning event=stale_data groups=event:3,robot3.modules:11,robot3.position:3,robot3.telemetry:4 robots=1
ts=2026-09-15T04:09:49.700Z level=warning event=stale_data groups=event:3,robot3.telemetry:4 robots=1
ts=2026-09-15T04:09:50.200Z level=warning event=stale_data groups=event:3,robot3.modules:11,robot3.position:3,robot3.telemetry:4 robots=1
ts=2026-09-15T04:09:50.700Z level=warning event=stale_data groups=event:3,robot3.telemetry:4 robots=1
ts=2026-09-15T04:09:51.201Z level=warning event=stale_data groups=event:3,robot3.modules:11,robot3.position:3,robot3.telemetry:4 robots=1
ts=2026-09-15T04:09:51.700Z level=warning event=stale_data groups=robot3.telemetry:4 robots=1
ts=2026-09-15T04:09:52.200Z level=warning event=stale_data groups=event:3,robot3.modules:11,robot3.position:3,robot3.telemetry:4 robots=1
ts=2026-09-15T04:09:52.451Z level=warning event=stale_data groups=robot3.modules:11,robot3.position:3 robots=1
ts=2026-09-15T04:09:52.950Z level=warning event=stale_data groups=event:3 robots=1
ts=2026-09-15T04:09:53.201Z level=warning event=stale_data groups=event:3,robot3.modules:11,robot3.position:3 robots=1
ts=2026-09-15T04:09:53.700Z level=warning event=stale_data groups=event:3 robots=1
ts=2026-09-15T04:09:54.201Z level=warning event=stale_data groups=event:3,robot3.modules:11,robot3.position:3 robots=1
ts=2026-09-15T04:09:54.951Z level=warning event=stale_data groups=robot3.telemetry:4 robots=1
ts=2026-09-15T04:09:55.201Z level=warning event=stale_data groups=robot3.modules:11,robot3.position:3,robot3.telemetry:4 robots=1
ts=2026-09-15T04:09:55.700Z level=warning event=stale_data groups=robot3.telemetry:4 robots=1
ts=2026-09-15T04:09:55.950Z level=warning event=stale_data groups=event:3,robot3.telemetry:4 robots=1
ts=2026-09-15T04:09:56.201Z level=warning event=stale_data groups=event:3,robot3.modules:11,robot3.position:3,robot3.telemetry:4 robots=1
ts=2026-09-15T04:09:56.701Z level=warning event=stale_data groups=event:3,robot3.telemetry:4 robots=1
ts=2026-09-15T04:09:57.200Z level=warning event=stale_data groups=event:3,robot3.modules:11,robot3.position:3,robot3.telemetry:4 robots=1
ts=2026-09-15T04:09:57.699Z level=warning event=stale_data groups=event:3,robot3.telemetry:4 robots=1
ts=2026-09-15T04:09:57.950Z level=warning event=stale_data groups=robot3.telemetry:4 robots=1
ts=2026-09-15T04:09:58.200Z level=warning event=stale_data groups=robot3.modules:11,robot3.position:3 robots=1
ts=2026-09-15T04:09:59.200Z level=warning event=stale_data groups=event:3,robot3.modules:11,robot3.position:3 robots=1
ts=2026-09-15T04:09:59.699Z level=warning event=stale_data groups=event:3 robots=1
ts=2026-09-15T04:10:00.200Z level=warning event=stale_data groups=event:3,robot3.modules:11,robot3.position:3,robot3.telemetry:4 robots=1
ts=2026-09-15T04:10:00.700Z level=warning event=stale_data groups=robot3.telemetry:4 robots=1
ts=2026-09-15T04:10:01.200Z level=warning event=stale_data groups=event:3,robot3.modules:11,robot3.position:3,robot3.telemetry:4 robots=1
ts=2026-09-15T04:10:01.450Z level=warning event=stale_data groups=robot3.modules:11,robot3.position:3 robots=1
ts=2026-09-15T04:10:01.950Z level=warning event=stale_data groups=event:3 robots=1
ts=2026-09-15T04:10:02.199Z level=warning event=stale_data groups=event:3,robot3.modules:11,robot3.position:3,robot3.telemetry:4 robots=1
ts=2026-09-15T04:10:02.700Z level=warning event=stale_data groups=event:3,robot3.telemetry:4 robots=1
ts=2026-09-15T04:10:03.199Z level=warning event=stale_data groups=event:3,robot3.modules:11,robot3.position:3,robot3.telemetry:4 robots=1
ts=2026-09-15T04:10:03.699Z level=warning event=stale_data groups=event:3,robot3.telemetry:4 robots=1
ts=2026-09-15T04:10:04.200Z level=warning event=stale_data groups=robot3.modules:11,robot3.position:3,robot3.telemetry:4 robots=1
ts=2026-09-15T04:10:04.450Z level=warning event=stale_data groups=robot3.modules:11,robot3.position:3 robots=1
ts=2026-09-15T04:10:05.199Z level=warning event=stale_data groups=robot3.modules:11,robot3.position:3 robots=1
ts=2026-09-15T04:10:05.699Z level=warning event=stale_data groups=event:3,robot3.telemetry:4 robots=1
ts=2026-09-15T04:10:06.200Z level=warning event=stale_data groups=robot3.modules:11,robot3.position:3,robot3.telemetry:4 robots=1
ts=2026-09-15T04:10:06.700Z level=warning event=stale_data groups=event:3,robot3.telemetry:4 robots=1
ts=2026-09-15T04:10:07.199Z level=warning event=stale_data groups=event:3,robot3.modules:11,robot3.position:3,robot3.telemetry:4 robots=1
ts=2026-09-15T04:10:07.700Z level=warning event=stale_data groups=event:3,robot3.telemetry:4 robots=1
ts=2026-09-15T04:10:08.200Z level=warning event=stale_data groups=event:3,robot3.modules:11,robot3.position:3,robot3.telemetry:4 robots=1
ts=2026-09-15T04:10:08.700Z level=warning event=stale_data groups=robot3.telemetry:4 robots=1
ts=2026-09-15T04:10:09.199Z level=warning event=stale_data groups=robot3.modules:11,robot3.position:3,robot3.telemetry:4 robots=1
ts=2026-09-15T04:10:09.450Z level=warning event=stale_data groups=event:3,robot3.modules:11,robot3.position:3,robot3.telemetry:4 robots=1
ts=2026-09-15T04:10:09.699Z level=warning event=stale_data groups=event:3,robot3.telemetry:4 robots=1
ts=2026-09-15T04:10:10.200Z level=warning event=stale_data groups=event:3,robot3.modules:11,robot3.position:3,robot3.telemetry:4 robots=1
ts=2026-09-15T04:10:10.699Z level=warning event=stale_data groups=event:3,robot3.telemetry:4 robots=1
ts=2026-09-15T04:10:11.200Z level=warning event=stale_data groups=event:3,robot3.modules:11,robot3.position:3,robot3.telemetry:4 robots=1
ts=2026-09-15T04:10:11.450Z level=warning event=stale_data groups=robot3.modules:11,robot3.position:3,robot3.telemetry:4 robots=1
ts=2026-09-15T04:10:11.700Z level=warning event=stale_data groups=robot3.telemetry:4 robots=1
ts=2026-09-15T04:10:12.200Z level=warning event=stale_data groups=robot3.modules:11,robot3.position:3,robot3.telemetry:4 robots=1
ts=2026-09-15T04:10:12.700Z level=warning event=stale_data groups=event:3,robot3.telemetry:4 robots=1
ts=2026-09-15T04:10:13.199Z level=warning event=stale_data groups=event:3,robot3.modules:11,robot3.position:3,robot3.telemetry:4 robots=1
ts=2026-09-15T04:10:13.450Z level=warning event=stale_data groups=robot3.modules:11,robot3.position:3,robot3.telemetry:4 robots=1
ts=2026-09-15T04:10:13.699Z level=warning event=stale_data groups=robot3.telemetry:4 robots=1
ts=2026-09-15T04:10:13.950Z level=warning event=stale_data groups=event:3,robot3.telemetry:4 robots=1
ts=2026-09-15T04:10:14.200Z level=warning event=stale_data groups=event:3,robot3.modules:11,robot3.position:3,robot3.telemetry:4 robots=1
ts=2026-09-15T04:10:14.699Z level=warning event=stale_data groups=event:3,robot3.telemetry:4 robots=1
ts=2026-09-15T04:10:14.950Z level=warning event=stale_data groups=robot3.telemetry:4 robots=1
ts=2026-09-15T04:10:15.198Z level=warning event=stale_data groups=robot3.modules:11,robot3.position:3,robot3.telemetry:4 robots=1
ts=2026-09-15T04:10:15.448Z level=warning event=stale_data groups=event:3,robot3.modules:11,robot3.position:3,robot3.telemetry:4 robots=1
ts=2026-09-15T04:10:15.699Z level=warning event=stale_data groups=event:3,robot3.telemetry:4 robots=1
ts=2026-09-15T04:10:16.199Z level=warning event=stale_data groups=event:3,robot3.modules:11,robot3.position:3,robot3.telemetry:4 robots=1
ts=2026-09-15T04:10:16.700Z level=warning event=stale_data groups=event:3,robot3.telemetry:4 robots=1
ts=2026-09-15T04:10:17.200Z level=warning event=stale_data groups=robot3.modules:11,robot3.position:3,robot3.telemetry:4 robots=1
ts=2026-09-15T04:10:17.699Z level=warning event=stale_data groups=robot3.telemetry:4 robots=1
ts=2026-09-15T04:10:17.949Z level=warning event=stale_data groups=event:3,robot3.telemetry:4 robots=1
ts=2026-09-15T04:10:18.200Z level=warning event=stale_data groups=robot3.modules:11,robot3.position:3 robots=1
ts=2026-09-15T04:10:18.699Z level=warning event=stale_data groups=event:3 robots=1
ts=2026-09-15T04:10:19.200Z level=warning event=stale_data groups=robot3.modules:11,robot3.position:3 robots=1
ts=2026-09-15T04:10:19.449Z level=warning event=stale_data groups=event:3,robot3.modules:11,robot3.position:3 robots=1
ts=2026-09-15T04:10:19.700Z level=warning event=stale_data groups=event:3,robot3.telemetry:4 robots=1
ts=2026-09-15T04:10:20.200Z level=warning event=stale_data groups=robot3.modules:11,robot3.position:3,robot3.telemetry:4 robots=1
ts=2026-09-15T04:10:20.450Z level=warning event=stale_data groups=robot3.modules:11,robot3.position:3 robots=1
ts=2026-09-15T04:10:20.950Z level=warning event=stale_data groups=event:3 robots=1
ts=2026-09-15T04:10:21.199Z level=warning event=stale_data groups=event:3,robot3.modules:11,robot3.position:3 robots=1
ts=2026-09-15T04:10:21.449Z level=warning event=stale_data groups=robot3.modules:11,robot3.position:3 robots=1
ts=2026-09-15T04:10:21.950Z level=warning event=stale_data groups=event:3 robots=1
ts=2026-09-15T04:10:22.199Z level=warning event=stale_data groups=event:3,robot3.modules:11,robot3.position:3 robots=1
ts=2026-09-15T04:10:22.699Z level=warning event=stale_data groups=event:3 robots=1
ts=2026-09-15T04:10:23.199Z level=warning event=stale_data groups=event:3,robot3.modules:11,robot3.position:3 robots=1
ts=2026-09-15T04:10:23.699Z level=warning event=stale_data groups=event:3 robots=1
ts=2026-09-15T04:10:24.200Z level=warning event=stale_data groups=event:3,robot3.modules:11,robot3.position:3,robot3.telemetry:4 robots=1
ts=2026-09-15T04:10:24.450Z level=warning event=stale_data groups=robot3.modules:11,robot3.position:3,robot3.telemetry:4 robots=1
ts=2026-09-15T04:10:24.700Z level=warning event=stale_data groups=robot3.telemetry:4 robots=1
ts=2026-09-15T04:10:25.200Z level=warning event=stale_data groups=robot3.modules:11,robot3.position:3,robot3.telemetry:4 robots=1
ts=2026-09-15T04:10:25.449Z level=warning event=stale_data groups=event:3,robot3.modules:11,robot3.position:3,robot3.telemetry:4 robots=1
ts=2026-09-15T04:10:25.700Z level=warning event=stale_data groups=event:3,robot3.telemetry:4 robots=1
ts=2026-09-15T04:10:26.199Z level=warning event=stale_data groups=event:3,robot3.modules:11,robot3.position:3,robot3.telemetry:4 robots=1
ts=2026-09-15T04:10:26.700Z level=warning event=stale_data groups=event:3,robot3.telemetry:4 robots=1
ts=2026-09-15T04:10:27.200Z level=warning event=stale_data groups=robot3.modules:11,robot3.position:3,robot3.telemetry:4 robots=1
ts=2026-09-15T04:10:27.699Z level=warning event=stale_data groups=event:3,robot3.telemetry:4 robots=1
ts=2026-09-15T04:10:28.200Z level=warning event=stale_data groups=event:3,robot3.modules:11,robot3.position:3,robot3.telemetry:4 robots=1
ts=2026-09-15T04:10:28.699Z level=warning event=stale_data groups=event:3,robot3.telemetry:4 robots=1
ts=2026-09-15T04:10:29.200Z level=warning event=stale_data groups=event:3,robot3.modules:11,robot3.position:3,robot3.telemetry:4 robots=1
ts=2026-09-15T04:10:29.700Z level=warning event=stale_data groups=event:3,robot3.telemetry:4 robots=1
ts=2026-09-15T04:10:29.949Z level=warning event=stale_data groups=robot3.telemetry:4 robots=1
ts=2026-09-15T04:10:30.199Z level=warning event=stale_data groups=robot3.modules:11,robot3.position:3 robots=1
ts=2026-09-15T04:10:30.700Z level=warning event=stale_data groups=event:3 robots=1
ts=2026-09-15T04:10:31.200Z level=warning event=stale_data groups=event:3,robot3.modules:11,robot3.position:3 robots=1
ts=2026-09-15T04:10:31.700Z level=warning event=stale_data groups=event:3 robots=1
ts=2026-09-15T04:10:32.199Z level=warning event=stale_data groups=event:3,robot3.modules:11,robot3.position:3 robots=1
ts=2026-09-15T04:10:32.699Z level=warning event=stale_data groups=event:3 robots=1
ts=2026-09-15T04:10:33.199Z level=warning event=stale_data groups=robot3.modules:11,robot3.position:3,robot3.telemetry:4 robots=1
ts=2026-09-15T04:10:34.200Z level=warning event=stale_data groups=robot3.modules:11,robot3.position:3 robots=1
ts=2026-09-15T04:10:34.450Z level=warning event=stale_data groups=event:3,robot3.modules:11,robot3.position:3 robots=1
ts=2026-09-15T04:10:34.699Z level=warning event=stale_data groups=event:3 robots=1
ts=2026-09-15T04:10:34.950Z level=warning event=stale_data groups=event:3,robot3.telemetry:4 robots=1
ts=2026-09-15T04:10:35.199Z level=warning event=stale_data groups=event:3,robot3.modules:11,robot3.position:3,robot3.telemetry:4 robots=1
ts=2026-09-15T04:10:35.699Z level=warning event=stale_data groups=event:3,robot3.telemetry:4 robots=1
ts=2026-09-15T04:10:36.199Z level=warning event=stale_data groups=robot3.modules:11,robot3.position:3,robot3.telemetry:4 robots=1
ts=2026-09-15T04:10:36.699Z level=warning event=stale_data groups=robot3.telemetry:4 robots=1
ts=2026-09-15T04:10:36.949Z level=warning event=stale_data groups=event:3,robot3.telemetry:4 robots=1
ts=2026-09-15T04:10:37.200Z level=warning event=stale_data groups=event:3,robot3.modules:11,robot3.position:3,robot3.telemetry:4 robots=1
ts=2026-09-15T04:10:37.700Z level=warning event=stale_data groups=event:3,robot3.telemetry:4 robots=1
ts=2026-09-15T04:10:38.200Z level=warning event=stale_data groups=event:3,robot3.modules:11,robot3.position:3,robot3.telemetry:4 robots=1
ts=2026-09-15T04:10:38.450Z level=warning event=stale_data groups=robot3.modules:11,robot3.position:3,robot3.telemetry:4 robots=1
ts=2026-09-15T04:10:38.700Z level=warning event=stale_data groups=robot3.telemetry:4 robots=1
ts=2026-09-15T04:10:39.200Z level=warning event=stale_data groups=robot3.modules:11,robot3.position:3 robots=1
ts=2026-09-15T04:10:40.200Z level=warning event=stale_data groups=robot3.modules:11,robot3.position:3 robots=1
ts=2026-09-15T04:10:40.450Z level=warning event=stale_data groups=robot3.modules:11,robot3.position:3,robot3.telemetry:4 robots=1
ts=2026-09-15T04:10:40.699Z level=warning event=stale_data groups=event:3,robot3.telemetry:4 robots=1
ts=2026-09-15T04:10:41.200Z level=warning event=stale_data groups=robot3.modules:11,robot3.position:3,robot3.telemetry:4 robots=1
ts=2026-09-15T04:10:41.699Z level=warning event=stale_data groups=event:3,robot3.telemetry:4 robots=1
ts=2026-09-15T04:10:42.200Z level=warning event=stale_data groups=event:3,robot3.modules:11,robot3.position:3,robot3.telemetry:4 robots=1
ts=2026-09-15T04:10:42.700Z level=warning event=stale_data groups=event:3,robot3.telemetry:4 robots=1
ts=2026-09-15T04:10:43.200Z level=warning event=stale_data groups=robot3.modules:11,robot3.position:3 robots=1
ts=2026-09-15T04:10:43.949Z level=warning event=stale_data groups=event:3 robots=1
ts=2026-09-15T04:10:44.200Z level=warning event=stale_data groups=robot3.modules:11,robot3.position:3 robots=1
ts=2026-09-15T04:10:44.450Z level=warning event=stale_data groups=robot3.modules:11,robot3.position:3,robot3.telemetry:4 robots=1
ts=2026-09-15T04:10:44.700Z level=warning event=stale_data groups=robot3.telemetry:4 robots=1
ts=2026-09-15T04:10:45.200Z level=warning event=stale_data groups=event:3,robot3.modules:11,robot3.position:3,robot3.telemetry:4 robots=1
ts=2026-09-15T04:10:46.199Z level=warning event=stale_data groups=event:3,robot3.modules:11,robot3.position:3 robots=1
ts=2026-09-15T04:10:46.700Z level=warning event=stale_data groups=event:3 robots=1
ts=2026-09-15T04:10:46.950Z level=warning event=stale_data groups=event:3,robot3.telemetry:4 robots=1
ts=2026-09-15T04:10:47.200Z level=warning event=stale_data groups=event:3,robot3.modules:11,robot3.position:3,robot3.telemetry:4 robots=1
ts=2026-09-15T04:10:47.700Z level=warning event=stale_data groups=event:3,robot3.telemetry:4 robots=1
ts=2026-09-15T04:10:48.200Z level=warning event=stale_data groups=event:3,robot3.modules:11,robot3.position:3,robot3.telemetry:4 robots=1
ts=2026-09-15T04:10:48.699Z level=warning event=stale_data groups=event:3,robot3.telemetry:4 robots=1
ts=2026-09-15T04:10:49.200Z level=warning event=stale_data groups=robot3.modules:11,robot3.position:3 robots=1
ts=2026-09-15T04:10:49.700Z level=warning event=stale_data groups=event:3 robots=1
ts=2026-09-15T04:10:50.200Z level=warning event=stale_data groups=event:3,robot3.modules:11,robot3.position:3 robots=1
ts=2026-09-15T04:10:50.700Z level=warning event=stale_data groups=event:3 robots=1
ts=2026-09-15T04:10:51.199Z level=warning event=stale_data groups=robot3.modules:11,robot3.position:3 robots=1
ts=2026-09-15T04:10:51.450Z level=warning event=stale_data groups=event:3,robot3.modules:11,robot3.position:3 robots=1
ts=2026-09-15T04:10:52.200Z level=warning event=stale_data groups=event:3,robot3.modules:11,robot3.position:3,robot3.telemetry:4 robots=1
ts=2026-09-15T04:10:52.700Z level=warning event=stale_data groups=event:3,robot3.telemetry:4 robots=1
ts=2026-09-15T04:10:53.199Z level=warning event=stale_data groups=event:3,robot3.modules:11,robot3.position:3,robot3.telemetry:4 robots=1
ts=2026-09-15T04:10:53.700Z level=warning event=stale_data groups=event:3,robot3.telemetry:4 robots=1
ts=2026-09-15T04:10:54.200Z level=warning event=stale_data groups=event:3,robot3.modules:11,robot3.position:3,robot3.telemetry:4 robots=1
ts=2026-09-15T04:10:54.700Z level=warning event=stale_data groups=robot3.telemetry:4 robots=1
ts=2026-09-15T04:10:55.200Z level=warning event=stale_data groups=event:3,robot3.modules:11,robot3.position:3,robot3.telemetry:4 robots=1
ts=2026-09-15T04:10:55.450Z level=warning event=stale_data groups=robot3.modules:11,robot3.position:3 robots=1
ts=2026-09-15T04:10:55.950Z level=warning event=stale_data groups=event:3 robots=1
ts=2026-09-15T04:10:56.199Z level=warning event=stale_data groups=event:3,robot3.modules:11,robot3.position:3 robots=1
ts=2026-09-15T04:10:56.950Z level=warning event=stale_data groups=robot3.telemetry:4 robots=1
ts=2026-09-15T04:10:57.200Z level=warning event=stale_data groups=event:3,robot3.modules:11,robot3.position:3,robot3.telemetry:4 robots=1
ts=2026-09-15T04:10:57.450Z level=warning event=stale_data groups=event:3,robot3.modules:11,robot3.position:3 robots=1
ts=2026-09-15T04:10:58.199Z level=warning event=stale_data groups=robot3.modules:11,robot3.position:3 robots=1
ts=2026-09-15T04:10:58.450Z level=warning event=stale_data groups=robot3.modules:11,robot3.position:3,robot3.telemetry:4 robots=1
ts=2026-09-15T04:10:58.699Z level=warning event=stale_data groups=event:3,robot3.telemetry:4 robots=1
ts=2026-09-15T04:10:59.200Z level=warning event=stale_data groups=robot3.modules:11,robot3.position:3,robot3.telemetry:4 robots=1
ts=2026-09-15T04:10:59.700Z level=warning event=stale_data groups=event:3,robot3.telemetry:4 robots=1
ts=2026-09-15T04:11:00.199Z level=warning event=stale_data groups=event:3,robot3.modules:11,robot3.position:3,robot3.telemetry:4 robots=1
ts=2026-09-15T04:11:00.699Z level=warning event=stale_data groups=event:3,robot3.telemetry:4 robots=1
ts=2026-09-15T04:11:01.200Z level=warning event=stale_data groups=event:3,robot3.modules:11,robot3.position:3,robot3.telemetry:4 robots=1
ts=2026-09-15T04:11:01.700Z level=warning event=stale_data groups=event:3,robot3.telemetry:4 robots=1
ts=2026-09-15T04:11:02.200Z level=warning event=stale_data groups=event:3,robot3.modules:11,robot3.position:3,robot3.telemetry:4 robots=1
ts=2026-09-15T04:11:02.699Z level=warning event=stale_data groups=event:3,robot3.telemetry:4 robots=1
ts=2026-09-15T04:11:03.199Z level=warning event=stale_data groups=event:3,robot3.modules:11,robot3.position:3,robot3.telemetry:4 robots=1
ts=2026-09-15T04:11:03.700Z level=warning event=stale_data groups=event:3,robot3.telemetry:4 robots=1
ts=2026-09-15T04:11:04.199Z level=warning event=stale_data groups=event:3,robot3.modules:11,robot3.position:3,robot3.telemetry:4 robots=1
ts=2026-09-15T04:11:04.700Z level=warning event=stale_data groups=event:3,robot3.telemetry:4 robots=1
ts=2026-09-15T04:11:05.200Z level=warning event=stale_data groups=event:3,robot3.modules:11,robot3.position:3,robot3.telemetry:4 robots=1
ts=2026-09-15T04:11:05.699Z level=warning event=stale_data groups=event:3,robot3.telemetry:4 robots=1
ts=2026-09-15T04:11:06.199Z level=warning event=stale_data groups=event:3,robot3.modules:11,robot3.position:3,robot3.telemetry:4 robots=1
ts=2026-09-15T04:11:06.699Z level=warning event=stale_data groups=event:3,robot3.telemetry:4 robots=1
ts=2026-09-15T04:11:07.200Z level=warning event=stale_data groups=robot3.modules:11,robot3.position:3,robot3.telemetry:4 robots=1
ts=2026-09-15T04:11:07.449Z level=warning event=stale_data groups=robot3.modules:11,robot3.position:3 robots=1
ts=2026-09-15T04:11:07.950Z level=warning event=stale_data groups=event:3 robots=1
ts=2026-09-15T04:11:08.200Z level=warning event=stale_data groups=event:3,robot3.modules:11,robot3.position:3,robot3.telemetry:4 robots=1
ts=2026-09-15T04:11:08.700Z level=warning event=stale_data groups=event:3,robot3.telemetry:4 robots=1
ts=2026-09-15T04:11:09.199Z level=warning event=stale_data groups=event:3,robot3.modules:11,robot3.position:3,robot3.telemetry:4 robots=1
ts=2026-09-15T04:11:09.700Z level=warning event=stale_data groups=event:3,robot3.telemetry:4 robots=1
ts=2026-09-15T04:11:10.200Z level=warning event=stale_data groups=event:3,robot3.modules:11,robot3.position:3,robot3.telemetry:4 robots=1
ts=2026-09-15T04:11:10.700Z level=warning event=stale_data groups=event:3,robot3.telemetry:4 robots=1
ts=2026-09-15T04:11:11.200Z level=warning event=stale_data groups=robot3.modules:11,robot3.position:3,robot3.telemetry:4 robots=1
ts=2026-09-15T04:11:12.200Z level=warning event=stale_data groups=event:3,robot3.modules:11,robot3.position:3 robots=1
ts=2026-09-15T04:11:13.200Z level=warning event=stale_data groups=robot3.modules:11,robot3.position:3,robot3.telemetry:4 robots=1
ts=2026-09-15T04:11:13.450Z level=warning event=stale_data groups=robot3.modules:11,robot3.position:3 robots=1
ts=2026-09-15T04:11:13.950Z level=warning event=stale_data groups=event:3 robots=1
ts=2026-09-15T04:11:14.200Z level=warning event=stale_data groups=event:3,robot3.modules:11,robot3.position:3,robot3.telemetry:4 robots=1
ts=2026-09-15T04:11:14.699Z level=warning event=stale_data groups=event:3,robot3.telemetry:4 robots=1
ts=2026-09-15T04:11:14.950Z level=warning event=stale_data groups=robot3.telemetry:4 robots=1
ts=2026-09-15T04:11:15.200Z level=warning event=stale_data groups=robot3.modules:11,robot3.position:3,robot3.telemetry:4 robots=1
ts=2026-09-15T04:11:15.449Z level=warning event=stale_data groups=event:3,robot3.modules:11,robot3.position:3,robot3.telemetry:4 robots=1
ts=2026-09-15T04:11:15.699Z level=warning event=stale_data groups=event:3,robot3.telemetry:4 robots=1
ts=2026-09-15T04:11:16.200Z level=warning event=stale_data groups=event:3,robot3.modules:11,robot3.position:3,robot3.telemetry:4 robots=1
ts=2026-09-15T04:11:16.450Z level=warning event=stale_data groups=robot3.modules:11,robot3.position:3 robots=1
ts=2026-09-15T04:11:16.950Z level=warning event=stale_data groups=event:3 robots=1
ts=2026-09-15T04:11:17.200Z level=warning event=stale_data groups=robot3.modules:11,robot3.position:3 robots=1
ts=2026-09-15T04:11:17.700Z level=warning event=stale_data groups=event:3,robot3.telemetry:4 robots=1
ts=2026-09-15T04:11:18.200Z level=warning event=stale_data groups=event:3,robot3.modules:11,robot3.position:3,robot3.telemetry:4 robots=1
ts=2026-09-15T04:11:18.699Z level=warning event=stale_data groups=robot3.telemetry:4 robots=1
ts=2026-09-15T04:11:19.199Z level=warning event=stale_data groups=event:3,robot3.modules:11,robot3.position:3,robot3.telemetry:4 robots=1
ts=2026-09-15T04:11:19.700Z level=warning event=stale_data groups=event:3,robot3.telemetry:4 robots=1
ts=2026-09-15T04:11:20.200Z level=warning event=stale_data groups=event:3,robot3.modules:11,robot3.position:3,robot3.telemetry:4 robots=1
ts=2026-09-15T04:11:20.450Z level=warning event=stale_data groups=robot3.modules:11,robot3.position:3,robot3.telemetry:4 robots=1
ts=2026-09-15T04:11:20.700Z level=warning event=stale_data groups=robot3.telemetry:4 robots=1
ts=2026-09-15T04:11:20.950Z level=warning event=stale_data groups=event:3,robot3.telemetry:4 robots=1
ts=2026-09-15T04:11:21.199Z level=warning event=stale_data groups=event:3,robot3.modules:11,robot3.position:3,robot3.telemetry:4 robots=1
ts=2026-09-15T04:11:21.700Z level=warning event=stale_data groups=event:3,robot3.telemetry:4 robots=1
ts=2026-09-15T04:11:22.200Z level=warning event=stale_data groups=event:3,robot3.modules:11,robot3.position:3,robot3.telemetry:4 robots=1
ts=2026-09-15T04:11:22.700Z level=warning event=stale_data groups=event:3,robot3.telemetry:4 robots=1
ts=2026-09-15T04:11:22.950Z level=warning event=stale_data groups=robot3.telemetry:4 robots=1
ts=2026-09-15T04:11:23.200Z level=warning event=stale_data groups=robot3.modules:11,robot3.position:3,robot3.telemetry:4 robots=1
ts=2026-09-15T04:11:23.450Z level=warning event=stale_data groups=event:3,robot3.modules:11,robot3.position:3,robot3.telemetry:4 robots=1
ts=2026-09-15T04:11:23.700Z level=warning event=stale_data groups=event:3,robot3.telemetry:4 robots=1
ts=2026-09-15T04:11:23.949Z level=warning event=stale_data groups=robot3.telemetry:4 robots=1
ts=2026-09-15T04:11:24.200Z level=warning event=stale_data groups=robot3.modules:11,robot3.position:3,robot3.telemetry:4 robots=1
ts=2026-09-15T04:11:24.450Z level=warning event=stale_data groups=event:3,robot3.modules:11,robot3.position:3,robot3.telemetry:4 robots=1
ts=2026-09-15T04:11:24.699Z level=warning event=stale_data groups=event:3,robot3.telemetry:4 robots=1
ts=2026-09-15T04:11:25.200Z level=warning event=stale_data groups=event:3,robot3.modules:11,robot3.position:3,robot3.telemetry:4 robots=1
ts=2026-09-15T04:11:25.700Z level=warning event=stale_data groups=event:3,robot3.telemetry:4 robots=1
ts=2026-09-15T04:11:26.199Z level=warning event=stale_data groups=event:3,robot3.modules:11,robot3.position:3,robot3.telemetry:4 robots=1
ts=2026-09-15T04:11:26.700Z level=warning event=stale_data groups=event:3,robot3.telemetry:4 robots=1
ts=2026-09-15T04:11:27.200Z level=warning event=stale_data groups=event:3,robot3.modules:11,robot3.position:3,robot3.telemetry:4 robots=1
ts=2026-09-15T04:11:27.698Z level=warning event=stale_data groups=event:3,robot3.telemetry:4 robots=1
ts=2026-09-15T04:11:28.199Z level=warning event=stale_data groups=event:3,robot3.modules:11,robot3.position:3,robot3.telemetry:4 robots=1
ts=2026-09-15T04:11:28.700Z level=warning event=stale_data groups=event:3,robot3.telemetry:4 robots=1
ts=2026-09-15T04:11:29.199Z level=warning event=stale_data groups=event:3,robot3.modules:11,robot3.position:3,robot3.telemetry:4 robots=1
ts=2026-09-15T04:11:29.449Z level=warning event=stale_data groups=robot3.modules:11,robot3.position:3,robot3.telemetry:4 robots=1
ts=2026-09-15T04:11:29.699Z level=warning event=stale_data groups=robot3.telemetry:4 robots=1
ts=2026-09-15T04:11:29.950Z level=warning event=stale_data groups=event:3,robot3.telemetry:4 robots=1
ts=2026-09-15T04:11:30.199Z level=warning event=stale_data groups=robot3.modules:11,robot3.position:3,robot3.telemetry:4 robots=1
ts=2026-09-15T04:11:30.700Z level=warning event=stale_data groups=robot3.telemetry:4 robots=1
ts=2026-09-15T04:11:30.949Z level=warning event=stale_data groups=event:3,robot3.telemetry:4 robots=1
ts=2026-09-15T04:11:31.200Z level=warning event=stale_data groups=event:3,robot3.modules:11,robot3.position:3,robot3.telemetry:4 robots=1
ts=2026-09-15T04:11:31.699Z level=warning event=stale_data groups=event:3,robot3.telemetry:4 robots=1
ts=2026-09-15T04:11:32.199Z level=warning event=stale_data groups=event:3,robot3.modules:11,robot3.position:3,robot3.telemetry:4 robots=1
ts=2026-09-15T04:11:32.699Z level=warning event=stale_data groups=event:3,robot3.telemetry:4 robots=1
ts=2026-09-15T04:11:33.200Z level=warning event=stale_data groups=event:3,robot3.modules:11,robot3.position:3,robot3.telemetry:4 robots=1
ts=2026-09-15T04:11:33.699Z level=warning event=stale_data groups=event:3,robot3.telemetry:4 robots=1
ts=2026-09-15T04:11:34.200Z level=warning event=stale_data groups=event:3,robot3.modules:11,robot3.position:3,robot3.telemetry:4 robots=1
ts=2026-09-15T04:11:34.699Z level=warning event=stale_data groups=event:3,robot3.telemetry:4 robots=1
ts=2026-09-15T04:11:35.200Z level=warning event=stale_data groups=event:3,robot3.modules:11,robot3.position:3,robot3.telemetry:4 robots=1
ts=2026-09-15T04:11:35.449Z level=warning event=stale_data groups=robot3.modules:11,robot3.position:3,robot3.telemetry:4 robots=1
ts=2026-09-15T04:11:35.699Z level=warning event=stale_data groups=robot3.telemetry:4 robots=1
ts=2026-09-15T04:11:36.199Z level=warning event=stale_data groups=event:3,robot3.modules:11,robot3.position:3,robot3.telemetry:4 robots=1
ts=2026-09-15T04:11:36.700Z level=warning event=stale_data groups=event:3,robot3.telemetry:4 robots=1
ts=2026-09-15T04:11:37.199Z level=warning event=stale_data groups=robot3.modules:11,robot3.position:3 robots=1
ts=2026-09-15T04:11:38.199Z level=warning event=stale_data groups=event:3,robot3.modules:11,robot3.position:3 robots=1
ts=2026-09-15T04:11:38.450Z level=warning event=stale_data groups=robot3.modules:11,robot3.position:3 robots=1
ts=2026-09-15T04:11:38.949Z level=warning event=stale_data groups=robot3.telemetry:4 robots=1
ts=2026-09-15T04:11:39.200Z level=warning event=stale_data groups=robot3.modules:11,robot3.position:3,robot3.telemetry:4 robots=1
ts=2026-09-15T04:11:39.699Z level=warning event=stale_data groups=event:3,robot3.telemetry:4 robots=1
ts=2026-09-15T04:11:39.949Z level=warning event=stale_data groups=robot3.telemetry:4 robots=1
ts=2026-09-15T04:11:40.199Z level=warning event=stale_data groups=robot3.modules:11,robot3.position:3,robot3.telemetry:4 robots=1
ts=2026-09-15T04:11:40.450Z level=warning event=stale_data groups=event:3,robot3.modules:11,robot3.position:3,robot3.telemetry:4 robots=1
ts=2026-09-15T04:11:40.699Z level=warning event=stale_data groups=event:3,robot3.telemetry:4 robots=1
ts=2026-09-15T04:11:41.200Z level=warning event=stale_data groups=robot3.modules:11,robot3.position:3 robots=1
ts=2026-09-15T04:11:41.449Z level=warning event=stale_data groups=event:3,robot3.modules:11,robot3.position:3 robots=1
ts=2026-09-15T04:11:41.699Z level=warning event=stale_data groups=event:3,robot3.telemetry:4 robots=1
ts=2026-09-15T04:11:42.199Z level=warning event=stale_data groups=event:3,robot3.modules:11,robot3.position:3,robot3.telemetry:4 robots=1
ts=2026-09-15T04:11:42.449Z level=warning event=stale_data groups=robot3.modules:11,robot3.position:3,robot3.telemetry:4 robots=1
ts=2026-09-15T04:11:42.699Z level=warning event=stale_data groups=robot3.telemetry:4 robots=1
ts=2026-09-15T04:11:42.949Z level=warning event=stale_data groups=event:3,robot3.telemetry:4 robots=1
ts=2026-09-15T04:11:43.199Z level=warning event=stale_data groups=event:3,robot3.modules:11,robot3.position:3,robot3.telemetry:4 robots=1
ts=2026-09-15T04:11:43.449Z level=warning event=stale_data groups=robot3.modules:11,robot3.position:3,robot3.telemetry:4 robots=1
ts=2026-09-15T04:11:43.700Z level=warning event=stale_data groups=robot3.telemetry:4 robots=1
ts=2026-09-15T04:11:44.199Z level=warning event=stale_data groups=event:3,robot3.modules:11,robot3.position:3,robot3.telemetry:4 robots=1
ts=2026-09-15T04:11:44.699Z level=warning event=stale_data groups=event:3,robot3.telemetry:4 robots=1
ts=2026-09-15T04:11:44.950Z level=warning event=stale_data groups=robot3.telemetry:4 robots=1
ts=2026-09-15T04:11:45.199Z level=warning event=stale_data groups=robot3.modules:11,robot3.position:3,robot3.telemetry:4 robots=1
ts=2026-09-15T04:11:45.449Z level=warning event=stale_data groups=event:3,robot3.modules:11,robot3.position:3,robot3.telemetry:4 robots=1
ts=2026-09-15T04:11:45.699Z level=warning event=stale_data groups=event:3,robot3.telemetry:4 robots=1
ts=2026-09-15T04:11:46.199Z level=warning event=stale_data groups=robot3.modules:11,robot3.position:3,robot3.telemetry:4 robots=1
ts=2026-09-15T04:11:46.700Z level=warning event=stale_data groups=event:3,robot3.telemetry:4 robots=1
ts=2026-09-15T04:11:47.199Z level=warning event=stale_data groups=robot3.modules:11,robot3.position:3,robot3.telemetry:4 robots=1
ts=2026-09-15T04:11:47.699Z level=warning event=stale_data groups=event:3,robot3.telemetry:4 robots=1
ts=2026-09-15T04:11:48.199Z level=warning event=stale_data groups=event:3,robot3.modules:11,robot3.position:3,robot3.telemetry:4 robots=1
ts=2026-09-15T04:11:48.449Z level=warning event=stale_data groups=robot3.modules:11,robot3.position:3,robot3.telemetry:4 robots=1
ts=2026-09-15T04:11:48.700Z level=warning event=stale_data groups=robot3.telemetry:4 robots=1
ts=2026-09-15T04:11:48.949Z level=warning event=stale_data groups=event:3,robot3.telemetry:4 robots=1
ts=2026-09-15T04:11:49.199Z level=warning event=stale_data groups=event:3,robot3.modules:11,robot3.position:3,robot3.telemetry:4 robots=1
ts=2026-09-15T04:11:49.699Z level=warning event=stale_data groups=event:3,robot3.telemetry:4 robots=1
ts=2026-09-15T04:11:50.199Z level=warning event=stale_data groups=event:3,robot3.modules:11,robot3.position:3,robot3.telemetry:4 robots=1
ts=2026-09-15T04:11:50.699Z level=warning event=stale_data groups=event:3,robot3.telemetry:4 robots=1
ts=2026-09-15T04:11:51.200Z level=warning event=stale_data groups=event:3,robot3.modules:11,robot3.position:3,robot3.telemetry:4 robots=1
ts=2026-09-15T04:11:51.699Z level=warning event=stale_data groups=robot3.telemetry:4 robots=1
ts=2026-09-15T04:11:52.199Z level=warning event=stale_data groups=event:3,robot3.modules:11,robot3.position:3,robot3.telemetry:4 robots=1
ts=2026-09-15T04:11:52.699Z level=warning event=stale_data groups=event:3,robot3.telemetry:4 robots=1
ts=2026-09-15T04:11:53.199Z level=warning event=stale_data groups=event:3,robot3.modules:11,robot3.position:3,robot3.telemetry:4 robots=1
ts=2026-09-15T04:11:53.699Z level=warning event=stale_data groups=event:3,robot3.telemetry:4 robots=1
ts=2026-09-15T04:11:54.199Z level=warning event=stale_data groups=event:3,robot3.modules:11,robot3.position:3,robot3.telemetry:4 robots=1
ts=2026-09-15T04:11:54.699Z level=warning event=stale_data groups=event:3,robot3.telemetry:4 robots=1
ts=2026-09-15T04:11:55.199Z level=warning event=stale_data groups=robot3.modules:11,robot3.position:3,robot3.telemetry:4 robots=1
ts=2026-09-15T04:11:55.700Z level=warning event=stale_data groups=event:3,robot3.telemetry:4 robots=1
ts=2026-09-15T04:11:56.199Z level=warning event=stale_data groups=robot3.modules:11,robot3.position:3,robot3.telemetry:4 robots=1
ts=2026-09-15T04:11:56.698Z level=warning event=stale_data groups=event:3,robot3.telemetry:4 robots=1
ts=2026-09-15T04:11:57.200Z level=warning event=stale_data groups=event:3,robot3.modules:11,robot3.position:3,robot3.telemetry:4 robots=1
ts=2026-09-15T04:11:57.698Z level=warning event=stale_data groups=robot3.telemetry:4 robots=1
ts=2026-09-15T04:11:58.198Z level=warning event=stale_data groups=robot3.modules:11,robot3.position:3 robots=1
ts=2026-09-15T04:11:58.699Z level=warning event=stale_data groups=event:3 robots=1
ts=2026-09-15T04:11:59.199Z level=warning event=stale_data groups=robot3.modules:11,robot3.position:3 robots=1
ts=2026-09-15T04:11:59.699Z level=warning event=stale_data groups=event:3 robots=1
ts=2026-09-15T04:11:59.949Z level=warning event=stale_data groups=event:3,robot3.telemetry:4 robots=1
ts=2026-09-15T04:12:00.198Z level=warning event=stale_data groups=event:3,robot3.modules:11,robot3.position:3,robot3.telemetry:4 robots=1
ts=2026-09-15T04:12:00.449Z level=warning event=stale_data groups=robot3.modules:11,robot3.position:3,robot3.telemetry:4 robots=1
ts=2026-09-15T04:12:00.699Z level=warning event=stale_data groups=robot3.telemetry:4 robots=1
ts=2026-09-15T04:12:00.949Z level=warning event=stale_data groups=event:3,robot3.telemetry:4 robots=1
ts=2026-09-15T04:12:01.199Z level=warning event=stale_data groups=event:3,robot3.modules:11,robot3.position:3,robot3.telemetry:4 robots=1
ts=2026-09-15T04:12:01.699Z level=warning event=stale_data groups=event:3,robot3.telemetry:4 robots=1
ts=2026-09-15T04:12:02.199Z level=warning event=stale_data groups=event:3,robot3.modules:11,robot3.position:3,robot3.telemetry:4 robots=1
ts=2026-09-15T04:12:02.700Z level=warning event=stale_data groups=event:3,robot3.telemetry:4 robots=1
ts=2026-09-15T04:12:02.950Z level=warning event=stale_data groups=robot3.telemetry:4 robots=1
ts=2026-09-15T04:12:03.199Z level=warning event=stale_data groups=robot3.modules:11,robot3.position:3,robot3.telemetry:4 robots=1
ts=2026-09-15T04:12:03.449Z level=warning event=stale_data groups=robot3.modules:11,robot3.position:3 robots=1
ts=2026-09-15T04:12:04.199Z level=warning event=stale_data groups=robot3.modules:11,robot3.position:3,robot3.telemetry:4 robots=1
ts=2026-09-15T04:12:04.449Z level=warning event=stale_data groups=event:3,robot3.modules:11,robot3.position:3,robot3.telemetry:4 robots=1
ts=2026-09-15T04:12:04.699Z level=warning event=stale_data groups=robot3.telemetry:4 robots=1
ts=2026-09-15T04:12:05.199Z level=warning event=stale_data groups=robot3.modules:11,robot3.position:3 robots=1
ts=2026-09-15T04:12:05.449Z level=warning event=stale_data groups=event:3,robot3.modules:11,robot3.position:3,robot3.telemetry:4 robots=1
ts=2026-09-15T04:12:05.698Z level=warning event=stale_data groups=event:3,robot3.telemetry:4 robots=1
ts=2026-09-15T04:12:06.199Z level=warning event=stale_data groups=robot3.modules:11,robot3.position:3 robots=1
ts=2026-09-15T04:12:06.699Z level=warning event=stale_data groups=event:3 robots=1
ts=2026-09-15T04:12:07.199Z level=warning event=stale_data groups=event:3,robot3.modules:11,robot3.position:3 robots=1
ts=2026-09-15T04:12:07.699Z level=warning event=stale_data groups=event:3 robots=1
ts=2026-09-15T04:12:07.950Z level=warning event=stale_data groups=robot3.telemetry:4 robots=1
ts=2026-09-15T04:12:08.198Z level=warning event=stale_data groups=robot3.modules:11,robot3.position:3,robot3.telemetry:4 robots=1
ts=2026-09-15T04:12:08.700Z level=warning event=stale_data groups=robot3.telemetry:4 robots=1
ts=2026-09-15T04:12:08.949Z level=warning event=stale_data groups=event:3,robot3.telemetry:4 robots=1
ts=2026-09-15T04:12:09.199Z level=warning event=stale_data groups=event:3,robot3.modules:11,robot3.position:3,robot3.telemetry:4 robots=1
ts=2026-09-15T04:12:09.699Z level=warning event=stale_data groups=event:3,robot3.telemetry:4 robots=1
ts=2026-09-15T04:12:09.949Z level=warning event=stale_data groups=robot3.telemetry:4 robots=1
ts=2026-09-15T04:12:10.199Z level=warning event=stale_data groups=robot3.modules:11,robot3.position:3,robot3.telemetry:4 robots=1
ts=2026-09-15T04:12:11.199Z level=warning event=stale_data groups=event:3,robot3.modules:11,robot3.position:3 robots=1
ts=2026-09-15T04:12:11.699Z level=warning event=stale_data groups=event:3 robots=1
ts=2026-09-15T04:12:12.199Z level=warning event=stale_data groups=robot3.modules:11,robot3.position:3 robots=1
ts=2026-09-15T04:12:12.449Z level=warning event=stale_data groups=event:3,robot3.modules:11,robot3.position:3,robot3.telemetry:4 robots=1
ts=2026-09-15T04:12:12.700Z level=warning event=stale_data groups=event:3,robot3.telemetry:4 robots=1
ts=2026-09-15T04:12:12.949Z level=warning event=stale_data groups=robot3.telemetry:4 robots=1
ts=2026-09-15T04:12:13.198Z level=warning event=stale_data groups=robot3.modules:11,robot3.position:3,robot3.telemetry:4 robots=1
ts=2026-09-15T04:12:13.449Z level=warning event=stale_data groups=event:3,robot3.modules:11,robot3.position:3,robot3.telemetry:4 robots=1
ts=2026-09-15T04:12:13.699Z level=warning event=stale_data groups=event:3,robot3.telemetry:4 robots=1
ts=2026-09-15T04:12:14.199Z level=warning event=stale_data groups=event:3,robot3.modules:11,robot3.position:3,robot3.telemetry:4 robots=1
ts=2026-09-15T04:12:14.449Z level=warning event=stale_data groups=robot3.modules:11,robot3.position:3 robots=1
ts=2026-09-15T04:12:14.950Z level=warning event=stale_data groups=event:3 robots=1
ts=2026-09-15T04:12:15.199Z level=warning event=stale_data groups=robot3.modules:11,robot3.position:3 robots=1
ts=2026-09-15T04:12:15.448Z level=warning event=stale_data groups=robot3.modules:11,robot3.position:3,robot3.telemetry:4 robots=1
ts=2026-09-15T04:12:15.699Z level=warning event=stale_data groups=event:3,robot3.telemetry:4 robots=1
ts=2026-09-15T04:12:16.199Z level=warning event=stale_data groups=robot3.modules:11,robot3.position:3,robot3.telemetry:4 robots=1
ts=2026-09-15T04:12:16.699Z level=warning event=stale_data groups=event:3,robot3.telemetry:4 robots=1
ts=2026-09-15T04:12:17.199Z level=warning event=stale_data groups=event:3,robot3.modules:11,robot3.position:3,robot3.telemetry:4 robots=1
ts=2026-09-15T04:12:17.699Z level=warning event=stale_data groups=robot3.telemetry:4 robots=1
ts=2026-09-15T04:12:18.199Z level=warning event=stale_data groups=event:3,robot3.modules:11,robot3.position:3,robot3.telemetry:4 robots=1
ts=2026-09-15T04:12:18.450Z level=warning event=stale_data groups=robot3.modules:11,robot3.position:3,robot3.telemetry:4 robots=1
ts=2026-09-15T04:12:18.699Z level=warning event=stale_data groups=robot3.telemetry:4 robots=1
ts=2026-09-15T04:12:19.200Z level=warning event=stale_data groups=robot3.modules:11,robot3.position:3 robots=1
ts=2026-09-15T04:12:19.449Z level=warning event=stale_data groups=event:3,robot3.modules:11,robot3.position:3 robots=1
ts=2026-09-15T04:12:19.700Z level=warning event=stale_data groups=event:3 robots=1
ts=2026-09-15T04:12:20.199Z level=warning event=stale_data groups=event:3,robot3.modules:11,robot3.position:3 robots=1
ts=2026-09-15T04:12:20.699Z level=warning event=stale_data groups=event:3 robots=1
ts=2026-09-15T04:12:21.199Z level=warning event=stale_data groups=event:3,robot3.modules:11,robot3.position:3 robots=1
ts=2026-09-15T04:12:21.699Z level=warning event=stale_data groups=event:3 robots=1
ts=2026-09-15T04:12:21.949Z level=warning event=stale_data groups=robot3.telemetry:4 robots=1
ts=2026-09-15T04:12:22.199Z level=warning event=stale_data groups=robot3.modules:11,robot3.position:3 robots=1
ts=2026-09-15T04:12:22.699Z level=warning event=stale_data groups=event:3 robots=1
ts=2026-09-15T04:12:23.199Z level=warning event=stale_data groups=event:3,robot3.modules:11,robot3.position:3 robots=1
ts=2026-09-15T04:12:24.199Z level=warning event=stale_data groups=event:3,robot3.modules:11,robot3.position:3 robots=1
ts=2026-09-15T04:12:24.449Z level=warning event=stale_data groups=robot3.modules:11,robot3.position:3 robots=1
ts=2026-09-15T04:12:24.949Z level=warning event=stale_data groups=event:3 robots=1
ts=2026-09-15T04:12:25.199Z level=warning event=stale_data groups=event:3,robot3.modules:11,robot3.position:3 robots=1
ts=2026-09-15T04:12:25.699Z level=warning event=stale_data groups=event:3 robots=1
ts=2026-09-15T04:12:26.199Z level=warning event=stale_data groups=robot3.modules:11,robot3.position:3 robots=1
ts=2026-09-15T04:12:27.198Z level=warning event=stale_data groups=robot3.modules:11,robot3.position:3 robots=1
ts=2026-09-15T04:12:27.700Z level=warning event=stale_data groups=event:3 robots=1
ts=2026-09-15T04:12:28.199Z level=warning event=stale_data groups=event:3,robot3.modules:11,robot3.position:3 robots=1
ts=2026-09-15T04:12:28.699Z level=warning event=stale_data groups=event:3 robots=1
ts=2026-09-15T04:12:29.198Z level=warning event=stale_data groups=event:3,robot3.modules:11,robot3.position:3 robots=1
ts=2026-09-15T04:12:29.699Z level=warning event=stale_data groups=event:3 robots=1
ts=2026-09-15T04:12:30.199Z level=warning event=stale_data groups=event:3,robot3.modules:11,robot3.position:3,robot3.telemetry:4 robots=1
ts=2026-09-15T04:12:30.449Z level=warning event=stale_data groups=robot3.modules:11,robot3.position:3,robot3.telemetry:4 robots=1
ts=2026-09-15T04:12:31.199Z level=warning event=stale_data groups=event:3,robot3.modules:11,robot3.position:3 robots=1
ts=2026-09-15T04:12:31.699Z level=warning event=stale_data groups=robot3.telemetry:4 robots=1
ts=2026-09-15T04:12:32.199Z level=warning event=stale_data groups=event:3,robot3.modules:11,robot3.position:3,robot3.telemetry:4 robots=1
ts=2026-09-15T04:12:32.450Z level=warning event=stale_data groups=robot3.modules:11,robot3.position:3,robot3.telemetry:4 robots=1
ts=2026-09-15T04:12:32.700Z level=warning event=stale_data groups=robot3.telemetry:4 robots=1
ts=2026-09-15T04:12:33.199Z level=warning event=stale_data groups=robot3.modules:11,robot3.position:3,robot3.telemetry:4 robots=1
ts=2026-09-15T04:12:33.699Z level=warning event=stale_data groups=robot3.telemetry:4 robots=1
ts=2026-09-15T04:12:33.950Z level=warning event=stale_data groups=event:3,robot3.telemetry:4 robots=1
ts=2026-09-15T04:12:34.199Z level=warning event=stale_data groups=event:3,robot3.modules:11,robot3.position:3,robot3.telemetry:4 robots=1
ts=2026-09-15T04:12:34.700Z level=warning event=stale_data groups=event:3,robot3.telemetry:4 robots=1
ts=2026-09-15T04:12:34.949Z level=warning event=stale_data groups=robot3.telemetry:4 robots=1
ts=2026-09-15T04:12:35.199Z level=warning event=stale_data groups=robot3.modules:11,robot3.position:3,robot3.telemetry:4 robots=1
ts=2026-09-15T04:12:35.449Z level=warning event=stale_data groups=robot3.modules:11,robot3.position:3 robots=1
ts=2026-09-15T04:12:36.199Z level=warning event=stale_data groups=robot3.modules:11,robot3.position:3,robot3.telemetry:4 robots=1
ts=2026-09-15T04:12:36.449Z level=warning event=stale_data groups=event:3,robot3.modules:11,robot3.position:3,robot3.telemetry:4 robots=1
ts=2026-09-15T04:12:36.699Z level=warning event=stale_data groups=event:3,robot3.telemetry:4 robots=1
ts=2026-09-15T04:12:36.948Z level=warning event=stale_data groups=robot3.telemetry:4 robots=1
ts=2026-09-15T04:12:37.200Z level=warning event=stale_data groups=robot3.modules:11,robot3.position:3,robot3.telemetry:4 robots=1
ts=2026-09-15T04:12:37.449Z level=warning event=stale_data groups=event:3,robot3.modules:11,robot3.position:3,robot3.telemetry:4 robots=1
ts=2026-09-15T04:12:37.699Z level=warning event=stale_data groups=event:3,robot3.telemetry:4 robots=1
ts=2026-09-15T04:12:38.200Z level=warning event=stale_data groups=event:3,robot3.modules:11,robot3.position:3,robot3.telemetry:4 robots=1
ts=2026-09-15T04:12:38.699Z level=warning event=stale_data groups=event:3,robot3.telemetry:4 robots=1
ts=2026-09-15T04:12:38.949Z level=warning event=stale_data groups=robot3.telemetry:4 robots=1
ts=2026-09-15T04:12:39.200Z level=warning event=stale_data groups=robot3.modules:11,robot3.position:3,robot3.telemetry:4 robots=1
ts=2026-09-15T04:12:39.449Z level=warning event=stale_data groups=event:3,robot3.modules:11,robot3.position:3,robot3.telemetry:4 robots=1
ts=2026-09-15T04:12:39.699Z level=warning event=stale_data groups=event:3,robot3.telemetry:4 robots=1
ts=2026-09-15T04:12:40.198Z level=warning event=stale_data groups=event:3,robot3.modules:11,robot3.position:3,robot3.telemetry:4 robots=1
ts=2026-09-15T04:12:40.699Z level=warning event=stale_data groups=event:3,robot3.telemetry:4 robots=1
ts=2026-09-15T04:12:40.950Z level=warning event=stale_data groups=robot3.telemetry:4 robots=1
ts=2026-09-15T04:12:41.200Z level=warning event=stale_data groups=robot3.modules:11,robot3.position:3,robot3.telemetry:4 robots=1
ts=2026-09-15T04:12:41.698Z level=warning event=stale_data groups=event:3,robot3.telemetry:4 robots=1
ts=2026-09-15T04:12:42.199Z level=warning event=stale_data groups=robot3.modules:11,robot3.position:3,robot3.telemetry:4 robots=1
ts=2026-09-15T04:12:42.699Z level=warning event=stale_data groups=event:3,robot3.telemetry:4 robots=1
ts=2026-09-15T04:12:43.199Z level=warning event=stale_data groups=event:3,robot3.modules:11,robot3.position:3,robot3.telemetry:4 robots=1
ts=2026-09-15T04:12:43.699Z level=warning event=stale_data groups=robot3.telemetry:4 robots=1
ts=2026-09-15T04:12:44.199Z level=warning event=stale_data groups=event:3,robot3.modules:11,robot3.position:3,robot3.telemetry:4 robots=1
ts=2026-09-15T04:12:44.699Z level=warning event=stale_data groups=event:3,robot3.telemetry:4 robots=1
ts=2026-09-15T04:12:45.200Z level=warning event=stale_data groups=event:3,robot3.modules:11,robot3.position:3,robot3.telemetry:4 robots=1
ts=2026-09-15T04:12:45.449Z level=warning event=stale_data groups=robot3.modules:11,robot3.position:3 robots=1
ts=2026-09-15T04:12:46.198Z level=warning event=stale_data groups=robot3.modules:11,robot3.position:3 robots=1
ts=2026-09-15T04:12:46.450Z level=warning event=stale_data groups=event:3,robot3.modules:11,robot3.position:3 robots=1
ts=2026-09-15T04:12:47.199Z level=warning event=stale_data groups=event:3,robot3.modules:11,robot3.position:3 robots=1
ts=2026-09-15T04:12:47.449Z level=warning event=stale_data groups=robot3.modules:11,robot3.position:3 robots=1
ts=2026-09-15T04:12:47.949Z level=warning event=stale_data groups=event:3 robots=1
ts=2026-09-15T04:12:48.199Z level=warning event=stale_data groups=event:3,robot3.modules:11,robot3.position:3 robots=1
ts=2026-09-15T04:12:48.699Z level=warning event=stale_data groups=event:3 robots=1
ts=2026-09-15T04:12:48.949Z level=warning event=stale_data groups=event:3,robot3.telemetry:4 robots=1
ts=2026-09-15T04:12:49.199Z level=warning event=stale_data groups=robot3.modules:11,robot3.position:3 robots=1
ts=2026-09-15T04:12:50.199Z level=warning event=stale_data groups=event:3,robot3.modules:11,robot3.position:3,robot3.telemetry:4 robots=1
ts=2026-09-15T04:12:50.699Z level=warning event=stale_data groups=robot3.telemetry:4 robots=1
ts=2026-09-15T04:12:51.199Z level=warning event=stale_data groups=event:3,robot3.modules:11,robot3.position:3,robot3.telemetry:4 robots=1
ts=2026-09-15T04:12:51.699Z level=warning event=stale_data groups=event:3,robot3.telemetry:4 robots=1
ts=2026-09-15T04:12:51.949Z level=warning event=stale_data groups=robot3.telemetry:4 robots=1
ts=2026-09-15T04:12:52.200Z level=warning event=stale_data groups=robot3.modules:11,robot3.position:3,robot3.telemetry:4 robots=1
ts=2026-09-15T04:12:52.449Z level=warning event=stale_data groups=event:3,robot3.modules:11,robot3.position:3,robot3.telemetry:4 robots=1
ts=2026-09-15T04:12:52.699Z level=warning event=stale_data groups=event:3,robot3.telemetry:4 robots=1
ts=2026-09-15T04:12:53.199Z level=warning event=stale_data groups=event:3,robot3.modules:11,robot3.position:3,robot3.telemetry:4 robots=1
ts=2026-09-15T04:12:53.699Z level=warning event=stale_data groups=event:3,robot3.telemetry:4 robots=1
ts=2026-09-15T04:12:54.199Z level=warning event=stale_data groups=robot3.modules:11,robot3.position:3 robots=1
ts=2026-09-15T04:12:54.699Z level=warning event=stale_data groups=event:3 robots=1
ts=2026-09-15T04:12:55.199Z level=warning event=stale_data groups=event:3,robot3.modules:11,robot3.position:3 robots=1
ts=2026-09-15T04:12:56.199Z level=warning event=stale_data groups=robot3.modules:11,robot3.position:3 robots=1
ts=2026-09-15T04:12:56.699Z level=warning event=stale_data groups=event:3,robot3.telemetry:4 robots=1
ts=2026-09-15T04:12:57.199Z level=warning event=stale_data groups=robot3.modules:11,robot3.position:3,robot3.telemetry:4 robots=1
ts=2026-09-15T04:12:57.449Z level=warning event=stale_data groups=robot3.modules:11,robot3.position:3 robots=1
ts=2026-09-15T04:12:57.950Z level=warning event=stale_data groups=event:3 robots=1
ts=2026-09-15T04:12:58.200Z level=warning event=stale_data groups=event:3,robot3.modules:11,robot3.position:3 robots=1
ts=2026-09-15T04:12:58.699Z level=warning event=stale_data groups=event:3 robots=1
ts=2026-09-15T04:12:58.950Z level=warning event=stale_data groups=robot3.telemetry:4 robots=1
ts=2026-09-15T04:12:59.198Z level=warning event=stale_data groups=robot3.modules:11,robot3.position:3,robot3.telemetry:4 robots=1
ts=2026-09-15T04:12:59.450Z level=warning event=stale_data groups=event:3,robot3.modules:11,robot3.position:3,robot3.telemetry:4 robots=1
ts=2026-09-15T04:12:59.700Z level=warning event=stale_data groups=event:3,robot3.telemetry:4 robots=1
ts=2026-09-15T04:13:00.199Z level=warning event=stale_data groups=event:3,robot3.modules:11,robot3.position:3,robot3.telemetry:4 robots=1
ts=2026-09-15T04:13:00.699Z level=warning event=stale_data groups=event:3,robot3.telemetry:4 robots=1
ts=2026-09-15T04:13:01.199Z level=warning event=stale_data groups=event:3,robot3.modules:11,robot3.position:3,robot3.telemetry:4 robots=1
ts=2026-09-15T04:13:01.699Z level=warning event=stale_data groups=event:3,robot3.telemetry:4 robots=1
ts=2026-09-15T04:13:01.948Z level=warning event=stale_data groups=robot3.telemetry:4 robots=1
ts=2026-09-15T04:13:02.200Z level=warning event=stale_data groups=robot3.modules:11,robot3.position:3,robot3.telemetry:4 robots=1
ts=2026-09-15T04:13:02.700Z level=warning event=stale_data groups=robot3.telemetry:4 robots=1
ts=2026-09-15T04:13:03.199Z level=warning event=stale_data groups=robot3.modules:11,robot3.position:3,robot3.telemetry:4 robots=1
ts=2026-09-15T04:13:03.449Z level=warning event=stale_data groups=event:3,robot3.modules:11,robot3.position:3,robot3.telemetry:4 robots=1
ts=2026-09-15T04:13:03.700Z level=warning event=stale_data groups=event:3,robot3.telemetry:4 robots=1
ts=2026-09-15T04:13:04.199Z level=warning event=stale_data groups=event:3,robot3.modules:11,robot3.position:3,robot3.telemetry:4 robots=1
ts=2026-09-15T04:13:04.699Z level=warning event=stale_data groups=event:3,robot3.telemetry:4 robots=1
ts=2026-09-15T04:13:05.198Z level=warning event=stale_data groups=event:3,robot3.modules:11,robot3.position:3,robot3.telemetry:4 robots=1
ts=2026-09-15T04:13:05.449Z level=warning event=stale_data groups=robot3.modules:11,robot3.position:3,robot3.telemetry:4 robots=1
ts=2026-09-15T04:13:05.699Z level=warning event=stale_data groups=robot3.telemetry:4 robots=1
ts=2026-09-15T04:13:06.200Z level=warning event=stale_data groups=robot3.modules:11,robot3.position:3 robots=1
ts=2026-09-15T04:13:06.449Z level=warning event=stale_data groups=event:3,robot3.modules:11,robot3.position:3 robots=1
ts=2026-09-15T04:13:06.700Z level=warning event=stale_data groups=event:3 robots=1
ts=2026-09-15T04:13:07.198Z level=warning event=stale_data groups=event:3,robot3.modules:11,robot3.position:3 robots=1
ts=2026-09-15T04:13:07.700Z level=warning event=stale_data groups=event:3 robots=1
ts=2026-09-15T04:13:08.199Z level=warning event=stale_data groups=robot3.modules:11,robot3.position:3 robots=1
ts=2026-09-15T04:13:08.699Z level=warning event=stale_data groups=event:3,robot3.telemetry:4 robots=1
ts=2026-09-15T04:13:09.199Z level=warning event=stale_data groups=robot3.modules:11,robot3.position:3 robots=1
ts=2026-09-15T04:13:09.699Z level=warning event=stale_data groups=event:3 robots=1
ts=2026-09-15T04:13:10.200Z level=warning event=stale_data groups=event:3,robot3.modules:11,robot3.position:3 robots=1
ts=2026-09-15T04:13:10.449Z level=warning event=stale_data groups=event:3,robot3.modules:11,robot3.position:3,robot3.telemetry:4 robots=1
ts=2026-09-15T04:13:10.700Z level=warning event=stale_data groups=event:3,robot3.telemetry:4 robots=1
ts=2026-09-15T04:13:11.199Z level=warning event=stale_data groups=robot3.modules:11,robot3.position:3 robots=1
ts=2026-09-15T04:13:12.199Z level=warning event=stale_data groups=event:3,robot3.modules:11,robot3.position:3 robots=1
ts=2026-09-15T04:13:12.450Z level=warning event=stale_data groups=robot3.modules:11,robot3.position:3 robots=1
ts=2026-09-15T04:13:12.949Z level=warning event=stale_data groups=event:3 robots=1
ts=2026-09-15T04:13:13.200Z level=warning event=stale_data groups=event:3,robot3.modules:11,robot3.position:3 robots=1
ts=2026-09-15T04:13:14.199Z level=warning event=stale_data groups=event:3,robot3.modules:11,robot3.position:3 robots=1
ts=2026-09-15T04:13:14.449Z level=warning event=stale_data groups=robot3.modules:11,robot3.position:3 robots=1
ts=2026-09-15T04:13:14.950Z level=warning event=stale_data groups=event:3 robots=1
ts=2026-09-15T04:13:15.200Z level=warning event=stale_data groups=event:3,robot3.modules:11,robot3.position:3,robot3.telemetry:4 robots=1
ts=2026-09-15T04:13:15.450Z level=warning event=stale_data groups=robot3.modules:11,robot3.position:3,robot3.telemetry:4 robots=1
ts=2026-09-15T04:13:15.700Z level=warning event=stale_data groups=robot3.telemetry:4 robots=1
ts=2026-09-15T04:13:15.949Z level=warning event=stale_data groups=event:3,robot3.telemetry:4 robots=1
ts=2026-09-15T04:13:16.199Z level=warning event=stale_data groups=event:3,robot3.modules:11,robot3.position:3,robot3.telemetry:4 robots=1
ts=2026-09-15T04:13:16.699Z level=warning event=stale_data groups=event:3,robot3.telemetry:4 robots=1
ts=2026-09-15T04:13:17.199Z level=warning event=stale_data groups=event:3,robot3.modules:11,robot3.position:3,robot3.telemetry:4 robots=1
ts=2026-09-15T04:13:17.699Z level=warning event=stale_data groups=event:3,robot3.telemetry:4 robots=1
ts=2026-09-15T04:13:18.200Z level=warning event=stale_data groups=event:3,robot3.modules:11,robot3.position:3,robot3.telemetry:4 robots=1
ts=2026-09-15T04:13:18.699Z level=warning event=stale_data groups=event:3,robot3.telemetry:4 robots=1
ts=2026-09-15T04:13:19.200Z level=warning event=stale_data groups=event:3,robot3.modules:11,robot3.position:3,robot3.telemetry:4 robots=1
ts=2026-09-15T04:13:19.699Z level=warning event=stale_data groups=event:3,robot3.telemetry:4 robots=1
ts=2026-09-15T04:13:20.199Z level=warning event=stale_data groups=robot3.modules:11,robot3.position:3,robot3.telemetry:4 robots=1
ts=2026-09-15T04:13:20.699Z level=warning event=stale_data groups=event:3,robot3.telemetry:4 robots=1
ts=2026-09-15T04:13:21.199Z level=warning event=stale_data groups=event:3,robot3.modules:11,robot3.position:3,robot3.telemetry:4 robots=1
ts=2026-09-15T04:13:21.449Z level=warning event=stale_data groups=robot3.modules:11,robot3.position:3,robot3.telemetry:4 robots=1
ts=2026-09-15T04:13:21.700Z level=warning event=stale_data groups=robot3.telemetry:4 robots=1
ts=2026-09-15T04:13:22.200Z level=warning event=stale_data groups=event:3,robot3.modules:11,robot3.position:3,robot3.telemetry:4 robots=1
ts=2026-09-15T04:13:22.699Z level=warning event=stale_data groups=event:3,robot3.telemetry:4 robots=1
ts=2026-09-15T04:13:23.198Z level=warning event=stale_data groups=event:3,robot3.modules:11,robot3.position:3,robot3.telemetry:4 robots=1
ts=2026-09-15T04:13:23.450Z level=warning event=stale_data groups=robot3.modules:11,robot3.position:3,robot3.telemetry:4 robots=1
ts=2026-09-15T04:13:23.699Z level=warning event=stale_data groups=robot3.telemetry:4 robots=1
ts=2026-09-15T04:13:23.949Z level=warning event=stale_data groups=event:3,robot3.telemetry:4 robots=1
ts=2026-09-15T04:13:24.199Z level=warning event=stale_data groups=event:3,robot3.modules:11,robot3.position:3,robot3.telemetry:4 robots=1
ts=2026-09-15T04:13:24.699Z level=warning event=stale_data groups=event:3,robot3.telemetry:4 robots=1
ts=2026-09-15T04:13:24.948Z level=warning event=stale_data groups=robot3.telemetry:4 robots=1
ts=2026-09-15T04:13:25.200Z level=warning event=stale_data groups=robot3.modules:11,robot3.position:3,robot3.telemetry:4 robots=1
ts=2026-09-15T04:13:25.449Z level=warning event=stale_data groups=event:3,robot3.modules:11,robot3.position:3,robot3.telemetry:4 robots=1
ts=2026-09-15T04:13:25.699Z level=warning event=stale_data groups=event:3,robot3.telemetry:4 robots=1
ts=2026-09-15T04:13:26.199Z level=warning event=stale_data groups=event:3,robot3.modules:11,robot3.position:3,robot3.telemetry:4 robots=1
ts=2026-09-15T04:13:26.700Z level=warning event=stale_data groups=event:3,robot3.telemetry:4 robots=1
ts=2026-09-15T04:13:27.199Z level=warning event=stale_data groups=event:3,robot3.modules:11,robot3.position:3,robot3.telemetry:4 robots=1
ts=2026-09-15T04:13:27.699Z level=warning event=stale_data groups=event:3,robot3.telemetry:4 robots=1
ts=2026-09-15T04:13:28.199Z level=warning event=stale_data groups=event:3,robot3.modules:11,robot3.position:3,robot3.telemetry:4 robots=1
ts=2026-09-15T04:13:28.449Z level=warning event=stale_data groups=robot3.modules:11,robot3.position:3,robot3.telemetry:4 robots=1
ts=2026-09-15T04:13:28.700Z level=warning event=stale_data groups=robot3.telemetry:4 robots=1
ts=2026-09-15T04:13:29.199Z level=warning event=stale_data groups=robot3.modules:11,robot3.position:3 robots=1
ts=2026-09-15T04:13:29.449Z level=warning event=stale_data groups=event:3,robot3.modules:11,robot3.position:3 robots=1
ts=2026-09-15T04:13:30.199Z level=warning event=stale_data groups=robot3.modules:11,robot3.position:3 robots=1
ts=2026-09-15T04:13:30.449Z level=warning event=stale_data groups=event:3,robot3.modules:11,robot3.position:3 robots=1
ts=2026-09-15T04:13:30.700Z level=warning event=stale_data groups=event:3,robot3.telemetry:4 robots=1
ts=2026-09-15T04:13:31.200Z level=warning event=stale_data groups=event:3,robot3.modules:11,robot3.position:3,robot3.telemetry:4 robots=1
ts=2026-09-15T04:13:31.699Z level=warning event=stale_data groups=event:3,robot3.telemetry:4 robots=1
ts=2026-09-15T04:13:31.950Z level=warning event=stale_data groups=robot3.telemetry:4 robots=1
ts=2026-09-15T04:13:32.200Z level=warning event=stale_data groups=robot3.modules:11,robot3.position:3,robot3.telemetry:4 robots=1
ts=2026-09-15T04:13:32.449Z level=warning event=stale_data groups=event:3,robot3.modules:11,robot3.position:3,robot3.telemetry:4 robots=1
ts=2026-09-15T04:13:32.699Z level=warning event=stale_data groups=event:3,robot3.telemetry:4 robots=1
ts=2026-09-15T04:13:33.199Z level=warning event=stale_data groups=event:3,robot3.modules:11,robot3.position:3,robot3.telemetry:4 robots=1
ts=2026-09-15T04:13:33.700Z level=warning event=stale_data groups=event:3,robot3.telemetry:4 robots=1
ts=2026-09-15T04:13:34.199Z level=warning event=stale_data groups=event:3,robot3.modules:11,robot3.position:3,robot3.telemetry:4 robots=1
ts=2026-09-15T04:13:34.699Z level=warning event=stale_data groups=event:3,robot3.telemetry:4 robots=1
ts=2026-09-15T04:13:35.200Z level=warning event=stale_data groups=event:3,robot3.modules:11,robot3.position:3,robot3.telemetry:4 robots=1
ts=2026-09-15T04:13:35.699Z level=warning event=stale_data groups=event:3,robot3.telemetry:4 robots=1
ts=2026-09-15T04:13:36.199Z level=warning event=stale_data groups=event:3,robot3.modules:11,robot3.position:3,robot3.telemetry:4 robots=1
ts=2026-09-15T04:13:36.450Z level=warning event=stale_data groups=robot3.modules:11,robot3.position:3,robot3.telemetry:4 robots=1
ts=2026-09-15T04:13:36.699Z level=warning event=stale_data groups=robot3.telemetry:4 robots=1
ts=2026-09-15T04:13:36.950Z level=warning event=stale_data groups=event:3,robot3.telemetry:4 robots=1
ts=2026-09-15T04:13:37.200Z level=warning event=stale_data groups=event:3,robot3.modules:11,robot3.position:3,robot3.telemetry:4 robots=1
ts=2026-09-15T04:13:37.699Z level=warning event=stale_data groups=event:3,robot3.telemetry:4 robots=1
ts=2026-09-15T04:13:38.199Z level=warning event=stale_data groups=event:3,robot3.modules:11,robot3.position:3,robot3.telemetry:4 robots=1
ts=2026-09-15T04:13:38.700Z level=warning event=stale_data groups=event:3,robot3.telemetry:4 robots=1
ts=2026-09-15T04:13:38.949Z level=warning event=stale_data groups=robot3.telemetry:4 robots=1
ts=2026-09-15T04:13:39.199Z level=warning event=stale_data groups=robot3.modules:11,robot3.position:3 robots=1
ts=2026-09-15T04:13:39.699Z level=warning event=stale_data groups=event:3 robots=1
ts=2026-09-15T04:13:39.949Z level=warning event=stale_data groups=event:3,robot3.telemetry:4 robots=1
ts=2026-09-15T04:13:40.200Z level=warning event=stale_data groups=event:3,robot3.modules:11,robot3.position:3,robot3.telemetry:4 robots=1
ts=2026-09-15T04:13:40.699Z level=warning event=stale_data groups=event:3,robot3.telemetry:4 robots=1
ts=2026-09-15T04:13:40.949Z level=warning event=stale_data groups=robot3.telemetry:4 robots=1
ts=2026-09-15T04:13:41.198Z level=warning event=stale_data groups=robot3.modules:11,robot3.position:3 robots=1
ts=2026-09-15T04:13:41.699Z level=warning event=stale_data groups=event:3 robots=1
ts=2026-09-15T04:13:42.199Z level=warning event=stale_data groups=event:3,robot3.modules:11,robot3.position:3 robots=1
ts=2026-09-15T04:13:42.450Z level=warning event=stale_data groups=robot3.modules:11,robot3.position:3 robots=1
ts=2026-09-15T04:13:43.198Z level=warning event=stale_data groups=robot3.modules:11,robot3.position:3 robots=1
ts=2026-09-15T04:13:43.950Z level=warning event=stale_data groups=event:3 robots=1
ts=2026-09-15T04:13:44.200Z level=warning event=stale_data groups=event:3,robot3.modules:11,robot3.position:3 robots=1
ts=2026-09-15T04:13:44.449Z level=warning event=stale_data groups=event:3,robot3.modules:11,robot3.position:3,robot3.telemetry:4 robots=1
ts=2026-09-15T04:13:45.199Z level=warning event=stale_data groups=event:3,robot3.modules:11,robot3.position:3,robot3.telemetry:4 robots=1
ts=2026-09-15T04:13:45.450Z level=warning event=stale_data groups=robot3.modules:11,robot3.position:3 robots=1
ts=2026-09-15T04:13:45.949Z level=warning event=stale_data groups=event:3 robots=1
ts=2026-09-15T04:13:46.199Z level=warning event=stale_data groups=event:3,robot3.modules:11,robot3.position:3,robot3.telemetry:4 robots=1
ts=2026-09-15T04:13:46.449Z level=warning event=stale_data groups=robot3.modules:11,robot3.position:3 robots=1
ts=2026-09-15T04:13:47.199Z level=warning event=stale_data groups=robot3.modules:11,robot3.position:3 robots=1
ts=2026-09-15T04:13:48.199Z level=warning event=stale_data groups=robot3.modules:11,robot3.position:3 robots=1
ts=2026-09-15T04:13:48.949Z level=warning event=stale_data groups=event:3,robot3.telemetry:4 robots=1
ts=2026-09-15T04:13:49.199Z level=warning event=stale_data groups=event:3,robot3.modules:11,robot3.position:3,robot3.telemetry:4 robots=1
ts=2026-09-15T04:13:49.699Z level=warning event=stale_data groups=event:3,robot3.telemetry:4 robots=1
ts=2026-09-15T04:13:50.199Z level=warning event=stale_data groups=event:3,robot3.modules:11,robot3.position:3,robot3.telemetry:4 robots=1
ts=2026-09-15T04:13:50.700Z level=warning event=stale_data groups=robot3.telemetry:4 robots=1
ts=2026-09-15T04:13:51.199Z level=warning event=stale_data groups=robot3.modules:11,robot3.position:3,robot3.telemetry:4 robots=1
ts=2026-09-15T04:13:51.699Z level=warning event=stale_data groups=robot3.telemetry:4 robots=1
ts=2026-09-15T04:13:51.950Z level=warning event=stale_data groups=event:3,robot3.telemetry:4 robots=1
ts=2026-09-15T04:13:52.199Z level=warning event=stale_data groups=event:3,robot3.modules:11,robot3.position:3,robot3.telemetry:4 robots=1
ts=2026-09-15T04:13:52.699Z level=warning event=stale_data groups=robot3.telemetry:4 robots=1
ts=2026-09-15T04:13:53.200Z level=warning event=stale_data groups=event:3,robot3.modules:11,robot3.position:3,robot3.telemetry:4 robots=1
ts=2026-09-15T04:13:53.699Z level=warning event=stale_data groups=event:3,robot3.telemetry:4 robots=1
ts=2026-09-15T04:13:54.199Z level=warning event=stale_data groups=robot3.modules:11,robot3.position:3,robot3.telemetry:4 robots=1
ts=2026-09-15T04:13:54.699Z level=warning event=stale_data groups=event:3,robot3.telemetry:4 robots=1
ts=2026-09-15T04:13:55.199Z level=warning event=stale_data groups=event:3,robot3.modules:11,robot3.position:3,robot3.telemetry:4 robots=1
ts=2026-09-15T04:13:55.699Z level=warning event=stale_data groups=event:3,robot3.telemetry:4 robots=1
ts=2026-09-15T04:13:56.201Z level=warning event=stale_data groups=robot3.modules:11,robot3.position:3,robot3.telemetry:4 robots=1
ts=2026-09-15T04:13:56.699Z level=warning event=stale_data groups=event:3,robot3.telemetry:4 robots=1
ts=2026-09-15T04:13:57.199Z level=warning event=stale_data groups=event:3,robot3.modules:11,robot3.position:3,robot3.telemetry:4 robots=1
ts=2026-09-15T04:13:57.699Z level=warning event=stale_data groups=event:3,robot3.telemetry:4 robots=1
ts=2026-09-15T04:13:58.199Z level=warning event=stale_data groups=event:3,robot3.modules:11,robot3.position:3,robot3.telemetry:4 robots=1
ts=2026-09-15T04:13:58.450Z level=warning event=stale_data groups=robot3.modules:11,robot3.position:3,robot3.telemetry:4 robots=1
ts=2026-09-15T04:13:59.199Z level=warning event=stale_data groups=event:3,robot3.modules:11,robot3.position:3 robots=1
ts=2026-09-15T04:13:59.699Z level=warning event=stale_data groups=event:3 robots=1
ts=2026-09-15T04:14:00.199Z level=warning event=stale_data groups=event:3,robot3.modules:11,robot3.position:3 robots=1
ts=2026-09-15T04:14:00.449Z level=warning event=stale_data groups=robot3.modules:11,robot3.position:3 robots=1
ts=2026-09-15T04:14:00.950Z level=warning event=stale_data groups=event:3 robots=1
ts=2026-09-15T04:14:01.199Z level=warning event=stale_data groups=event:3,robot3.modules:11,robot3.position:3 robots=1
ts=2026-09-15T04:14:01.699Z level=warning event=stale_data groups=event:3 robots=1
ts=2026-09-15T04:14:02.199Z level=warning event=stale_data groups=robot3.modules:11,robot3.position:3 robots=1
ts=2026-09-15T04:14:02.449Z level=warning event=stale_data groups=event:3,robot3.modules:11,robot3.position:3 robots=1
ts=2026-09-15T04:14:02.699Z level=warning event=stale_data groups=event:3 robots=1
ts=2026-09-15T04:14:03.198Z level=warning event=stale_data groups=robot3.modules:11,robot3.position:3 robots=1
ts=2026-09-15T04:14:03.699Z level=warning event=stale_data groups=event:3 robots=1
ts=2026-09-15T04:14:03.949Z level=warning event=stale_data groups=event:3,robot3.telemetry:4 robots=1
ts=2026-09-15T04:14:04.199Z level=warning event=stale_data groups=robot3.modules:11,robot3.position:3 robots=1
ts=2026-09-15T04:14:04.700Z level=warning event=stale_data groups=event:3 robots=1
ts=2026-09-15T04:14:05.200Z level=warning event=stale_data groups=robot3.modules:11,robot3.position:3 robots=1
ts=2026-09-15T04:14:05.450Z level=warning event=stale_data groups=event:3,robot3.modules:11,robot3.position:3 robots=1
ts=2026-09-15T04:14:05.700Z level=warning event=stale_data groups=event:3 robots=1
ts=2026-09-15T04:14:06.199Z level=warning event=stale_data groups=event:3,robot3.modules:11,robot3.position:3 robots=1
ts=2026-09-15T04:14:06.449Z level=warning event=stale_data groups=robot3.modules:11,robot3.position:3 robots=1
ts=2026-09-15T04:14:07.200Z level=warning event=stale_data groups=robot3.modules:11,robot3.position:3 robots=1
ts=2026-09-15T04:14:07.450Z level=warning event=stale_data groups=robot3.modules:11,robot3.position:3,robot3.telemetry:4 robots=1
ts=2026-09-15T04:14:07.699Z level=warning event=stale_data groups=event:3,robot3.telemetry:4 robots=1
ts=2026-09-15T04:14:08.199Z level=warning event=stale_data groups=robot3.modules:11,robot3.position:3 robots=1
ts=2026-09-15T04:14:08.699Z level=warning event=stale_data groups=event:3 robots=1
ts=2026-09-15T04:14:09.199Z level=warning event=stale_data groups=robot3.modules:11,robot3.position:3 robots=1
ts=2026-09-15T04:14:09.450Z level=warning event=stale_data groups=robot3.modules:11,robot3.position:3,robot3.telemetry:4 robots=1
ts=2026-09-15T04:14:09.699Z level=warning event=stale_data groups=robot3.telemetry:4 robots=1
ts=2026-09-15T04:14:10.199Z level=warning event=stale_data groups=event:3,robot3.modules:11,robot3.position:3,robot3.telemetry:4 robots=1
ts=2026-09-15T04:14:10.699Z level=warning event=stale_data groups=event:3,robot3.telemetry:4 robots=1
ts=2026-09-15T04:14:11.198Z level=warning event=stale_data groups=robot3.modules:11,robot3.position:3,robot3.telemetry:4 robots=1
ts=2026-09-15T04:14:11.450Z level=warning event=stale_data groups=robot3.modules:11,robot3.position:3 robots=1
ts=2026-09-15T04:14:11.950Z level=warning event=stale_data groups=event:3 robots=1
ts=2026-09-15T04:14:12.199Z level=warning event=stale_data groups=robot3.modules:11,robot3.position:3 robots=1
ts=2026-09-15T04:14:12.700Z level=warning event=stale_data groups=event:3 robots=1
ts=2026-09-15T04:14:13.199Z level=warning event=stale_data groups=robot3.modules:11,robot3.position:3 robots=1
ts=2026-09-15T04:14:13.449Z level=warning event=stale_data groups=robot3.modules:11,robot3.position:3,robot3.telemetry:4 robots=1
ts=2026-09-15T04:14:13.699Z level=warning event=stale_data groups=event:3,robot3.telemetry:4 robots=1
ts=2026-09-15T04:14:14.199Z level=warning event=stale_data groups=event:3,robot3.modules:11,robot3.position:3,robot3.telemetry:4 robots=1
ts=2026-09-15T04:14:14.449Z level=warning event=stale_data groups=robot3.modules:11,robot3.position:3,robot3.telemetry:4 robots=1
ts=2026-09-15T04:14:14.700Z level=warning event=stale_data groups=robot3.telemetry:4 robots=1
ts=2026-09-15T04:14:14.949Z level=warning event=stale_data groups=event:3,robot3.telemetry:4 robots=1
ts=2026-09-15T04:14:15.200Z level=warning event=stale_data groups=event:3,robot3.modules:11,robot3.position:3,robot3.telemetry:4 robots=1
ts=2026-09-15T04:14:15.698Z level=warning event=stale_data groups=robot3.telemetry:4 robots=1
ts=2026-09-15T04:14:16.199Z level=warning event=stale_data groups=event:3,robot3.modules:11,robot3.position:3,robot3.telemetry:4 robots=1
ts=2026-09-15T04:14:16.700Z level=warning event=stale_data groups=event:3,robot3.telemetry:4 robots=1
ts=2026-09-15T04:14:17.199Z level=warning event=stale_data groups=event:3,robot3.modules:11,robot3.position:3,robot3.telemetry:4 robots=1
ts=2026-09-15T04:14:17.450Z level=warning event=stale_data groups=robot3.modules:11,robot3.position:3,robot3.telemetry:4 robots=1
ts=2026-09-15T04:14:17.699Z level=warning event=stale_data groups=robot3.telemetry:4 robots=1
ts=2026-09-15T04:14:18.199Z level=warning event=stale_data groups=robot3.modules:11,robot3.position:3,robot3.telemetry:4 robots=1
ts=2026-09-15T04:14:18.699Z level=warning event=stale_data groups=robot3.telemetry:4 robots=1
ts=2026-09-15T04:14:19.200Z level=warning event=stale_data groups=event:3,robot3.modules:11,robot3.position:3,robot3.telemetry:4 robots=1
ts=2026-09-15T04:14:19.449Z level=warning event=stale_data groups=robot3.modules:11,robot3.position:3,robot3.telemetry:4 robots=1
ts=2026-09-15T04:14:19.700Z level=warning event=stale_data groups=robot3.telemetry:4 robots=1
ts=2026-09-15T04:14:19.949Z level=warning event=stale_data groups=event:3,robot3.telemetry:4 robots=1
ts=2026-09-15T04:14:20.199Z level=warning event=stale_data groups=robot3.modules:11,robot3.position:3 robots=1
ts=2026-09-15T04:14:20.699Z level=warning event=stale_data groups=event:3,robot3.telemetry:4 robots=1
ts=2026-09-15T04:14:21.199Z level=warning event=stale_data groups=event:3,robot3.modules:11,robot3.position:3,robot3.telemetry:4 robots=1
ts=2026-09-15T04:14:21.699Z level=warning event=stale_data groups=event:3,robot3.telemetry:4 robots=1
ts=2026-09-15T04:14:22.200Z level=warning event=stale_data groups=robot3.modules:11,robot3.position:3 robots=1
ts=2026-09-15T04:14:22.699Z level=warning event=stale_data groups=event:3 robots=1
ts=2026-09-15T04:14:23.199Z level=warning event=stale_data groups=event:3,robot3.modules:11,robot3.position:3 robots=1
ts=2026-09-15T04:14:23.949Z level=warning event=stale_data groups=robot3.telemetry:4 robots=1
ts=2026-09-15T04:14:24.200Z level=warning event=stale_data groups=event:3,robot3.modules:11,robot3.position:3,robot3.telemetry:4 robots=1
ts=2026-09-15T04:14:24.699Z level=warning event=stale_data groups=event:3,robot3.telemetry:4 robots=1
ts=2026-09-15T04:14:25.200Z level=warning event=stale_data groups=event:3,robot3.modules:11,robot3.position:3,robot3.telemetry:4 robots=1
ts=2026-09-15T04:14:25.699Z level=warning event=stale_data groups=robot3.telemetry:4 robots=1
ts=2026-09-15T04:14:25.699Z level=info event=ui_mode_switch from=Info to=Video reason=BlindAsserted blind_freshness=Fresh
ts=2026-09-15T04:14:26.200Z level=warning event=stale_data groups=event:3,robot3.modules:11,robot3.position:3,robot3.telemetry:4 robots=1
ts=2026-09-15T04:14:26.699Z level=warning event=stale_data groups=event:3,robot3.telemetry:4 robots=1
ts=2026-09-15T04:14:27.199Z level=warning event=stale_data groups=event:3,robot3.modules:11,robot3.position:3,robot3.telemetry:4 robots=1
ts=2026-09-15T04:14:27.699Z level=warning event=stale_data groups=robot3.telemetry:4 robots=1
ts=2026-09-15T04:14:28.200Z level=warning event=stale_data groups=robot3.modules:11,robot3.position:3 robots=1
ts=2026-09-15T04:14:28.700Z level=warning event=stale_data groups=event:3 robots=1
ts=2026-09-15T04:14:29.200Z level=warning event=stale_data groups=event:3,robot3.modules:11,robot3.position:3 robots=1
ts=2026-09-15T04:14:29.699Z level=warning event=stale_data groups=event:3 robots=1
ts=2026-09-15T04:14:30.198Z level=warning event=stale_data groups=robot3.modules:11,robot3.position:3 robots=1
ts=2026-09-15T04:14:30.450Z level=warning event=stale_data groups=event:3,robot3.modules:11,robot3.position:3 robots=1
ts=2026-09-15T04:14:30.699Z level=warning event=stale_data groups=event:3,robot3.telemetry:4 robots=1
ts=2026-09-15T04:14:41.890Z level=info event=startup mode=terminal platform=macOS mqtt_host=127.0.0.1 mqtt_port=3333 udp_port=3334 stale_window_ms=500
ts=2026-09-15T04:14:43.002Z level=warning event=stale_data groups=event:3 robots=1
ts=2026-09-15T04:14:43.240Z level=warning event=stale_data groups=robot3.modules:11,robot3.position:3 robots=1
ts=2026-09-15T04:14:43.717Z level=warning event=stale_data groups=event:3 robots=1
ts=2026-09-15T04:14:44.199Z level=warning event=stale_data groups=event:3,robot3.modules:11,robot3.position:3 robots=1
ts=2026-09-15T04:14:44.699Z level=warning event=stale_data groups=event:3 robots=1
ts=2026-09-15T04:14:45.199Z level=warning event=stale_data groups=event:3,robot3.modules:11,robot3.position:3,robot3.telemetry:4 robots=1
ts=2026-09-15T04:14:46.199Z level=warning event=stale_data groups=event:3,robot3.modules:11,robot3.position:3 robots=1
ts=2026-09-15T04:14:46.699Z level=warning event=stale_data groups=event:3 robots=1
ts=2026-09-15T04:14:47.200Z level=warning event=stale_data groups=robot3.modules:11,robot3.position:3 robots=1
ts=2026-09-15T04:14:48.199Z level=warning event=stale_data groups=event:3,robot3.modules:11,robot3.position:3,robot3.telemetry:4 robots=1
ts=2026-09-15T04:14:48.699Z level=warning event=stale_data groups=event:3,robot3.telemetry:4 robots=1
ts=2026-09-15T04:14:49.199Z level=warning event=stale_data groups=event:3,robot3.modules:11,robot3.position:3,robot3.telemetry:4 robots=1
ts=2026-09-15T04:14:49.700Z level=warning event=stale_data groups=robot3.telemetry:4 robots=1
ts=2026-09-15T04:14:50.199Z level=warning event=stale_data groups=robot3.modules:11,robot3.position:3 robots=1
ts=2026-09-15T04:14:50.700Z level=warning event=stale_data groups=event:3,robot3.telemetry:4 robots=1
ts=2026-09-15T04:14:50.949Z level=warning event=stale_data groups=robot3.telemetry:4 robots=1
ts=2026-09-15T04:14:51.199Z level=warning event=stale_data groups=robot3.modules:11,robot3.position:3,robot3.telemetry:4 robots=1
ts=2026-09-15T04:14:51.449Z level=warning event=stale_data groups=event:3,robot3.modules:11,robot3.position:3,robot3.telemetry:4 robots=1
ts=2026-09-15T04:14:51.699Z level=warning event=stale_data groups=event:3,robot3.telemetry:4 robots=1
ts=2026-09-15T04:14:52.200Z level=warning event=stale_data groups=event:3,robot3.modules:11,robot3.position:3,robot3.telemetry:4 robots=1
ts=2026-09-15T04:14:53.199Z level=warning event=stale_data groups=robot3.modules:11,robot3.position:3 robots=1
ts=2026-09-15T04:14:53.449Z level=warning event=stale_data groups=event:3,robot3.modules:11,robot3.position:3 robots=1
ts=2026-09-15T04:14:53.700Z level=warning event=stale_data groups=event:3 robots=1
ts=2026-09-15T04:14:54.199Z level=warning event=stale_data groups=robot3.modules:11,robot3.position:3 robots=1
ts=2026-09-15T04:14:54.699Z level=warning event=stale_data groups=event:3,robot3.telemetry:4 robots=1
ts=2026-09-15T04:14:54.949Z level=warning event=stale_data groups=robot3.telemetry:4 robots=1
ts=2026-09-15T04:14:55.199Z level=warning event=stale_data groups=robot3.modules:11,robot3.position:3,robot3.telemetry:4 robots=1
ts=2026-09-15T04:14:55.450Z level=warning event=stale_data groups=event:3,robot3.modules:11,robot3.position:3,robot3.telemetry:4 robots=1
ts=2026-09-15T04:14:55.699Z level=warning event=stale_data groups=event:3,robot3.telemetry:4 robots=1
ts=2026-09-15T04:14:56.200Z level=warning event=stale_data groups=event:3,robot3.modules:11,robot3.position:3,robot3.telemetry:4 robots=1
ts=2026-09-15T04:14:56.450Z level=warning event=stale_data groups=robot3.modules:11,robot3.position:3,robot3.telemetry:4 robots=1
ts=2026-09-15T04:14:56.699Z level=warning event=stale_data groups=robot3.telemetry:4 robots=1
ts=2026-09-15T04:14:56.950Z level=warning event=stale_data groups=event:3,robot3.telemetry:4 robots=1
ts=2026-09-15T04:14:57.200Z level=warning event=stale_data groups=event:3,robot3.modules:11,robot3.position:3,robot3.telemetry:4 robots=1
ts=2026-09-15T04:14:57.699Z level=warning event=stale_data groups=event:3,robot3.telemetry:4 robots=1
ts=2026-09-15T04:14:58.200Z level=warning event=stale_data groups=event:3,robot3.modules:11,robot3.position:3,robot3.telemetry:4 robots=1
ts=2026-09-15T04:14:58.700Z level=warning event=stale_data groups=event:3,robot3.telemetry:4 robots=1
ts=2026-09-15T04:14:59.200Z level=warning event=stale_data groups=event:3,robot3.modules:11,robot3.position:3,robot3.telemetry:4 robots=1
ts=2026-09-15T04:14:59.699Z level=warning event=stale_data groups=event:3,robot3.telemetry:4 robots=1
ts=2026-09-15T04:15:00.199Z level=warning event=stale_data groups=event:3,robot3.modules:11,robot3.position:3,robot3.telemetry:4 robots=1
ts=2026-09-15T04:15:00.450Z level=warning event=stale_data groups=robot3.modules:11,robot3.position:3,robot3.telemetry:4 robots=1
ts=2026-09-15T04:15:00.700Z level=warning event=stale_data groups=robot3.telemetry:4 robots=1
ts=2026-09-15T04:15:01.199Z level=warning event=stale_data groups=robot3.modules:11,robot3.position:3,robot3.telemetry:4 robots=1
ts=2026-09-15T04:15:01.698Z level=warning event=stale_data groups=robot3.telemetry:4 robots=1
ts=2026-09-15T04:15:01.950Z level=warning event=stale_data groups=event:3,robot3.telemetry:4 robots=1
ts=2026-09-15T04:15:02.199Z level=warning event=stale_data groups=robot3.modules:11,robot3.position:3,robot3.telemetry:4 robots=1
ts=2026-09-15T04:15:02.699Z level=warning event=stale_data groups=event:3,robot3.telemetry:4 robots=1
ts=2026-09-15T04:15:03.200Z level=warning event=stale_data groups=event:3,robot3.modules:11,robot3.position:3,robot3.telemetry:4 robots=1
ts=2026-09-15T04:15:03.699Z level=warning event=stale_data groups=event:3,robot3.telemetry:4 robots=1
ts=2026-09-15T04:15:04.200Z level=warning event=stale_data groups=robot3.modules:11,robot3.position:3 robots=1
ts=2026-09-15T04:15:04.450Z level=warning event=stale_data groups=event:3,robot3.modules:11,robot3.position:3 robots=1
ts=2026-09-15T04:15:05.200Z level=warning event=stale_data groups=event:3,robot3.modules:11,robot3.position:3 robots=1
ts=2026-09-15T04:15:05.450Z level=warning event=stale_data groups=event:3,robot3.modules:11,robot3.position:3,robot3.telemetry:4 robots=1
ts=2026-09-15T04:15:05.698Z level=warning event=stale_data groups=event:3,robot3.telemetry:4 robots=1
ts=2026-09-15T04:15:05.950Z level=warning event=stale_data groups=robot3.telemetry:4 robots=1
ts=2026-09-15T04:15:06.200Z level=warning event=stale_data groups=robot3.modules:11,robot3.position:3,robot3.telemetry:4 robots=1
ts=2026-09-15T04:15:06.449Z level=warning event=stale_data groups=event:3,robot3.modules:11,robot3.position:3,robot3.telemetry:4 robots=1
ts=2026-09-15T04:15:07.199Z level=warning event=stale_data groups=event:3,robot3.modules:11,robot3.position:3 robots=1
ts=2026-09-15T04:15:08.199Z level=warning event=stale_data groups=event:3,robot3.modules:11,robot3.position:3,robot3.telemetry:4 robots=1
ts=2026-09-15T04:15:08.699Z level=warning event=stale_data groups=event:3,robot3.telemetry:4 robots=1
ts=2026-09-15T04:15:09.199Z level=warning event=stale_data groups=robot3.modules:11,robot3.position:3,robot3.telemetry:4 robots=1
ts=2026-09-15T04:15:10.199Z level=warning event=stale_data groups=event:3,robot3.modules:11,robot3.position:3 robots=1
ts=2026-09-15T04:15:10.699Z level=warning event=stale_data groups=event:3,robot3.telemetry:4 robots=1
ts=2026-09-15T04:15:11.199Z level=warning event=stale_data groups=event:3,robot3.modules:11,robot3.position:3 robots=1
ts=2026-09-15T04:15:11.449Z level=warning event=stale_data groups=robot3.modules:11,robot3.position:3 robots=1
ts=2026-09-15T04:15:11.950Z level=warning event=stale_data groups=event:3,robot3.telemetry:4 robots=1
ts=2026-09-15T04:15:12.199Z level=warning event=stale_data groups=event:3,robot3.modules:11,robot3.position:3,robot3.telemetry:4 robots=1
ts=2026-09-15T04:15:12.699Z level=warning event=stale_data groups=event:3,robot3.telemetry:4 robots=1
ts=2026-09-15T04:15:13.199Z level=warning event=stale_data groups=robot3.modules:11,robot3.position:3 robots=1
ts=2026-09-15T04:15:13.449Z level=warning event=stale_data groups=event:3,robot3.modules:11,robot3.position:3 robots=1
ts=2026-09-15T04:15:14.199Z level=warning event=stale_data groups=robot3.modules:11,robot3.position:3 robots=1
ts=2026-09-15T04:15:14.949Z level=warning event=stale_data groups=event:3 robots=1
ts=2026-09-15T04:15:15.199Z level=warning event=stale_data groups=event:3,robot3.modules:11,robot3.position:3 robots=1
ts=2026-09-15T04:15:15.699Z level=warning event=stale_data groups=event:3 robots=1
ts=2026-09-15T04:15:16.200Z level=warning event=stale_data groups=event:3,robot3.modules:11,robot3.position:3,robot3.telemetry:4 robots=1
ts=2026-09-15T04:15:16.449Z level=warning event=stale_data groups=robot3.modules:11,robot3.position:3 robots=1
ts=2026-09-15T04:15:17.199Z level=warning event=stale_data groups=robot3.modules:11,robot3.position:3 robots=1
ts=2026-09-15T04:15:17.449Z level=warning event=stale_data groups=event:3,robot3.modules:11,robot3.position:3 robots=1
ts=2026-09-15T04:15:17.699Z level=warning event=stale_data groups=event:3 robots=1
ts=2026-09-15T04:15:18.200Z level=warning event=stale_data groups=robot3.modules:11,robot3.position:3 robots=1
ts=2026-09-15T04:15:18.448Z level=warning event=stale_data groups=event:3,robot3.modules:11,robot3.position:3 robots=1
ts=2026-09-15T04:15:18.950Z level=warning event=stale_data groups=robot3.telemetry:4 robots=1
ts=2026-09-15T04:15:19.200Z level=warning event=stale_data groups=event:3,robot3.modules:11,robot3.position:3,robot3.telemetry:4 robots=1
ts=2026-09-15T04:15:19.449Z level=warning event=stale_data groups=robot3.modules:11,robot3.position:3,robot3.telemetry:4 robots=1
ts=2026-09-15T04:15:20.199Z level=warning event=stale_data groups=robot3.modules:11,robot3.position:3 robots=1
ts=2026-09-15T04:15:20.450Z level=warning event=stale_data groups=event:3,robot3.modules:11,robot3.position:3,robot3.telemetry:4 robots=1
ts=2026-09-15T04:15:20.700Z level=warning event=stale_data groups=event:3,robot3.telemetry:4 robots=1
ts=2026-09-15T04:15:21.199Z level=warning event=stale_data groups=event:3,robot3.modules:11,robot3.position:3,robot3.telemetry:4 robots=1
ts=2026-09-15T04:15:21.449Z level=warning event=stale_data groups=robot3.modules:11,robot3.position:3 robots=1
ts=2026-09-15T04:15:21.950Z level=warning event=stale_data groups=event:3 robots=1
ts=2026-09-15T04:15:22.200Z level=warning event=stale_data groups=robot3.modules:11,robot3.position:3 robots=1
ts=2026-09-15T04:15:22.450Z level=warning event=stale_data groups=robot3.modules:11,robot3.position:3,robot3.telemetry:4 robots=1
ts=2026-09-15T04:15:22.474Z level=info event=shutdown mode=terminal exit=0
ts=2026-09-15T05:00:55.381Z level=info event=startup mode=terminal platform=macOS mqtt_host=127.0.0.1 mqtt_port=3333 udp_port=3334 stale_window_ms=500
ts=2026-09-15T05:00:56.588Z level=warning event=stale_data groups=robot3.modules:11,robot3.position:3 robots=1
ts=2026-09-15T05:00:56.850Z level=warning event=stale_data groups=event:3,robot3.modules:11,robot3.position:3 robots=1
ts=2026-09-15T05:00:57.111Z level=warning event=stale_data groups=event:3 robots=1
ts=2026-09-15T05:00:57.623Z level=warning event=stale_data groups=robot3.modules:11,robot3.position:3 robots=1
ts=2026-09-15T05:00:58.123Z level=warning event=stale_data groups=event:3 robots=1
ts=2026-09-15T05:00:58.622Z level=warning event=stale_data groups=event:3,robot3.modules:11,robot3.position:3 robots=1
ts=2026-09-15T05:00:58.873Z level=warning event=stale_data groups=event:3,robot3.modules:11,robot3.position:3,robot3.telemetry:4 robots=1
ts=2026-09-15T05:00:59.122Z level=warning event=stale_data groups=event:3,robot3.telemetry:4 robots=1
ts=2026-09-15T05:00:59.623Z level=warning event=stale_data groups=robot3.modules:11,robot3.position:3,robot3.telemetry:4 robots=1
ts=2026-09-15T05:00:59.873Z level=warning event=stale_data groups=robot3.modules:11,robot3.position:3 robots=1
ts=2026-09-15T05:01:00.373Z level=warning event=stale_data groups=event:3 robots=1
ts=2026-09-15T05:01:00.622Z level=warning event=stale_data groups=robot3.modules:11,robot3.position:3 robots=1
ts=2026-09-15T05:01:01.623Z level=warning event=stale_data groups=event:3,robot3.modules:11,robot3.position:3,robot3.telemetry:4 robots=1
ts=2026-09-15T05:01:02.122Z level=warning event=stale_data groups=event:3,robot3.telemetry:4 robots=1
ts=2026-09-15T05:01:02.622Z level=warning event=stale_data groups=event:3,robot3.modules:11,robot3.position:3,robot3.telemetry:4 robots=1
ts=2026-09-15T05:01:03.122Z level=warning event=stale_data groups=robot3.telemetry:4 robots=1
ts=2026-09-15T05:01:03.623Z level=warning event=stale_data groups=event:3,robot3.modules:11,robot3.position:3,robot3.telemetry:4 robots=1
ts=2026-09-15T05:01:04.122Z level=warning event=stale_data groups=robot3.telemetry:4 robots=1
ts=2026-09-15T05:01:04.623Z level=warning event=stale_data groups=robot3.modules:11,robot3.position:3 robots=1
ts=2026-09-15T05:01:05.373Z level=warning event=stale_data groups=event:3,robot3.telemetry:4 robots=1
ts=2026-09-15T05:01:05.623Z level=warning event=stale_data groups=event:3,robot3.modules:11,robot3.position:3,robot3.telemetry:4 robots=1
ts=2026-09-15T05:01:06.121Z level=warning event=stale_data groups=event:3,robot3.telemetry:4 robots=1
ts=2026-09-15T05:01:06.623Z level=warning event=stale_data groups=robot3.modules:11,robot3.position:3 robots=1
ts=2026-09-15T05:01:07.621Z level=warning event=stale_data groups=robot3.modules:11,robot3.position:3,robot3.telemetry:4 robots=1
ts=2026-09-15T05:01:07.872Z level=warning event=stale_data groups=event:3,robot3.modules:11,robot3.position:3,robot3.telemetry:4 robots=1
ts=2026-09-15T05:01:08.123Z level=warning event=stale_data groups=event:3,robot3.telemetry:4 robots=1
ts=2026-09-15T05:01:08.623Z level=warning event=stale_data groups=event:3,robot3.modules:11,robot3.position:3,robot3.telemetry:4 robots=1
ts=2026-09-15T05:01:09.123Z level=warning event=stale_data groups=event:3,robot3.telemetry:4 robots=1
ts=2026-09-15T05:01:09.623Z level=warning event=stale_data groups=event:3,robot3.modules:11,robot3.position:3,robot3.telemetry:4 robots=1
ts=2026-09-15T05:01:10.121Z level=warning event=stale_data groups=event:3,robot3.telemetry:4 robots=1
ts=2026-09-15T05:01:10.373Z level=warning event=stale_data groups=robot3.telemetry:4 robots=1
ts=2026-09-15T05:01:10.622Z level=warning event=stale_data groups=robot3.modules:11,robot3.position:3,robot3.telemetry:4 robots=1
ts=2026-09-15T05:01:10.872Z level=warning event=stale_data groups=event:3,robot3.modules:11,robot3.position:3,robot3.telemetry:4 robots=1
ts=2026-09-15T05:01:11.623Z level=warning event=stale_data groups=event:3,robot3.modules:11,robot3.position:3 robots=1
ts=2026-09-15T05:01:12.123Z level=warning event=stale_data groups=event:3 robots=1
ts=2026-09-15T05:01:12.622Z level=warning event=stale_data groups=robot3.modules:11,robot3.position:3 robots=1
ts=2026-09-15T05:01:13.122Z level=warning event=stale_data groups=robot3.telemetry:4 robots=1
ts=2026-09-15T05:01:13.372Z level=warning event=stale_data groups=event:3,robot3.telemetry:4 robots=1
ts=2026-09-15T05:01:13.622Z level=warning event=stale_data groups=event:3,robot3.modules:11,robot3.position:3,robot3.telemetry:4 robots=1
ts=2026-09-15T05:01:13.873Z level=warning event=stale_data groups=robot3.modules:11,robot3.position:3,robot3.telemetry:4 robots=1
ts=2026-09-15T05:01:14.121Z level=warning event=stale_data groups=robot3.telemetry:4 robots=1
ts=2026-09-15T05:01:14.373Z level=warning event=stale_data groups=event:3,robot3.telemetry:4 robots=1
ts=2026-09-15T05:01:14.622Z level=warning event=stale_data groups=robot3.modules:11,robot3.position:3,robot3.telemetry:4 robots=1
ts=2026-09-15T05:01:15.122Z level=warning event=stale_data groups=event:3,robot3.telemetry:4 robots=1
ts=2026-09-15T05:01:15.623Z level=warning event=stale_data groups=event:3,robot3.modules:11,robot3.position:3,robot3.telemetry:4 robots=1
ts=2026-09-15T05:01:16.121Z level=warning event=stale_data groups=robot3.telemetry:4 robots=1
ts=2026-09-15T05:01:16.622Z level=warning event=stale_data groups=event:3,robot3.modules:11,robot3.position:3,robot3.telemetry:4 robots=1
ts=2026-09-15T05:01:17.123Z level=warning event=stale_data groups=event:3,robot3.telemetry:4 robots=1
ts=2026-09-15T05:01:17.622Z level=warning event=stale_data groups=event:3,robot3.modules:11,robot3.position:3,robot3.telemetry:4 robots=1
ts=2026-09-15T05:01:18.123Z level=warning event=stale_data groups=event:3,robot3.telemetry:4 robots=1
ts=2026-09-15T05:01:18.623Z level=warning event=stale_data groups=event:3,robot3.modules:11,robot3.position:3,robot3.telemetry:4 robots=1
ts=2026-09-15T05:01:19.122Z level=warning event=stale_data groups=robot3.telemetry:4 robots=1
ts=2026-09-15T05:01:19.623Z level=warning event=stale_data groups=event:3,robot3.modules:11,robot3.position:3,robot3.telemetry:4 robots=1
ts=2026-09-15T05:01:19.872Z level=warning event=stale_data groups=robot3.modules:11,robot3.position:3,robot3.telemetry:4 robots=1
ts=2026-09-15T05:01:20.122Z level=warning event=stale_data groups=robot3.telemetry:4 robots=1
ts=2026-09-15T05:01:20.373Z level=warning event=stale_data groups=event:3,robot3.telemetry:4 robots=1
ts=2026-09-15T05:01:20.622Z level=warning event=stale_data groups=event:3,robot3.modules:11,robot3.position:3,robot3.telemetry:4 robots=1
ts=2026-09-15T05:01:21.123Z level=warning event=stale_data groups=event:3,robot3.telemetry:4 robots=1
ts=2026-09-15T05:01:21.622Z level=warning event=stale_data groups=event:3,robot3.modules:11,robot3.position:3,robot3.telemetry:4 robots=1
ts=2026-09-15T05:01:22.122Z level=warning event=stale_data groups=event:3,robot3.telemetry:4 robots=1
ts=2026-09-15T05:01:22.621Z level=warning event=stale_data groups=event:3,robot3.modules:11,robot3.position:3,robot3.telemetry:4 robots=1
ts=2026-09-15T05:01:23.123Z level=warning event=stale_data groups=event:3,robot3.telemetry:4 robots=1
ts=2026-09-15T05:01:23.622Z level=warning event=stale_data groups=event:3,robot3.modules:11,robot3.position:3,robot3.telemetry:4 robots=1
ts=2026-09-15T05:01:24.121Z level=warning event=stale_data groups=event:3,robot3.telemetry:4 robots=1
ts=2026-09-15T05:01:24.622Z level=warning event=stale_data groups=robot3.modules:11,robot3.position:3,robot3.telemetry:4 robots=1
ts=2026-09-15T05:01:25.122Z level=warning event=stale_data groups=robot3.telemetry:4 robots=1
ts=2026-09-15T05:01:25.622Z level=warning event=stale_data groups=robot3.modules:11,robot3.position:3,robot3.telemetry:4 robots=1
ts=2026-09-15T05:01:26.122Z level=warning event=stale_data groups=event:3,robot3.telemetry:4 robots=1
ts=2026-09-15T05:01:26.622Z level=warning event=stale_data groups=robot3.modules:11,robot3.position:3,robot3.telemetry:4 robots=1
ts=2026-09-15T05:01:27.123Z level=warning event=stale_data groups=event:3,robot3.telemetry:4 robots=1
ts=2026-09-15T05:01:27.623Z level=warning event=stale_data groups=event:3,robot3.modules:11,robot3.position:3,robot3.telemetry:4 robots=1
ts=2026-09-15T05:01:27.871Z level=warning event=stale_data groups=robot3.modules:11,robot3.position:3,robot3.telemetry:4 robots=1
ts=2026-09-15T05:01:28.122Z level=warning event=stale_data groups=robot3.telemetry:4 robots=1
ts=2026-09-15T05:01:28.622Z level=warning event=stale_data groups=robot3.modules:11,robot3.position:3,robot3.telemetry:4 robots=1
ts=2026-09-15T05:01:28.873Z level=warning event=stale_data groups=event:3,robot3.modules:11,robot3.position:3,robot3.telemetry:4 robots=1
ts=2026-09-15T05:01:29.122Z level=warning event=stale_data groups=event:3,robot3.telemetry:4 robots=1
ts=2026-09-15T05:01:29.622Z level=warning event=stale_data groups=event:3,robot3.modules:11,robot3.position:3,robot3.telemetry:4 robots=1
ts=2026-09-15T05:01:30.123Z level=warning event=stale_data groups=event:3,robot3.telemetry:4 robots=1
ts=2026-09-15T05:01:30.622Z level=warning event=stale_data groups=event:3,robot3.modules:11,robot3.position:3,robot3.telemetry:4 robots=1
ts=2026-09-15T05:01:31.122Z level=warning event=stale_data groups=event:3,robot3.telemetry:4 robots=1
ts=2026-09-15T05:01:31.622Z level=warning event=stale_data groups=event:3,robot3.modules:11,robot3.position:3,robot3.telemetry:4 robots=1
ts=2026-09-15T05:01:32.123Z level=warning event=stale_data groups=event:3,robot3.telemetry:4 robots=1
ts=2026-09-15T05:01:32.373Z level=warning event=stale_data groups=robot3.telemetry:4 robots=1
ts=2026-09-15T05:01:32.622Z level=warning event=stale_data groups=robot3.modules:11,robot3.position:3,robot3.telemetry:4 robots=1
ts=2026-09-15T05:01:33.122Z level=warning event=stale_data groups=event:3,robot3.telemetry:4 robots=1
ts=2026-09-15T05:01:33.372Z level=warning event=stale_data groups=robot3.telemetry:4 robots=1
ts=2026-09-15T05:01:33.623Z level=warning event=stale_data groups=robot3.modules:11,robot3.position:3,robot3.telemetry:4 robots=1
ts=2026-09-15T05:01:33.872Z level=warning event=stale_data groups=robot3.modules:11,robot3.position:3 robots=1
ts=2026-09-15T05:01:34.623Z level=warning event=stale_data groups=event:3,robot3.modules:11,robot3.position:3 robots=1
ts=2026-09-15T05:01:35.623Z level=warning event=stale_data groups=robot3.modules:11,robot3.position:3 robots=1
ts=2026-09-15T05:01:36.622Z level=warning event=stale_data groups=robot3.modules:11,robot3.position:3 robots=1
ts=2026-09-15T05:01:36.872Z level=warning event=stale_data groups=event:3,robot3.modules:11,robot3.position:3 robots=1
ts=2026-09-15T05:01:37.122Z level=warning event=stale_data groups=event:3,robot3.telemetry:4 robots=1
ts=2026-09-15T05:01:37.622Z level=warning event=stale_data groups=event:3,robot3.modules:11,robot3.position:3,robot3.telemetry:4 robots=1
ts=2026-09-15T05:01:38.122Z level=warning event=stale_data groups=event:3,robot3.telemetry:4 robots=1
ts=2026-09-15T05:01:38.622Z level=warning event=stale_data groups=robot3.modules:11,robot3.position:3,robot3.telemetry:4 robots=1
ts=2026-09-15T05:01:39.122Z level=warning event=stale_data groups=event:3,robot3.telemetry:4 robots=1
ts=2026-09-15T05:01:39.622Z level=warning event=stale_data groups=event:3,robot3.modules:11,robot3.position:3,robot3.telemetry:4 robots=1
ts=2026-09-15T05:01:40.122Z level=warning event=stale_data groups=event:3,robot3.telemetry:4 robots=1
ts=2026-09-15T05:01:40.622Z level=warning event=stale_data groups=robot3.modules:11,robot3.position:3 robots=1
ts=2026-09-15T05:01:40.873Z level=warning event=stale_data groups=event:3,robot3.modules:11,robot3.position:3 robots=1
ts=2026-09-15T05:01:41.123Z level=warning event=stale_data groups=event:3 robots=1
ts=2026-09-15T05:01:41.623Z level=warning event=stale_data groups=event:3,robot3.modules:11,robot3.position:3 robots=1
ts=2026-09-15T05:01:41.872Z level=warning event=stale_data groups=robot3.modules:11,robot3.position:3 robots=1
ts=2026-09-15T05:01:42.372Z level=warning event=stale_data groups=event:3 robots=1
ts=2026-09-15T05:01:42.622Z level=warning event=stale_data groups=event:3,robot3.modules:11,robot3.position:3,robot3.telemetry:4 robots=1
ts=2026-09-15T05:01:43.122Z level=warning event=stale_data groups=event:3,robot3.telemetry:4 robots=1
ts=2026-09-15T05:01:43.623Z level=warning event=stale_data groups=event:3,robot3.modules:11,robot3.position:3,robot3.telemetry:4 robots=1
ts=2026-09-15T05:01:43.872Z level=warning event=stale_data groups=robot3.modules:11,robot3.position:3 robots=1
ts=2026-09-15T05:01:44.122Z level=info event=ui_mode_switch from=Info to=Video reason=BlindAsserted blind_freshness=Fresh
ts=2026-09-15T05:01:44.622Z level=warning event=stale_data groups=robot3.modules:11,robot3.position:3 robots=1
ts=2026-09-15T05:01:44.872Z level=warning event=stale_data groups=event:3,robot3.modules:11,robot3.position:3 robots=1
ts=2026-09-15T05:01:45.622Z level=warning event=stale_data groups=event:3,robot3.modules:11,robot3.position:3,robot3.telemetry:4 robots=1
ts=2026-09-15T05:01:46.122Z level=warning event=stale_data groups=robot3.telemetry:4 robots=1
ts=2026-09-15T05:01:46.621Z level=warning event=stale_data groups=robot3.modules:11,robot3.position:3 robots=1
ts=2026-09-15T05:01:47.123Z level=warning event=stale_data groups=event:3,robot3.telemetry:4 robots=1
ts=2026-09-15T05:01:47.623Z level=warning event=stale_data groups=robot3.modules:11,robot3.position:3,robot3.telemetry:4 robots=1
ts=2026-09-15T05:01:47.945Z level=info event=shutdown mode=terminal exit=0
